---------------------------------------
Begin Slurm Prolog: Mar-30-2026 14:40:28
Job ID:    4556687
User ID:   acheng324
Account:   coc
Job name:  soccerstwos
Partition: pace-cpu
QOS:       coe-ice
---------------------------------------
/var/lib/slurm/slurmd/job4556687/slurm_script: line 18: /home/hice1/acheng324/miniconda3/etc/profile.d/conda.sh: No such file or directory

CondaError: Run 'conda init' before 'conda activate'

/home/hice1/acheng324/scratch/conda_envs/soccertwos/lib/python3.8/site-packages/ray/autoscaler/_private/cli_logger.py:57: FutureWarning: Not all Ray CLI dependencies were found. In Ray 1.4+, the Ray CLI, autoscaler, and dashboard will only be usable via `pip install 'ray[default]'`. Please update your install command.
  warnings.warn(
WARNING: All log messages before absl::InitializeLog() is called are written to STDERR
I0000 00:00:1774896035.392146  658744 fork_posix.cc:75] Other threads are currently calling into gRPC, skipping fork() handlers
[INFO] Connected to Unity environment with package version 2.1.0-exp.1 and communication version 1.5.0
INFO:mlagents_envs.environment:Connected to Unity environment with package version 2.1.0-exp.1 and communication version 1.5.0
[INFO] Connected new brain: SoccerTwos?team=1
INFO:mlagents_envs.environment:Connected new brain: SoccerTwos?team=1
[INFO] Connected new brain: SoccerTwos?team=0
INFO:mlagents_envs.environment:Connected new brain: SoccerTwos?team=0
[2m[33m(raylet)[0m /home/hice1/acheng324/scratch/conda_envs/soccertwos/lib/python3.8/site-packages/ray/autoscaler/_private/cli_logger.py:57: FutureWarning: Not all Ray CLI dependencies were found. In Ray 1.4+, the Ray CLI, autoscaler, and dashboard will only be usable via `pip install 'ray[default]'`. Please update your install command.
[2m[33m(raylet)[0m   warnings.warn(
2026-03-30 14:40:38,016	WARNING worker.py:1114 -- The agent on node atl1-1-02-010-1-1.pace.gatech.edu failed with the following error:
Traceback (most recent call last):
  File "/home/hice1/acheng324/scratch/conda_envs/soccertwos/lib/python3.8/site-packages/ray/new_dashboard/agent.py", line 326, in <module>
    loop.run_until_complete(agent.run())
  File "/home/hice1/acheng324/scratch/conda_envs/soccertwos/lib/python3.8/asyncio/base_events.py", line 616, in run_until_complete
    return future.result()
  File "/home/hice1/acheng324/scratch/conda_envs/soccertwos/lib/python3.8/site-packages/ray/new_dashboard/agent.py", line 138, in run
    modules = self._load_modules()
  File "/home/hice1/acheng324/scratch/conda_envs/soccertwos/lib/python3.8/site-packages/ray/new_dashboard/agent.py", line 92, in _load_modules
    c = cls(self)
  File "/home/hice1/acheng324/scratch/conda_envs/soccertwos/lib/python3.8/site-packages/ray/new_dashboard/modules/reporter/reporter_agent.py", line 148, in __init__
    self._metrics_agent = MetricsAgent(dashboard_agent.metrics_export_port)
  File "/home/hice1/acheng324/scratch/conda_envs/soccertwos/lib/python3.8/site-packages/ray/_private/metrics_agent.py", line 75, in __init__
    prometheus_exporter.new_stats_exporter(
  File "/home/hice1/acheng324/scratch/conda_envs/soccertwos/lib/python3.8/site-packages/ray/_private/prometheus_exporter.py", line 333, in new_stats_exporter
    exporter = PrometheusStatsExporter(
  File "/home/hice1/acheng324/scratch/conda_envs/soccertwos/lib/python3.8/site-packages/ray/_private/prometheus_exporter.py", line 266, in __init__
    self.serve_http()
  File "/home/hice1/acheng324/scratch/conda_envs/soccertwos/lib/python3.8/site-packages/ray/_private/prometheus_exporter.py", line 320, in serve_http
    start_http_server(
  File "/home/hice1/acheng324/scratch/conda_envs/soccertwos/lib/python3.8/site-packages/prometheus_client/exposition.py", line 231, in start_wsgi_server
    TmpServer.address_family, addr = _get_best_family(addr, port)
  File "/home/hice1/acheng324/scratch/conda_envs/soccertwos/lib/python3.8/site-packages/prometheus_client/exposition.py", line 169, in _get_best_family
    infos = socket.getaddrinfo(address, port, type=socket.SOCK_STREAM, flags=socket.AI_PASSIVE)
  File "/home/hice1/acheng324/scratch/conda_envs/soccertwos/lib/python3.8/socket.py", line 930, in getaddrinfo
    for res in _socket.getaddrinfo(host, port, family, type, proto, flags):
socket.gaierror: [Errno -2] Name or service not known

[2m[33m(raylet)[0m Traceback (most recent call last):
[2m[33m(raylet)[0m   File "/home/hice1/acheng324/scratch/conda_envs/soccertwos/lib/python3.8/site-packages/ray/new_dashboard/agent.py", line 338, in <module>
[2m[33m(raylet)[0m     raise e
[2m[33m(raylet)[0m   File "/home/hice1/acheng324/scratch/conda_envs/soccertwos/lib/python3.8/site-packages/ray/new_dashboard/agent.py", line 326, in <module>
[2m[33m(raylet)[0m     loop.run_until_complete(agent.run())
[2m[33m(raylet)[0m   File "/home/hice1/acheng324/scratch/conda_envs/soccertwos/lib/python3.8/asyncio/base_events.py", line 616, in run_until_complete
[2m[33m(raylet)[0m     return future.result()
[2m[33m(raylet)[0m   File "/home/hice1/acheng324/scratch/conda_envs/soccertwos/lib/python3.8/site-packages/ray/new_dashboard/agent.py", line 138, in run
[2m[33m(raylet)[0m     modules = self._load_modules()
[2m[33m(raylet)[0m   File "/home/hice1/acheng324/scratch/conda_envs/soccertwos/lib/python3.8/site-packages/ray/new_dashboard/agent.py", line 92, in _load_modules
[2m[33m(raylet)[0m     c = cls(self)
[2m[33m(raylet)[0m   File "/home/hice1/acheng324/scratch/conda_envs/soccertwos/lib/python3.8/site-packages/ray/new_dashboard/modules/reporter/reporter_agent.py", line 148, in __init__
[2m[33m(raylet)[0m     self._metrics_agent = MetricsAgent(dashboard_agent.metrics_export_port)
[2m[33m(raylet)[0m   File "/home/hice1/acheng324/scratch/conda_envs/soccertwos/lib/python3.8/site-packages/ray/_private/metrics_agent.py", line 75, in __init__
[2m[33m(raylet)[0m     prometheus_exporter.new_stats_exporter(
[2m[33m(raylet)[0m   File "/home/hice1/acheng324/scratch/conda_envs/soccertwos/lib/python3.8/site-packages/ray/_private/prometheus_exporter.py", line 333, in new_stats_exporter
[2m[33m(raylet)[0m     exporter = PrometheusStatsExporter(
[2m[33m(raylet)[0m   File "/home/hice1/acheng324/scratch/conda_envs/soccertwos/lib/python3.8/site-packages/ray/_private/prometheus_exporter.py", line 266, in __init__
[2m[33m(raylet)[0m     self.serve_http()
[2m[33m(raylet)[0m   File "/home/hice1/acheng324/scratch/conda_envs/soccertwos/lib/python3.8/site-packages/ray/_private/prometheus_exporter.py", line 320, in serve_http
[2m[33m(raylet)[0m     start_http_server(
[2m[33m(raylet)[0m   File "/home/hice1/acheng324/scratch/conda_envs/soccertwos/lib/python3.8/site-packages/prometheus_client/exposition.py", line 231, in start_wsgi_server
[2m[33m(raylet)[0m     TmpServer.address_family, addr = _get_best_family(addr, port)
[2m[33m(raylet)[0m   File "/home/hice1/acheng324/scratch/conda_envs/soccertwos/lib/python3.8/site-packages/prometheus_client/exposition.py", line 169, in _get_best_family
[2m[33m(raylet)[0m     infos = socket.getaddrinfo(address, port, type=socket.SOCK_STREAM, flags=socket.AI_PASSIVE)
[2m[33m(raylet)[0m   File "/home/hice1/acheng324/scratch/conda_envs/soccertwos/lib/python3.8/socket.py", line 930, in getaddrinfo
[2m[33m(raylet)[0m     for res in _socket.getaddrinfo(host, port, family, type, proto, flags):
[2m[33m(raylet)[0m socket.gaierror: [Errno -2] Name or service not known
[2m[33m(raylet)[0m /home/hice1/acheng324/scratch/conda_envs/soccertwos/lib/python3.8/site-packages/ray/autoscaler/_private/cli_logger.py:57: FutureWarning: Not all Ray CLI dependencies were found. In Ray 1.4+, the Ray CLI, autoscaler, and dashboard will only be usable via `pip install 'ray[default]'`. Please update your install command.
[2m[33m(raylet)[0m   warnings.warn(
2026-03-30 14:40:40,863	WARNING worker.py:1114 -- The agent on node atl1-1-02-010-1-1.pace.gatech.edu failed with the following error:
Traceback (most recent call last):
  File "/home/hice1/acheng324/scratch/conda_envs/soccertwos/lib/python3.8/site-packages/ray/new_dashboard/agent.py", line 326, in <module>
    loop.run_until_complete(agent.run())
  File "/home/hice1/acheng324/scratch/conda_envs/soccertwos/lib/python3.8/asyncio/base_events.py", line 616, in run_until_complete
    return future.result()
  File "/home/hice1/acheng324/scratch/conda_envs/soccertwos/lib/python3.8/site-packages/ray/new_dashboard/agent.py", line 138, in run
    modules = self._load_modules()
  File "/home/hice1/acheng324/scratch/conda_envs/soccertwos/lib/python3.8/site-packages/ray/new_dashboard/agent.py", line 92, in _load_modules
    c = cls(self)
  File "/home/hice1/acheng324/scratch/conda_envs/soccertwos/lib/python3.8/site-packages/ray/new_dashboard/modules/reporter/reporter_agent.py", line 148, in __init__
    self._metrics_agent = MetricsAgent(dashboard_agent.metrics_export_port)
  File "/home/hice1/acheng324/scratch/conda_envs/soccertwos/lib/python3.8/site-packages/ray/_private/metrics_agent.py", line 75, in __init__
    prometheus_exporter.new_stats_exporter(
  File "/home/hice1/acheng324/scratch/conda_envs/soccertwos/lib/python3.8/site-packages/ray/_private/prometheus_exporter.py", line 333, in new_stats_exporter
    exporter = PrometheusStatsExporter(
  File "/home/hice1/acheng324/scratch/conda_envs/soccertwos/lib/python3.8/site-packages/ray/_private/prometheus_exporter.py", line 266, in __init__
    self.serve_http()
  File "/home/hice1/acheng324/scratch/conda_envs/soccertwos/lib/python3.8/site-packages/ray/_private/prometheus_exporter.py", line 320, in serve_http
    start_http_server(
  File "/home/hice1/acheng324/scratch/conda_envs/soccertwos/lib/python3.8/site-packages/prometheus_client/exposition.py", line 231, in start_wsgi_server
    TmpServer.address_family, addr = _get_best_family(addr, port)
  File "/home/hice1/acheng324/scratch/conda_envs/soccertwos/lib/python3.8/site-packages/prometheus_client/exposition.py", line 169, in _get_best_family
    infos = socket.getaddrinfo(address, port, type=socket.SOCK_STREAM, flags=socket.AI_PASSIVE)
  File "/home/hice1/acheng324/scratch/conda_envs/soccertwos/lib/python3.8/socket.py", line 930, in getaddrinfo
    for res in _socket.getaddrinfo(host, port, family, type, proto, flags):
socket.gaierror: [Errno -2] Name or service not known

[2m[33m(raylet)[0m Traceback (most recent call last):
[2m[33m(raylet)[0m   File "/home/hice1/acheng324/scratch/conda_envs/soccertwos/lib/python3.8/site-packages/ray/new_dashboard/agent.py", line 338, in <module>
[2m[33m(raylet)[0m     raise e
[2m[33m(raylet)[0m   File "/home/hice1/acheng324/scratch/conda_envs/soccertwos/lib/python3.8/site-packages/ray/new_dashboard/agent.py", line 326, in <module>
[2m[33m(raylet)[0m     loop.run_until_complete(agent.run())
[2m[33m(raylet)[0m   File "/home/hice1/acheng324/scratch/conda_envs/soccertwos/lib/python3.8/asyncio/base_events.py", line 616, in run_until_complete
[2m[33m(raylet)[0m     return future.result()
[2m[33m(raylet)[0m   File "/home/hice1/acheng324/scratch/conda_envs/soccertwos/lib/python3.8/site-packages/ray/new_dashboard/agent.py", line 138, in run
[2m[33m(raylet)[0m     modules = self._load_modules()
[2m[33m(raylet)[0m   File "/home/hice1/acheng324/scratch/conda_envs/soccertwos/lib/python3.8/site-packages/ray/new_dashboard/agent.py", line 92, in _load_modules
[2m[33m(raylet)[0m     c = cls(self)
[2m[33m(raylet)[0m   File "/home/hice1/acheng324/scratch/conda_envs/soccertwos/lib/python3.8/site-packages/ray/new_dashboard/modules/reporter/reporter_agent.py", line 148, in __init__
[2m[33m(raylet)[0m     self._metrics_agent = MetricsAgent(dashboard_agent.metrics_export_port)
[2m[33m(raylet)[0m   File "/home/hice1/acheng324/scratch/conda_envs/soccertwos/lib/python3.8/site-packages/ray/_private/metrics_agent.py", line 75, in __init__
[2m[33m(raylet)[0m     prometheus_exporter.new_stats_exporter(
[2m[33m(raylet)[0m   File "/home/hice1/acheng324/scratch/conda_envs/soccertwos/lib/python3.8/site-packages/ray/_private/prometheus_exporter.py", line 333, in new_stats_exporter
[2m[33m(raylet)[0m     exporter = PrometheusStatsExporter(
[2m[33m(raylet)[0m   File "/home/hice1/acheng324/scratch/conda_envs/soccertwos/lib/python3.8/site-packages/ray/_private/prometheus_exporter.py", line 266, in __init__
[2m[33m(raylet)[0m     self.serve_http()
[2m[33m(raylet)[0m   File "/home/hice1/acheng324/scratch/conda_envs/soccertwos/lib/python3.8/site-packages/ray/_private/prometheus_exporter.py", line 320, in serve_http
[2m[33m(raylet)[0m     start_http_server(
[2m[33m(raylet)[0m   File "/home/hice1/acheng324/scratch/conda_envs/soccertwos/lib/python3.8/site-packages/prometheus_client/exposition.py", line 231, in start_wsgi_server
[2m[33m(raylet)[0m     TmpServer.address_family, addr = _get_best_family(addr, port)
[2m[33m(raylet)[0m   File "/home/hice1/acheng324/scratch/conda_envs/soccertwos/lib/python3.8/site-packages/prometheus_client/exposition.py", line 169, in _get_best_family
[2m[33m(raylet)[0m     infos = socket.getaddrinfo(address, port, type=socket.SOCK_STREAM, flags=socket.AI_PASSIVE)
[2m[33m(raylet)[0m   File "/home/hice1/acheng324/scratch/conda_envs/soccertwos/lib/python3.8/socket.py", line 930, in getaddrinfo
[2m[33m(raylet)[0m     for res in _socket.getaddrinfo(host, port, family, type, proto, flags):
[2m[33m(raylet)[0m socket.gaierror: [Errno -2] Name or service not known
[2m[33m(raylet)[0m /home/hice1/acheng324/scratch/conda_envs/soccertwos/lib/python3.8/site-packages/ray/autoscaler/_private/cli_logger.py:57: FutureWarning: Not all Ray CLI dependencies were found. In Ray 1.4+, the Ray CLI, autoscaler, and dashboard will only be usable via `pip install 'ray[default]'`. Please update your install command.
[2m[33m(raylet)[0m   warnings.warn(
2026-03-30 14:40:43,671	WARNING worker.py:1114 -- The agent on node atl1-1-02-010-1-1.pace.gatech.edu failed with the following error:
Traceback (most recent call last):
  File "/home/hice1/acheng324/scratch/conda_envs/soccertwos/lib/python3.8/site-packages/ray/new_dashboard/agent.py", line 326, in <module>
    loop.run_until_complete(agent.run())
  File "/home/hice1/acheng324/scratch/conda_envs/soccertwos/lib/python3.8/asyncio/base_events.py", line 616, in run_until_complete
    return future.result()
  File "/home/hice1/acheng324/scratch/conda_envs/soccertwos/lib/python3.8/site-packages/ray/new_dashboard/agent.py", line 138, in run
    modules = self._load_modules()
  File "/home/hice1/acheng324/scratch/conda_envs/soccertwos/lib/python3.8/site-packages/ray/new_dashboard/agent.py", line 92, in _load_modules
    c = cls(self)
  File "/home/hice1/acheng324/scratch/conda_envs/soccertwos/lib/python3.8/site-packages/ray/new_dashboard/modules/reporter/reporter_agent.py", line 148, in __init__
    self._metrics_agent = MetricsAgent(dashboard_agent.metrics_export_port)
  File "/home/hice1/acheng324/scratch/conda_envs/soccertwos/lib/python3.8/site-packages/ray/_private/metrics_agent.py", line 75, in __init__
    prometheus_exporter.new_stats_exporter(
  File "/home/hice1/acheng324/scratch/conda_envs/soccertwos/lib/python3.8/site-packages/ray/_private/prometheus_exporter.py", line 333, in new_stats_exporter
    exporter = PrometheusStatsExporter(
  File "/home/hice1/acheng324/scratch/conda_envs/soccertwos/lib/python3.8/site-packages/ray/_private/prometheus_exporter.py", line 266, in __init__
    self.serve_http()
  File "/home/hice1/acheng324/scratch/conda_envs/soccertwos/lib/python3.8/site-packages/ray/_private/prometheus_exporter.py", line 320, in serve_http
    start_http_server(
  File "/home/hice1/acheng324/scratch/conda_envs/soccertwos/lib/python3.8/site-packages/prometheus_client/exposition.py", line 231, in start_wsgi_server
    TmpServer.address_family, addr = _get_best_family(addr, port)
  File "/home/hice1/acheng324/scratch/conda_envs/soccertwos/lib/python3.8/site-packages/prometheus_client/exposition.py", line 169, in _get_best_family
    infos = socket.getaddrinfo(address, port, type=socket.SOCK_STREAM, flags=socket.AI_PASSIVE)
  File "/home/hice1/acheng324/scratch/conda_envs/soccertwos/lib/python3.8/socket.py", line 930, in getaddrinfo
    for res in _socket.getaddrinfo(host, port, family, type, proto, flags):
socket.gaierror: [Errno -2] Name or service not known

[2m[33m(raylet)[0m Traceback (most recent call last):
[2m[33m(raylet)[0m   File "/home/hice1/acheng324/scratch/conda_envs/soccertwos/lib/python3.8/site-packages/ray/new_dashboard/agent.py", line 338, in <module>
[2m[33m(raylet)[0m     raise e
[2m[33m(raylet)[0m   File "/home/hice1/acheng324/scratch/conda_envs/soccertwos/lib/python3.8/site-packages/ray/new_dashboard/agent.py", line 326, in <module>
[2m[33m(raylet)[0m     loop.run_until_complete(agent.run())
[2m[33m(raylet)[0m   File "/home/hice1/acheng324/scratch/conda_envs/soccertwos/lib/python3.8/asyncio/base_events.py", line 616, in run_until_complete
[2m[33m(raylet)[0m     return future.result()
[2m[33m(raylet)[0m   File "/home/hice1/acheng324/scratch/conda_envs/soccertwos/lib/python3.8/site-packages/ray/new_dashboard/agent.py", line 138, in run
[2m[33m(raylet)[0m     modules = self._load_modules()
[2m[33m(raylet)[0m   File "/home/hice1/acheng324/scratch/conda_envs/soccertwos/lib/python3.8/site-packages/ray/new_dashboard/agent.py", line 92, in _load_modules
[2m[33m(raylet)[0m     c = cls(self)
[2m[33m(raylet)[0m   File "/home/hice1/acheng324/scratch/conda_envs/soccertwos/lib/python3.8/site-packages/ray/new_dashboard/modules/reporter/reporter_agent.py", line 148, in __init__
[2m[33m(raylet)[0m     self._metrics_agent = MetricsAgent(dashboard_agent.metrics_export_port)
[2m[33m(raylet)[0m   File "/home/hice1/acheng324/scratch/conda_envs/soccertwos/lib/python3.8/site-packages/ray/_private/metrics_agent.py", line 75, in __init__
[2m[33m(raylet)[0m     prometheus_exporter.new_stats_exporter(
[2m[33m(raylet)[0m   File "/home/hice1/acheng324/scratch/conda_envs/soccertwos/lib/python3.8/site-packages/ray/_private/prometheus_exporter.py", line 333, in new_stats_exporter
[2m[33m(raylet)[0m     exporter = PrometheusStatsExporter(
[2m[33m(raylet)[0m   File "/home/hice1/acheng324/scratch/conda_envs/soccertwos/lib/python3.8/site-packages/ray/_private/prometheus_exporter.py", line 266, in __init__
[2m[33m(raylet)[0m     self.serve_http()
[2m[33m(raylet)[0m   File "/home/hice1/acheng324/scratch/conda_envs/soccertwos/lib/python3.8/site-packages/ray/_private/prometheus_exporter.py", line 320, in serve_http
[2m[33m(raylet)[0m     start_http_server(
[2m[33m(raylet)[0m   File "/home/hice1/acheng324/scratch/conda_envs/soccertwos/lib/python3.8/site-packages/prometheus_client/exposition.py", line 231, in start_wsgi_server
[2m[33m(raylet)[0m     TmpServer.address_family, addr = _get_best_family(addr, port)
[2m[33m(raylet)[0m   File "/home/hice1/acheng324/scratch/conda_envs/soccertwos/lib/python3.8/site-packages/prometheus_client/exposition.py", line 169, in _get_best_family
[2m[33m(raylet)[0m     infos = socket.getaddrinfo(address, port, type=socket.SOCK_STREAM, flags=socket.AI_PASSIVE)
[2m[33m(raylet)[0m   File "/home/hice1/acheng324/scratch/conda_envs/soccertwos/lib/python3.8/socket.py", line 930, in getaddrinfo
[2m[33m(raylet)[0m     for res in _socket.getaddrinfo(host, port, family, type, proto, flags):
[2m[33m(raylet)[0m socket.gaierror: [Errno -2] Name or service not known
[2m[33m(raylet)[0m /home/hice1/acheng324/scratch/conda_envs/soccertwos/lib/python3.8/site-packages/ray/autoscaler/_private/cli_logger.py:57: FutureWarning: Not all Ray CLI dependencies were found. In Ray 1.4+, the Ray CLI, autoscaler, and dashboard will only be usable via `pip install 'ray[default]'`. Please update your install command.
[2m[33m(raylet)[0m   warnings.warn(
2026-03-30 14:40:46,498	WARNING worker.py:1114 -- The agent on node atl1-1-02-010-1-1.pace.gatech.edu failed with the following error:
Traceback (most recent call last):
  File "/home/hice1/acheng324/scratch/conda_envs/soccertwos/lib/python3.8/site-packages/ray/new_dashboard/agent.py", line 326, in <module>
    loop.run_until_complete(agent.run())
  File "/home/hice1/acheng324/scratch/conda_envs/soccertwos/lib/python3.8/asyncio/base_events.py", line 616, in run_until_complete
    return future.result()
  File "/home/hice1/acheng324/scratch/conda_envs/soccertwos/lib/python3.8/site-packages/ray/new_dashboard/agent.py", line 138, in run
    modules = self._load_modules()
  File "/home/hice1/acheng324/scratch/conda_envs/soccertwos/lib/python3.8/site-packages/ray/new_dashboard/agent.py", line 92, in _load_modules
    c = cls(self)
  File "/home/hice1/acheng324/scratch/conda_envs/soccertwos/lib/python3.8/site-packages/ray/new_dashboard/modules/reporter/reporter_agent.py", line 148, in __init__
    self._metrics_agent = MetricsAgent(dashboard_agent.metrics_export_port)
  File "/home/hice1/acheng324/scratch/conda_envs/soccertwos/lib/python3.8/site-packages/ray/_private/metrics_agent.py", line 75, in __init__
    prometheus_exporter.new_stats_exporter(
  File "/home/hice1/acheng324/scratch/conda_envs/soccertwos/lib/python3.8/site-packages/ray/_private/prometheus_exporter.py", line 333, in new_stats_exporter
    exporter = PrometheusStatsExporter(
  File "/home/hice1/acheng324/scratch/conda_envs/soccertwos/lib/python3.8/site-packages/ray/_private/prometheus_exporter.py", line 266, in __init__
    self.serve_http()
  File "/home/hice1/acheng324/scratch/conda_envs/soccertwos/lib/python3.8/site-packages/ray/_private/prometheus_exporter.py", line 320, in serve_http
    start_http_server(
  File "/home/hice1/acheng324/scratch/conda_envs/soccertwos/lib/python3.8/site-packages/prometheus_client/exposition.py", line 231, in start_wsgi_server
    TmpServer.address_family, addr = _get_best_family(addr, port)
  File "/home/hice1/acheng324/scratch/conda_envs/soccertwos/lib/python3.8/site-packages/prometheus_client/exposition.py", line 169, in _get_best_family
    infos = socket.getaddrinfo(address, port, type=socket.SOCK_STREAM, flags=socket.AI_PASSIVE)
  File "/home/hice1/acheng324/scratch/conda_envs/soccertwos/lib/python3.8/socket.py", line 930, in getaddrinfo
    for res in _socket.getaddrinfo(host, port, family, type, proto, flags):
socket.gaierror: [Errno -2] Name or service not known

[2m[33m(raylet)[0m Traceback (most recent call last):
[2m[33m(raylet)[0m   File "/home/hice1/acheng324/scratch/conda_envs/soccertwos/lib/python3.8/site-packages/ray/new_dashboard/agent.py", line 338, in <module>
[2m[33m(raylet)[0m     raise e
[2m[33m(raylet)[0m   File "/home/hice1/acheng324/scratch/conda_envs/soccertwos/lib/python3.8/site-packages/ray/new_dashboard/agent.py", line 326, in <module>
[2m[33m(raylet)[0m     loop.run_until_complete(agent.run())
[2m[33m(raylet)[0m   File "/home/hice1/acheng324/scratch/conda_envs/soccertwos/lib/python3.8/asyncio/base_events.py", line 616, in run_until_complete
[2m[33m(raylet)[0m     return future.result()
[2m[33m(raylet)[0m   File "/home/hice1/acheng324/scratch/conda_envs/soccertwos/lib/python3.8/site-packages/ray/new_dashboard/agent.py", line 138, in run
[2m[33m(raylet)[0m     modules = self._load_modules()
[2m[33m(raylet)[0m   File "/home/hice1/acheng324/scratch/conda_envs/soccertwos/lib/python3.8/site-packages/ray/new_dashboard/agent.py", line 92, in _load_modules
[2m[33m(raylet)[0m     c = cls(self)
[2m[33m(raylet)[0m   File "/home/hice1/acheng324/scratch/conda_envs/soccertwos/lib/python3.8/site-packages/ray/new_dashboard/modules/reporter/reporter_agent.py", line 148, in __init__
[2m[33m(raylet)[0m     self._metrics_agent = MetricsAgent(dashboard_agent.metrics_export_port)
[2m[33m(raylet)[0m   File "/home/hice1/acheng324/scratch/conda_envs/soccertwos/lib/python3.8/site-packages/ray/_private/metrics_agent.py", line 75, in __init__
[2m[33m(raylet)[0m     prometheus_exporter.new_stats_exporter(
[2m[33m(raylet)[0m   File "/home/hice1/acheng324/scratch/conda_envs/soccertwos/lib/python3.8/site-packages/ray/_private/prometheus_exporter.py", line 333, in new_stats_exporter
[2m[33m(raylet)[0m     exporter = PrometheusStatsExporter(
[2m[33m(raylet)[0m   File "/home/hice1/acheng324/scratch/conda_envs/soccertwos/lib/python3.8/site-packages/ray/_private/prometheus_exporter.py", line 266, in __init__
[2m[33m(raylet)[0m     self.serve_http()
[2m[33m(raylet)[0m   File "/home/hice1/acheng324/scratch/conda_envs/soccertwos/lib/python3.8/site-packages/ray/_private/prometheus_exporter.py", line 320, in serve_http
[2m[33m(raylet)[0m     start_http_server(
[2m[33m(raylet)[0m   File "/home/hice1/acheng324/scratch/conda_envs/soccertwos/lib/python3.8/site-packages/prometheus_client/exposition.py", line 231, in start_wsgi_server
[2m[33m(raylet)[0m     TmpServer.address_family, addr = _get_best_family(addr, port)
[2m[33m(raylet)[0m   File "/home/hice1/acheng324/scratch/conda_envs/soccertwos/lib/python3.8/site-packages/prometheus_client/exposition.py", line 169, in _get_best_family
[2m[33m(raylet)[0m     infos = socket.getaddrinfo(address, port, type=socket.SOCK_STREAM, flags=socket.AI_PASSIVE)
[2m[33m(raylet)[0m   File "/home/hice1/acheng324/scratch/conda_envs/soccertwos/lib/python3.8/socket.py", line 930, in getaddrinfo
[2m[33m(raylet)[0m     for res in _socket.getaddrinfo(host, port, family, type, proto, flags):
[2m[33m(raylet)[0m socket.gaierror: [Errno -2] Name or service not known
[2m[33m(raylet)[0m /home/hice1/acheng324/scratch/conda_envs/soccertwos/lib/python3.8/site-packages/ray/autoscaler/_private/cli_logger.py:57: FutureWarning: Not all Ray CLI dependencies were found. In Ray 1.4+, the Ray CLI, autoscaler, and dashboard will only be usable via `pip install 'ray[default]'`. Please update your install command.
[2m[33m(raylet)[0m   warnings.warn(
2026-03-30 14:40:49,310	WARNING worker.py:1114 -- The agent on node atl1-1-02-010-1-1.pace.gatech.edu failed with the following error:
Traceback (most recent call last):
  File "/home/hice1/acheng324/scratch/conda_envs/soccertwos/lib/python3.8/site-packages/ray/new_dashboard/agent.py", line 326, in <module>
    loop.run_until_complete(agent.run())
  File "/home/hice1/acheng324/scratch/conda_envs/soccertwos/lib/python3.8/asyncio/base_events.py", line 616, in run_until_complete
    return future.result()
  File "/home/hice1/acheng324/scratch/conda_envs/soccertwos/lib/python3.8/site-packages/ray/new_dashboard/agent.py", line 138, in run
    modules = self._load_modules()
  File "/home/hice1/acheng324/scratch/conda_envs/soccertwos/lib/python3.8/site-packages/ray/new_dashboard/agent.py", line 92, in _load_modules
    c = cls(self)
  File "/home/hice1/acheng324/scratch/conda_envs/soccertwos/lib/python3.8/site-packages/ray/new_dashboard/modules/reporter/reporter_agent.py", line 148, in __init__
    self._metrics_agent = MetricsAgent(dashboard_agent.metrics_export_port)
  File "/home/hice1/acheng324/scratch/conda_envs/soccertwos/lib/python3.8/site-packages/ray/_private/metrics_agent.py", line 75, in __init__
    prometheus_exporter.new_stats_exporter(
  File "/home/hice1/acheng324/scratch/conda_envs/soccertwos/lib/python3.8/site-packages/ray/_private/prometheus_exporter.py", line 333, in new_stats_exporter
    exporter = PrometheusStatsExporter(
  File "/home/hice1/acheng324/scratch/conda_envs/soccertwos/lib/python3.8/site-packages/ray/_private/prometheus_exporter.py", line 266, in __init__
    self.serve_http()
  File "/home/hice1/acheng324/scratch/conda_envs/soccertwos/lib/python3.8/site-packages/ray/_private/prometheus_exporter.py", line 320, in serve_http
    start_http_server(
  File "/home/hice1/acheng324/scratch/conda_envs/soccertwos/lib/python3.8/site-packages/prometheus_client/exposition.py", line 231, in start_wsgi_server
    TmpServer.address_family, addr = _get_best_family(addr, port)
  File "/home/hice1/acheng324/scratch/conda_envs/soccertwos/lib/python3.8/site-packages/prometheus_client/exposition.py", line 169, in _get_best_family
    infos = socket.getaddrinfo(address, port, type=socket.SOCK_STREAM, flags=socket.AI_PASSIVE)
  File "/home/hice1/acheng324/scratch/conda_envs/soccertwos/lib/python3.8/socket.py", line 930, in getaddrinfo
    for res in _socket.getaddrinfo(host, port, family, type, proto, flags):
socket.gaierror: [Errno -2] Name or service not known

[2m[33m(raylet)[0m Traceback (most recent call last):
[2m[33m(raylet)[0m   File "/home/hice1/acheng324/scratch/conda_envs/soccertwos/lib/python3.8/site-packages/ray/new_dashboard/agent.py", line 338, in <module>
[2m[33m(raylet)[0m     raise e
[2m[33m(raylet)[0m   File "/home/hice1/acheng324/scratch/conda_envs/soccertwos/lib/python3.8/site-packages/ray/new_dashboard/agent.py", line 326, in <module>
[2m[33m(raylet)[0m     loop.run_until_complete(agent.run())
[2m[33m(raylet)[0m   File "/home/hice1/acheng324/scratch/conda_envs/soccertwos/lib/python3.8/asyncio/base_events.py", line 616, in run_until_complete
[2m[33m(raylet)[0m     return future.result()
[2m[33m(raylet)[0m   File "/home/hice1/acheng324/scratch/conda_envs/soccertwos/lib/python3.8/site-packages/ray/new_dashboard/agent.py", line 138, in run
[2m[33m(raylet)[0m     modules = self._load_modules()
[2m[33m(raylet)[0m   File "/home/hice1/acheng324/scratch/conda_envs/soccertwos/lib/python3.8/site-packages/ray/new_dashboard/agent.py", line 92, in _load_modules
[2m[33m(raylet)[0m     c = cls(self)
[2m[33m(raylet)[0m   File "/home/hice1/acheng324/scratch/conda_envs/soccertwos/lib/python3.8/site-packages/ray/new_dashboard/modules/reporter/reporter_agent.py", line 148, in __init__
[2m[33m(raylet)[0m     self._metrics_agent = MetricsAgent(dashboard_agent.metrics_export_port)
[2m[33m(raylet)[0m   File "/home/hice1/acheng324/scratch/conda_envs/soccertwos/lib/python3.8/site-packages/ray/_private/metrics_agent.py", line 75, in __init__
[2m[33m(raylet)[0m     prometheus_exporter.new_stats_exporter(
[2m[33m(raylet)[0m   File "/home/hice1/acheng324/scratch/conda_envs/soccertwos/lib/python3.8/site-packages/ray/_private/prometheus_exporter.py", line 333, in new_stats_exporter
[2m[33m(raylet)[0m     exporter = PrometheusStatsExporter(
[2m[33m(raylet)[0m   File "/home/hice1/acheng324/scratch/conda_envs/soccertwos/lib/python3.8/site-packages/ray/_private/prometheus_exporter.py", line 266, in __init__
[2m[33m(raylet)[0m     self.serve_http()
[2m[33m(raylet)[0m   File "/home/hice1/acheng324/scratch/conda_envs/soccertwos/lib/python3.8/site-packages/ray/_private/prometheus_exporter.py", line 320, in serve_http
[2m[33m(raylet)[0m     start_http_server(
[2m[33m(raylet)[0m   File "/home/hice1/acheng324/scratch/conda_envs/soccertwos/lib/python3.8/site-packages/prometheus_client/exposition.py", line 231, in start_wsgi_server
[2m[33m(raylet)[0m     TmpServer.address_family, addr = _get_best_family(addr, port)
[2m[33m(raylet)[0m   File "/home/hice1/acheng324/scratch/conda_envs/soccertwos/lib/python3.8/site-packages/prometheus_client/exposition.py", line 169, in _get_best_family
[2m[33m(raylet)[0m     infos = socket.getaddrinfo(address, port, type=socket.SOCK_STREAM, flags=socket.AI_PASSIVE)
[2m[33m(raylet)[0m   File "/home/hice1/acheng324/scratch/conda_envs/soccertwos/lib/python3.8/socket.py", line 930, in getaddrinfo
[2m[33m(raylet)[0m     for res in _socket.getaddrinfo(host, port, family, type, proto, flags):
[2m[33m(raylet)[0m socket.gaierror: [Errno -2] Name or service not known
[2m[33m(raylet)[0m /home/hice1/acheng324/scratch/conda_envs/soccertwos/lib/python3.8/site-packages/ray/autoscaler/_private/cli_logger.py:57: FutureWarning: Not all Ray CLI dependencies were found. In Ray 1.4+, the Ray CLI, autoscaler, and dashboard will only be usable via `pip install 'ray[default]'`. Please update your install command.
[2m[33m(raylet)[0m   warnings.warn(
2026-03-30 14:40:52,118	WARNING worker.py:1114 -- The agent on node atl1-1-02-010-1-1.pace.gatech.edu failed with the following error:
Traceback (most recent call last):
  File "/home/hice1/acheng324/scratch/conda_envs/soccertwos/lib/python3.8/site-packages/ray/new_dashboard/agent.py", line 326, in <module>
    loop.run_until_complete(agent.run())
  File "/home/hice1/acheng324/scratch/conda_envs/soccertwos/lib/python3.8/asyncio/base_events.py", line 616, in run_until_complete
    return future.result()
  File "/home/hice1/acheng324/scratch/conda_envs/soccertwos/lib/python3.8/site-packages/ray/new_dashboard/agent.py", line 138, in run
    modules = self._load_modules()
  File "/home/hice1/acheng324/scratch/conda_envs/soccertwos/lib/python3.8/site-packages/ray/new_dashboard/agent.py", line 92, in _load_modules
    c = cls(self)
  File "/home/hice1/acheng324/scratch/conda_envs/soccertwos/lib/python3.8/site-packages/ray/new_dashboard/modules/reporter/reporter_agent.py", line 148, in __init__
    self._metrics_agent = MetricsAgent(dashboard_agent.metrics_export_port)
  File "/home/hice1/acheng324/scratch/conda_envs/soccertwos/lib/python3.8/site-packages/ray/_private/metrics_agent.py", line 75, in __init__
    prometheus_exporter.new_stats_exporter(
  File "/home/hice1/acheng324/scratch/conda_envs/soccertwos/lib/python3.8/site-packages/ray/_private/prometheus_exporter.py", line 333, in new_stats_exporter
    exporter = PrometheusStatsExporter(
  File "/home/hice1/acheng324/scratch/conda_envs/soccertwos/lib/python3.8/site-packages/ray/_private/prometheus_exporter.py", line 266, in __init__
    self.serve_http()
  File "/home/hice1/acheng324/scratch/conda_envs/soccertwos/lib/python3.8/site-packages/ray/_private/prometheus_exporter.py", line 320, in serve_http
    start_http_server(
  File "/home/hice1/acheng324/scratch/conda_envs/soccertwos/lib/python3.8/site-packages/prometheus_client/exposition.py", line 231, in start_wsgi_server
    TmpServer.address_family, addr = _get_best_family(addr, port)
  File "/home/hice1/acheng324/scratch/conda_envs/soccertwos/lib/python3.8/site-packages/prometheus_client/exposition.py", line 169, in _get_best_family
    infos = socket.getaddrinfo(address, port, type=socket.SOCK_STREAM, flags=socket.AI_PASSIVE)
  File "/home/hice1/acheng324/scratch/conda_envs/soccertwos/lib/python3.8/socket.py", line 930, in getaddrinfo
    for res in _socket.getaddrinfo(host, port, family, type, proto, flags):
socket.gaierror: [Errno -2] Name or service not known

[2m[33m(raylet)[0m Traceback (most recent call last):
[2m[33m(raylet)[0m   File "/home/hice1/acheng324/scratch/conda_envs/soccertwos/lib/python3.8/site-packages/ray/new_dashboard/agent.py", line 338, in <module>
[2m[33m(raylet)[0m     raise e
[2m[33m(raylet)[0m   File "/home/hice1/acheng324/scratch/conda_envs/soccertwos/lib/python3.8/site-packages/ray/new_dashboard/agent.py", line 326, in <module>
[2m[33m(raylet)[0m     loop.run_until_complete(agent.run())
[2m[33m(raylet)[0m   File "/home/hice1/acheng324/scratch/conda_envs/soccertwos/lib/python3.8/asyncio/base_events.py", line 616, in run_until_complete
[2m[33m(raylet)[0m     return future.result()
[2m[33m(raylet)[0m   File "/home/hice1/acheng324/scratch/conda_envs/soccertwos/lib/python3.8/site-packages/ray/new_dashboard/agent.py", line 138, in run
[2m[33m(raylet)[0m     modules = self._load_modules()
[2m[33m(raylet)[0m   File "/home/hice1/acheng324/scratch/conda_envs/soccertwos/lib/python3.8/site-packages/ray/new_dashboard/agent.py", line 92, in _load_modules
[2m[33m(raylet)[0m     c = cls(self)
[2m[33m(raylet)[0m   File "/home/hice1/acheng324/scratch/conda_envs/soccertwos/lib/python3.8/site-packages/ray/new_dashboard/modules/reporter/reporter_agent.py", line 148, in __init__
[2m[33m(raylet)[0m     self._metrics_agent = MetricsAgent(dashboard_agent.metrics_export_port)
[2m[33m(raylet)[0m   File "/home/hice1/acheng324/scratch/conda_envs/soccertwos/lib/python3.8/site-packages/ray/_private/metrics_agent.py", line 75, in __init__
[2m[33m(raylet)[0m     prometheus_exporter.new_stats_exporter(
[2m[33m(raylet)[0m   File "/home/hice1/acheng324/scratch/conda_envs/soccertwos/lib/python3.8/site-packages/ray/_private/prometheus_exporter.py", line 333, in new_stats_exporter
[2m[33m(raylet)[0m     exporter = PrometheusStatsExporter(
[2m[33m(raylet)[0m   File "/home/hice1/acheng324/scratch/conda_envs/soccertwos/lib/python3.8/site-packages/ray/_private/prometheus_exporter.py", line 266, in __init__
[2m[33m(raylet)[0m     self.serve_http()
[2m[33m(raylet)[0m   File "/home/hice1/acheng324/scratch/conda_envs/soccertwos/lib/python3.8/site-packages/ray/_private/prometheus_exporter.py", line 320, in serve_http
[2m[33m(raylet)[0m     start_http_server(
[2m[33m(raylet)[0m   File "/home/hice1/acheng324/scratch/conda_envs/soccertwos/lib/python3.8/site-packages/prometheus_client/exposition.py", line 231, in start_wsgi_server
[2m[33m(raylet)[0m     TmpServer.address_family, addr = _get_best_family(addr, port)
[2m[33m(raylet)[0m   File "/home/hice1/acheng324/scratch/conda_envs/soccertwos/lib/python3.8/site-packages/prometheus_client/exposition.py", line 169, in _get_best_family
[2m[33m(raylet)[0m     infos = socket.getaddrinfo(address, port, type=socket.SOCK_STREAM, flags=socket.AI_PASSIVE)
[2m[33m(raylet)[0m   File "/home/hice1/acheng324/scratch/conda_envs/soccertwos/lib/python3.8/socket.py", line 930, in getaddrinfo
[2m[33m(raylet)[0m     for res in _socket.getaddrinfo(host, port, family, type, proto, flags):
[2m[33m(raylet)[0m socket.gaierror: [Errno -2] Name or service not known
[2m[33m(raylet)[0m /home/hice1/acheng324/scratch/conda_envs/soccertwos/lib/python3.8/site-packages/ray/autoscaler/_private/cli_logger.py:57: FutureWarning: Not all Ray CLI dependencies were found. In Ray 1.4+, the Ray CLI, autoscaler, and dashboard will only be usable via `pip install 'ray[default]'`. Please update your install command.
[2m[33m(raylet)[0m   warnings.warn(
2026-03-30 14:40:54,927	WARNING worker.py:1114 -- The agent on node atl1-1-02-010-1-1.pace.gatech.edu failed with the following error:
Traceback (most recent call last):
  File "/home/hice1/acheng324/scratch/conda_envs/soccertwos/lib/python3.8/site-packages/ray/new_dashboard/agent.py", line 326, in <module>
    loop.run_until_complete(agent.run())
  File "/home/hice1/acheng324/scratch/conda_envs/soccertwos/lib/python3.8/asyncio/base_events.py", line 616, in run_until_complete
    return future.result()
  File "/home/hice1/acheng324/scratch/conda_envs/soccertwos/lib/python3.8/site-packages/ray/new_dashboard/agent.py", line 138, in run
    modules = self._load_modules()
  File "/home/hice1/acheng324/scratch/conda_envs/soccertwos/lib/python3.8/site-packages/ray/new_dashboard/agent.py", line 92, in _load_modules
    c = cls(self)
  File "/home/hice1/acheng324/scratch/conda_envs/soccertwos/lib/python3.8/site-packages/ray/new_dashboard/modules/reporter/reporter_agent.py", line 148, in __init__
    self._metrics_agent = MetricsAgent(dashboard_agent.metrics_export_port)
  File "/home/hice1/acheng324/scratch/conda_envs/soccertwos/lib/python3.8/site-packages/ray/_private/metrics_agent.py", line 75, in __init__
    prometheus_exporter.new_stats_exporter(
  File "/home/hice1/acheng324/scratch/conda_envs/soccertwos/lib/python3.8/site-packages/ray/_private/prometheus_exporter.py", line 333, in new_stats_exporter
    exporter = PrometheusStatsExporter(
  File "/home/hice1/acheng324/scratch/conda_envs/soccertwos/lib/python3.8/site-packages/ray/_private/prometheus_exporter.py", line 266, in __init__
    self.serve_http()
  File "/home/hice1/acheng324/scratch/conda_envs/soccertwos/lib/python3.8/site-packages/ray/_private/prometheus_exporter.py", line 320, in serve_http
    start_http_server(
  File "/home/hice1/acheng324/scratch/conda_envs/soccertwos/lib/python3.8/site-packages/prometheus_client/exposition.py", line 231, in start_wsgi_server
    TmpServer.address_family, addr = _get_best_family(addr, port)
  File "/home/hice1/acheng324/scratch/conda_envs/soccertwos/lib/python3.8/site-packages/prometheus_client/exposition.py", line 169, in _get_best_family
    infos = socket.getaddrinfo(address, port, type=socket.SOCK_STREAM, flags=socket.AI_PASSIVE)
  File "/home/hice1/acheng324/scratch/conda_envs/soccertwos/lib/python3.8/socket.py", line 930, in getaddrinfo
    for res in _socket.getaddrinfo(host, port, family, type, proto, flags):
socket.gaierror: [Errno -2] Name or service not known

[2m[33m(raylet)[0m Traceback (most recent call last):
[2m[33m(raylet)[0m   File "/home/hice1/acheng324/scratch/conda_envs/soccertwos/lib/python3.8/site-packages/ray/new_dashboard/agent.py", line 338, in <module>
[2m[33m(raylet)[0m     raise e
[2m[33m(raylet)[0m   File "/home/hice1/acheng324/scratch/conda_envs/soccertwos/lib/python3.8/site-packages/ray/new_dashboard/agent.py", line 326, in <module>
[2m[33m(raylet)[0m     loop.run_until_complete(agent.run())
[2m[33m(raylet)[0m   File "/home/hice1/acheng324/scratch/conda_envs/soccertwos/lib/python3.8/asyncio/base_events.py", line 616, in run_until_complete
[2m[33m(raylet)[0m     return future.result()
[2m[33m(raylet)[0m   File "/home/hice1/acheng324/scratch/conda_envs/soccertwos/lib/python3.8/site-packages/ray/new_dashboard/agent.py", line 138, in run
[2m[33m(raylet)[0m     modules = self._load_modules()
[2m[33m(raylet)[0m   File "/home/hice1/acheng324/scratch/conda_envs/soccertwos/lib/python3.8/site-packages/ray/new_dashboard/agent.py", line 92, in _load_modules
[2m[33m(raylet)[0m     c = cls(self)
[2m[33m(raylet)[0m   File "/home/hice1/acheng324/scratch/conda_envs/soccertwos/lib/python3.8/site-packages/ray/new_dashboard/modules/reporter/reporter_agent.py", line 148, in __init__
[2m[33m(raylet)[0m     self._metrics_agent = MetricsAgent(dashboard_agent.metrics_export_port)
[2m[33m(raylet)[0m   File "/home/hice1/acheng324/scratch/conda_envs/soccertwos/lib/python3.8/site-packages/ray/_private/metrics_agent.py", line 75, in __init__
[2m[33m(raylet)[0m     prometheus_exporter.new_stats_exporter(
[2m[33m(raylet)[0m   File "/home/hice1/acheng324/scratch/conda_envs/soccertwos/lib/python3.8/site-packages/ray/_private/prometheus_exporter.py", line 333, in new_stats_exporter
[2m[33m(raylet)[0m     exporter = PrometheusStatsExporter(
[2m[33m(raylet)[0m   File "/home/hice1/acheng324/scratch/conda_envs/soccertwos/lib/python3.8/site-packages/ray/_private/prometheus_exporter.py", line 266, in __init__
[2m[33m(raylet)[0m     self.serve_http()
[2m[33m(raylet)[0m   File "/home/hice1/acheng324/scratch/conda_envs/soccertwos/lib/python3.8/site-packages/ray/_private/prometheus_exporter.py", line 320, in serve_http
[2m[33m(raylet)[0m     start_http_server(
[2m[33m(raylet)[0m   File "/home/hice1/acheng324/scratch/conda_envs/soccertwos/lib/python3.8/site-packages/prometheus_client/exposition.py", line 231, in start_wsgi_server
[2m[33m(raylet)[0m     TmpServer.address_family, addr = _get_best_family(addr, port)
[2m[33m(raylet)[0m   File "/home/hice1/acheng324/scratch/conda_envs/soccertwos/lib/python3.8/site-packages/prometheus_client/exposition.py", line 169, in _get_best_family
[2m[33m(raylet)[0m     infos = socket.getaddrinfo(address, port, type=socket.SOCK_STREAM, flags=socket.AI_PASSIVE)
[2m[33m(raylet)[0m   File "/home/hice1/acheng324/scratch/conda_envs/soccertwos/lib/python3.8/socket.py", line 930, in getaddrinfo
[2m[33m(raylet)[0m     for res in _socket.getaddrinfo(host, port, family, type, proto, flags):
[2m[33m(raylet)[0m socket.gaierror: [Errno -2] Name or service not known
[2m[33m(raylet)[0m /home/hice1/acheng324/scratch/conda_envs/soccertwos/lib/python3.8/site-packages/ray/autoscaler/_private/cli_logger.py:57: FutureWarning: Not all Ray CLI dependencies were found. In Ray 1.4+, the Ray CLI, autoscaler, and dashboard will only be usable via `pip install 'ray[default]'`. Please update your install command.
[2m[33m(raylet)[0m   warnings.warn(
2026-03-30 14:40:57,783	WARNING worker.py:1114 -- The agent on node atl1-1-02-010-1-1.pace.gatech.edu failed with the following error:
Traceback (most recent call last):
  File "/home/hice1/acheng324/scratch/conda_envs/soccertwos/lib/python3.8/site-packages/ray/new_dashboard/agent.py", line 326, in <module>
    loop.run_until_complete(agent.run())
  File "/home/hice1/acheng324/scratch/conda_envs/soccertwos/lib/python3.8/asyncio/base_events.py", line 616, in run_until_complete
    return future.result()
  File "/home/hice1/acheng324/scratch/conda_envs/soccertwos/lib/python3.8/site-packages/ray/new_dashboard/agent.py", line 138, in run
    modules = self._load_modules()
  File "/home/hice1/acheng324/scratch/conda_envs/soccertwos/lib/python3.8/site-packages/ray/new_dashboard/agent.py", line 92, in _load_modules
    c = cls(self)
  File "/home/hice1/acheng324/scratch/conda_envs/soccertwos/lib/python3.8/site-packages/ray/new_dashboard/modules/reporter/reporter_agent.py", line 148, in __init__
    self._metrics_agent = MetricsAgent(dashboard_agent.metrics_export_port)
  File "/home/hice1/acheng324/scratch/conda_envs/soccertwos/lib/python3.8/site-packages/ray/_private/metrics_agent.py", line 75, in __init__
    prometheus_exporter.new_stats_exporter(
  File "/home/hice1/acheng324/scratch/conda_envs/soccertwos/lib/python3.8/site-packages/ray/_private/prometheus_exporter.py", line 333, in new_stats_exporter
    exporter = PrometheusStatsExporter(
  File "/home/hice1/acheng324/scratch/conda_envs/soccertwos/lib/python3.8/site-packages/ray/_private/prometheus_exporter.py", line 266, in __init__
    self.serve_http()
  File "/home/hice1/acheng324/scratch/conda_envs/soccertwos/lib/python3.8/site-packages/ray/_private/prometheus_exporter.py", line 320, in serve_http
    start_http_server(
  File "/home/hice1/acheng324/scratch/conda_envs/soccertwos/lib/python3.8/site-packages/prometheus_client/exposition.py", line 231, in start_wsgi_server
    TmpServer.address_family, addr = _get_best_family(addr, port)
  File "/home/hice1/acheng324/scratch/conda_envs/soccertwos/lib/python3.8/site-packages/prometheus_client/exposition.py", line 169, in _get_best_family
    infos = socket.getaddrinfo(address, port, type=socket.SOCK_STREAM, flags=socket.AI_PASSIVE)
  File "/home/hice1/acheng324/scratch/conda_envs/soccertwos/lib/python3.8/socket.py", line 930, in getaddrinfo
    for res in _socket.getaddrinfo(host, port, family, type, proto, flags):
socket.gaierror: [Errno -2] Name or service not known

[2m[33m(raylet)[0m Traceback (most recent call last):
[2m[33m(raylet)[0m   File "/home/hice1/acheng324/scratch/conda_envs/soccertwos/lib/python3.8/site-packages/ray/new_dashboard/agent.py", line 338, in <module>
[2m[33m(raylet)[0m     raise e
[2m[33m(raylet)[0m   File "/home/hice1/acheng324/scratch/conda_envs/soccertwos/lib/python3.8/site-packages/ray/new_dashboard/agent.py", line 326, in <module>
[2m[33m(raylet)[0m     loop.run_until_complete(agent.run())
[2m[33m(raylet)[0m   File "/home/hice1/acheng324/scratch/conda_envs/soccertwos/lib/python3.8/asyncio/base_events.py", line 616, in run_until_complete
[2m[33m(raylet)[0m     return future.result()
[2m[33m(raylet)[0m   File "/home/hice1/acheng324/scratch/conda_envs/soccertwos/lib/python3.8/site-packages/ray/new_dashboard/agent.py", line 138, in run
[2m[33m(raylet)[0m     modules = self._load_modules()
[2m[33m(raylet)[0m   File "/home/hice1/acheng324/scratch/conda_envs/soccertwos/lib/python3.8/site-packages/ray/new_dashboard/agent.py", line 92, in _load_modules
[2m[33m(raylet)[0m     c = cls(self)
[2m[33m(raylet)[0m   File "/home/hice1/acheng324/scratch/conda_envs/soccertwos/lib/python3.8/site-packages/ray/new_dashboard/modules/reporter/reporter_agent.py", line 148, in __init__
[2m[33m(raylet)[0m     self._metrics_agent = MetricsAgent(dashboard_agent.metrics_export_port)
[2m[33m(raylet)[0m   File "/home/hice1/acheng324/scratch/conda_envs/soccertwos/lib/python3.8/site-packages/ray/_private/metrics_agent.py", line 75, in __init__
[2m[33m(raylet)[0m     prometheus_exporter.new_stats_exporter(
[2m[33m(raylet)[0m   File "/home/hice1/acheng324/scratch/conda_envs/soccertwos/lib/python3.8/site-packages/ray/_private/prometheus_exporter.py", line 333, in new_stats_exporter
[2m[33m(raylet)[0m     exporter = PrometheusStatsExporter(
[2m[33m(raylet)[0m   File "/home/hice1/acheng324/scratch/conda_envs/soccertwos/lib/python3.8/site-packages/ray/_private/prometheus_exporter.py", line 266, in __init__
[2m[33m(raylet)[0m     self.serve_http()
[2m[33m(raylet)[0m   File "/home/hice1/acheng324/scratch/conda_envs/soccertwos/lib/python3.8/site-packages/ray/_private/prometheus_exporter.py", line 320, in serve_http
[2m[33m(raylet)[0m     start_http_server(
[2m[33m(raylet)[0m   File "/home/hice1/acheng324/scratch/conda_envs/soccertwos/lib/python3.8/site-packages/prometheus_client/exposition.py", line 231, in start_wsgi_server
[2m[33m(raylet)[0m     TmpServer.address_family, addr = _get_best_family(addr, port)
[2m[33m(raylet)[0m   File "/home/hice1/acheng324/scratch/conda_envs/soccertwos/lib/python3.8/site-packages/prometheus_client/exposition.py", line 169, in _get_best_family
[2m[33m(raylet)[0m     infos = socket.getaddrinfo(address, port, type=socket.SOCK_STREAM, flags=socket.AI_PASSIVE)
[2m[33m(raylet)[0m   File "/home/hice1/acheng324/scratch/conda_envs/soccertwos/lib/python3.8/socket.py", line 930, in getaddrinfo
[2m[33m(raylet)[0m     for res in _socket.getaddrinfo(host, port, family, type, proto, flags):
[2m[33m(raylet)[0m socket.gaierror: [Errno -2] Name or service not known
[2m[33m(raylet)[0m /home/hice1/acheng324/scratch/conda_envs/soccertwos/lib/python3.8/site-packages/ray/autoscaler/_private/cli_logger.py:57: FutureWarning: Not all Ray CLI dependencies were found. In Ray 1.4+, the Ray CLI, autoscaler, and dashboard will only be usable via `pip install 'ray[default]'`. Please update your install command.
[2m[33m(raylet)[0m   warnings.warn(
2026-03-30 14:41:00,591	WARNING worker.py:1114 -- The agent on node atl1-1-02-010-1-1.pace.gatech.edu failed with the following error:
Traceback (most recent call last):
  File "/home/hice1/acheng324/scratch/conda_envs/soccertwos/lib/python3.8/site-packages/ray/new_dashboard/agent.py", line 326, in <module>
    loop.run_until_complete(agent.run())
  File "/home/hice1/acheng324/scratch/conda_envs/soccertwos/lib/python3.8/asyncio/base_events.py", line 616, in run_until_complete
    return future.result()
  File "/home/hice1/acheng324/scratch/conda_envs/soccertwos/lib/python3.8/site-packages/ray/new_dashboard/agent.py", line 138, in run
    modules = self._load_modules()
  File "/home/hice1/acheng324/scratch/conda_envs/soccertwos/lib/python3.8/site-packages/ray/new_dashboard/agent.py", line 92, in _load_modules
    c = cls(self)
  File "/home/hice1/acheng324/scratch/conda_envs/soccertwos/lib/python3.8/site-packages/ray/new_dashboard/modules/reporter/reporter_agent.py", line 148, in __init__
    self._metrics_agent = MetricsAgent(dashboard_agent.metrics_export_port)
  File "/home/hice1/acheng324/scratch/conda_envs/soccertwos/lib/python3.8/site-packages/ray/_private/metrics_agent.py", line 75, in __init__
    prometheus_exporter.new_stats_exporter(
  File "/home/hice1/acheng324/scratch/conda_envs/soccertwos/lib/python3.8/site-packages/ray/_private/prometheus_exporter.py", line 333, in new_stats_exporter
    exporter = PrometheusStatsExporter(
  File "/home/hice1/acheng324/scratch/conda_envs/soccertwos/lib/python3.8/site-packages/ray/_private/prometheus_exporter.py", line 266, in __init__
    self.serve_http()
  File "/home/hice1/acheng324/scratch/conda_envs/soccertwos/lib/python3.8/site-packages/ray/_private/prometheus_exporter.py", line 320, in serve_http
    start_http_server(
  File "/home/hice1/acheng324/scratch/conda_envs/soccertwos/lib/python3.8/site-packages/prometheus_client/exposition.py", line 231, in start_wsgi_server
    TmpServer.address_family, addr = _get_best_family(addr, port)
  File "/home/hice1/acheng324/scratch/conda_envs/soccertwos/lib/python3.8/site-packages/prometheus_client/exposition.py", line 169, in _get_best_family
    infos = socket.getaddrinfo(address, port, type=socket.SOCK_STREAM, flags=socket.AI_PASSIVE)
  File "/home/hice1/acheng324/scratch/conda_envs/soccertwos/lib/python3.8/socket.py", line 930, in getaddrinfo
    for res in _socket.getaddrinfo(host, port, family, type, proto, flags):
socket.gaierror: [Errno -2] Name or service not known

[2m[33m(raylet)[0m Traceback (most recent call last):
[2m[33m(raylet)[0m   File "/home/hice1/acheng324/scratch/conda_envs/soccertwos/lib/python3.8/site-packages/ray/new_dashboard/agent.py", line 338, in <module>
[2m[33m(raylet)[0m     raise e
[2m[33m(raylet)[0m   File "/home/hice1/acheng324/scratch/conda_envs/soccertwos/lib/python3.8/site-packages/ray/new_dashboard/agent.py", line 326, in <module>
[2m[33m(raylet)[0m     loop.run_until_complete(agent.run())
[2m[33m(raylet)[0m   File "/home/hice1/acheng324/scratch/conda_envs/soccertwos/lib/python3.8/asyncio/base_events.py", line 616, in run_until_complete
[2m[33m(raylet)[0m     return future.result()
[2m[33m(raylet)[0m   File "/home/hice1/acheng324/scratch/conda_envs/soccertwos/lib/python3.8/site-packages/ray/new_dashboard/agent.py", line 138, in run
[2m[33m(raylet)[0m     modules = self._load_modules()
[2m[33m(raylet)[0m   File "/home/hice1/acheng324/scratch/conda_envs/soccertwos/lib/python3.8/site-packages/ray/new_dashboard/agent.py", line 92, in _load_modules
[2m[33m(raylet)[0m     c = cls(self)
[2m[33m(raylet)[0m   File "/home/hice1/acheng324/scratch/conda_envs/soccertwos/lib/python3.8/site-packages/ray/new_dashboard/modules/reporter/reporter_agent.py", line 148, in __init__
[2m[33m(raylet)[0m     self._metrics_agent = MetricsAgent(dashboard_agent.metrics_export_port)
[2m[33m(raylet)[0m   File "/home/hice1/acheng324/scratch/conda_envs/soccertwos/lib/python3.8/site-packages/ray/_private/metrics_agent.py", line 75, in __init__
[2m[33m(raylet)[0m     prometheus_exporter.new_stats_exporter(
[2m[33m(raylet)[0m   File "/home/hice1/acheng324/scratch/conda_envs/soccertwos/lib/python3.8/site-packages/ray/_private/prometheus_exporter.py", line 333, in new_stats_exporter
[2m[33m(raylet)[0m     exporter = PrometheusStatsExporter(
[2m[33m(raylet)[0m   File "/home/hice1/acheng324/scratch/conda_envs/soccertwos/lib/python3.8/site-packages/ray/_private/prometheus_exporter.py", line 266, in __init__
[2m[33m(raylet)[0m     self.serve_http()
[2m[33m(raylet)[0m   File "/home/hice1/acheng324/scratch/conda_envs/soccertwos/lib/python3.8/site-packages/ray/_private/prometheus_exporter.py", line 320, in serve_http
[2m[33m(raylet)[0m     start_http_server(
[2m[33m(raylet)[0m   File "/home/hice1/acheng324/scratch/conda_envs/soccertwos/lib/python3.8/site-packages/prometheus_client/exposition.py", line 231, in start_wsgi_server
[2m[33m(raylet)[0m     TmpServer.address_family, addr = _get_best_family(addr, port)
[2m[33m(raylet)[0m   File "/home/hice1/acheng324/scratch/conda_envs/soccertwos/lib/python3.8/site-packages/prometheus_client/exposition.py", line 169, in _get_best_family
[2m[33m(raylet)[0m     infos = socket.getaddrinfo(address, port, type=socket.SOCK_STREAM, flags=socket.AI_PASSIVE)
[2m[33m(raylet)[0m   File "/home/hice1/acheng324/scratch/conda_envs/soccertwos/lib/python3.8/socket.py", line 930, in getaddrinfo
[2m[33m(raylet)[0m     for res in _socket.getaddrinfo(host, port, family, type, proto, flags):
[2m[33m(raylet)[0m socket.gaierror: [Errno -2] Name or service not known
[2m[33m(raylet)[0m /home/hice1/acheng324/scratch/conda_envs/soccertwos/lib/python3.8/site-packages/ray/autoscaler/_private/cli_logger.py:57: FutureWarning: Not all Ray CLI dependencies were found. In Ray 1.4+, the Ray CLI, autoscaler, and dashboard will only be usable via `pip install 'ray[default]'`. Please update your install command.
[2m[33m(raylet)[0m   warnings.warn(
2026-03-30 14:41:03,409	WARNING worker.py:1114 -- The agent on node atl1-1-02-010-1-1.pace.gatech.edu failed with the following error:
Traceback (most recent call last):
  File "/home/hice1/acheng324/scratch/conda_envs/soccertwos/lib/python3.8/site-packages/ray/new_dashboard/agent.py", line 326, in <module>
    loop.run_until_complete(agent.run())
  File "/home/hice1/acheng324/scratch/conda_envs/soccertwos/lib/python3.8/asyncio/base_events.py", line 616, in run_until_complete
    return future.result()
  File "/home/hice1/acheng324/scratch/conda_envs/soccertwos/lib/python3.8/site-packages/ray/new_dashboard/agent.py", line 138, in run
    modules = self._load_modules()
  File "/home/hice1/acheng324/scratch/conda_envs/soccertwos/lib/python3.8/site-packages/ray/new_dashboard/agent.py", line 92, in _load_modules
    c = cls(self)
  File "/home/hice1/acheng324/scratch/conda_envs/soccertwos/lib/python3.8/site-packages/ray/new_dashboard/modules/reporter/reporter_agent.py", line 148, in __init__
    self._metrics_agent = MetricsAgent(dashboard_agent.metrics_export_port)
  File "/home/hice1/acheng324/scratch/conda_envs/soccertwos/lib/python3.8/site-packages/ray/_private/metrics_agent.py", line 75, in __init__
    prometheus_exporter.new_stats_exporter(
  File "/home/hice1/acheng324/scratch/conda_envs/soccertwos/lib/python3.8/site-packages/ray/_private/prometheus_exporter.py", line 333, in new_stats_exporter
    exporter = PrometheusStatsExporter(
  File "/home/hice1/acheng324/scratch/conda_envs/soccertwos/lib/python3.8/site-packages/ray/_private/prometheus_exporter.py", line 266, in __init__
    self.serve_http()
  File "/home/hice1/acheng324/scratch/conda_envs/soccertwos/lib/python3.8/site-packages/ray/_private/prometheus_exporter.py", line 320, in serve_http
    start_http_server(
  File "/home/hice1/acheng324/scratch/conda_envs/soccertwos/lib/python3.8/site-packages/prometheus_client/exposition.py", line 231, in start_wsgi_server
    TmpServer.address_family, addr = _get_best_family(addr, port)
  File "/home/hice1/acheng324/scratch/conda_envs/soccertwos/lib/python3.8/site-packages/prometheus_client/exposition.py", line 169, in _get_best_family
    infos = socket.getaddrinfo(address, port, type=socket.SOCK_STREAM, flags=socket.AI_PASSIVE)
  File "/home/hice1/acheng324/scratch/conda_envs/soccertwos/lib/python3.8/socket.py", line 930, in getaddrinfo
    for res in _socket.getaddrinfo(host, port, family, type, proto, flags):
socket.gaierror: [Errno -2] Name or service not known

[2m[33m(raylet)[0m Traceback (most recent call last):
[2m[33m(raylet)[0m   File "/home/hice1/acheng324/scratch/conda_envs/soccertwos/lib/python3.8/site-packages/ray/new_dashboard/agent.py", line 338, in <module>
[2m[33m(raylet)[0m     raise e
[2m[33m(raylet)[0m   File "/home/hice1/acheng324/scratch/conda_envs/soccertwos/lib/python3.8/site-packages/ray/new_dashboard/agent.py", line 326, in <module>
[2m[33m(raylet)[0m     loop.run_until_complete(agent.run())
[2m[33m(raylet)[0m   File "/home/hice1/acheng324/scratch/conda_envs/soccertwos/lib/python3.8/asyncio/base_events.py", line 616, in run_until_complete
[2m[33m(raylet)[0m     return future.result()
[2m[33m(raylet)[0m   File "/home/hice1/acheng324/scratch/conda_envs/soccertwos/lib/python3.8/site-packages/ray/new_dashboard/agent.py", line 138, in run
[2m[33m(raylet)[0m     modules = self._load_modules()
[2m[33m(raylet)[0m   File "/home/hice1/acheng324/scratch/conda_envs/soccertwos/lib/python3.8/site-packages/ray/new_dashboard/agent.py", line 92, in _load_modules
[2m[33m(raylet)[0m     c = cls(self)
[2m[33m(raylet)[0m   File "/home/hice1/acheng324/scratch/conda_envs/soccertwos/lib/python3.8/site-packages/ray/new_dashboard/modules/reporter/reporter_agent.py", line 148, in __init__
[2m[33m(raylet)[0m     self._metrics_agent = MetricsAgent(dashboard_agent.metrics_export_port)
[2m[33m(raylet)[0m   File "/home/hice1/acheng324/scratch/conda_envs/soccertwos/lib/python3.8/site-packages/ray/_private/metrics_agent.py", line 75, in __init__
[2m[33m(raylet)[0m     prometheus_exporter.new_stats_exporter(
[2m[33m(raylet)[0m   File "/home/hice1/acheng324/scratch/conda_envs/soccertwos/lib/python3.8/site-packages/ray/_private/prometheus_exporter.py", line 333, in new_stats_exporter
[2m[33m(raylet)[0m     exporter = PrometheusStatsExporter(
[2m[33m(raylet)[0m   File "/home/hice1/acheng324/scratch/conda_envs/soccertwos/lib/python3.8/site-packages/ray/_private/prometheus_exporter.py", line 266, in __init__
[2m[33m(raylet)[0m     self.serve_http()
[2m[33m(raylet)[0m   File "/home/hice1/acheng324/scratch/conda_envs/soccertwos/lib/python3.8/site-packages/ray/_private/prometheus_exporter.py", line 320, in serve_http
[2m[33m(raylet)[0m     start_http_server(
[2m[33m(raylet)[0m   File "/home/hice1/acheng324/scratch/conda_envs/soccertwos/lib/python3.8/site-packages/prometheus_client/exposition.py", line 231, in start_wsgi_server
[2m[33m(raylet)[0m     TmpServer.address_family, addr = _get_best_family(addr, port)
[2m[33m(raylet)[0m   File "/home/hice1/acheng324/scratch/conda_envs/soccertwos/lib/python3.8/site-packages/prometheus_client/exposition.py", line 169, in _get_best_family
[2m[33m(raylet)[0m     infos = socket.getaddrinfo(address, port, type=socket.SOCK_STREAM, flags=socket.AI_PASSIVE)
[2m[33m(raylet)[0m   File "/home/hice1/acheng324/scratch/conda_envs/soccertwos/lib/python3.8/socket.py", line 930, in getaddrinfo
[2m[33m(raylet)[0m     for res in _socket.getaddrinfo(host, port, family, type, proto, flags):
[2m[33m(raylet)[0m socket.gaierror: [Errno -2] Name or service not known
[2m[33m(raylet)[0m /home/hice1/acheng324/scratch/conda_envs/soccertwos/lib/python3.8/site-packages/ray/autoscaler/_private/cli_logger.py:57: FutureWarning: Not all Ray CLI dependencies were found. In Ray 1.4+, the Ray CLI, autoscaler, and dashboard will only be usable via `pip install 'ray[default]'`. Please update your install command.
[2m[33m(raylet)[0m   warnings.warn(
2026-03-30 14:41:06,241	WARNING worker.py:1114 -- The agent on node atl1-1-02-010-1-1.pace.gatech.edu failed with the following error:
Traceback (most recent call last):
  File "/home/hice1/acheng324/scratch/conda_envs/soccertwos/lib/python3.8/site-packages/ray/new_dashboard/agent.py", line 326, in <module>
    loop.run_until_complete(agent.run())
  File "/home/hice1/acheng324/scratch/conda_envs/soccertwos/lib/python3.8/asyncio/base_events.py", line 616, in run_until_complete
    return future.result()
  File "/home/hice1/acheng324/scratch/conda_envs/soccertwos/lib/python3.8/site-packages/ray/new_dashboard/agent.py", line 138, in run
    modules = self._load_modules()
  File "/home/hice1/acheng324/scratch/conda_envs/soccertwos/lib/python3.8/site-packages/ray/new_dashboard/agent.py", line 92, in _load_modules
    c = cls(self)
  File "/home/hice1/acheng324/scratch/conda_envs/soccertwos/lib/python3.8/site-packages/ray/new_dashboard/modules/reporter/reporter_agent.py", line 148, in __init__
    self._metrics_agent = MetricsAgent(dashboard_agent.metrics_export_port)
  File "/home/hice1/acheng324/scratch/conda_envs/soccertwos/lib/python3.8/site-packages/ray/_private/metrics_agent.py", line 75, in __init__
    prometheus_exporter.new_stats_exporter(
  File "/home/hice1/acheng324/scratch/conda_envs/soccertwos/lib/python3.8/site-packages/ray/_private/prometheus_exporter.py", line 333, in new_stats_exporter
    exporter = PrometheusStatsExporter(
  File "/home/hice1/acheng324/scratch/conda_envs/soccertwos/lib/python3.8/site-packages/ray/_private/prometheus_exporter.py", line 266, in __init__
    self.serve_http()
  File "/home/hice1/acheng324/scratch/conda_envs/soccertwos/lib/python3.8/site-packages/ray/_private/prometheus_exporter.py", line 320, in serve_http
    start_http_server(
  File "/home/hice1/acheng324/scratch/conda_envs/soccertwos/lib/python3.8/site-packages/prometheus_client/exposition.py", line 231, in start_wsgi_server
    TmpServer.address_family, addr = _get_best_family(addr, port)
  File "/home/hice1/acheng324/scratch/conda_envs/soccertwos/lib/python3.8/site-packages/prometheus_client/exposition.py", line 169, in _get_best_family
    infos = socket.getaddrinfo(address, port, type=socket.SOCK_STREAM, flags=socket.AI_PASSIVE)
  File "/home/hice1/acheng324/scratch/conda_envs/soccertwos/lib/python3.8/socket.py", line 930, in getaddrinfo
    for res in _socket.getaddrinfo(host, port, family, type, proto, flags):
socket.gaierror: [Errno -2] Name or service not known

[2m[33m(raylet)[0m Traceback (most recent call last):
[2m[33m(raylet)[0m   File "/home/hice1/acheng324/scratch/conda_envs/soccertwos/lib/python3.8/site-packages/ray/new_dashboard/agent.py", line 338, in <module>
[2m[33m(raylet)[0m     raise e
[2m[33m(raylet)[0m   File "/home/hice1/acheng324/scratch/conda_envs/soccertwos/lib/python3.8/site-packages/ray/new_dashboard/agent.py", line 326, in <module>
[2m[33m(raylet)[0m     loop.run_until_complete(agent.run())
[2m[33m(raylet)[0m   File "/home/hice1/acheng324/scratch/conda_envs/soccertwos/lib/python3.8/asyncio/base_events.py", line 616, in run_until_complete
[2m[33m(raylet)[0m     return future.result()
[2m[33m(raylet)[0m   File "/home/hice1/acheng324/scratch/conda_envs/soccertwos/lib/python3.8/site-packages/ray/new_dashboard/agent.py", line 138, in run
[2m[33m(raylet)[0m     modules = self._load_modules()
[2m[33m(raylet)[0m   File "/home/hice1/acheng324/scratch/conda_envs/soccertwos/lib/python3.8/site-packages/ray/new_dashboard/agent.py", line 92, in _load_modules
[2m[33m(raylet)[0m     c = cls(self)
[2m[33m(raylet)[0m   File "/home/hice1/acheng324/scratch/conda_envs/soccertwos/lib/python3.8/site-packages/ray/new_dashboard/modules/reporter/reporter_agent.py", line 148, in __init__
[2m[33m(raylet)[0m     self._metrics_agent = MetricsAgent(dashboard_agent.metrics_export_port)
[2m[33m(raylet)[0m   File "/home/hice1/acheng324/scratch/conda_envs/soccertwos/lib/python3.8/site-packages/ray/_private/metrics_agent.py", line 75, in __init__
[2m[33m(raylet)[0m     prometheus_exporter.new_stats_exporter(
[2m[33m(raylet)[0m   File "/home/hice1/acheng324/scratch/conda_envs/soccertwos/lib/python3.8/site-packages/ray/_private/prometheus_exporter.py", line 333, in new_stats_exporter
[2m[33m(raylet)[0m     exporter = PrometheusStatsExporter(
[2m[33m(raylet)[0m   File "/home/hice1/acheng324/scratch/conda_envs/soccertwos/lib/python3.8/site-packages/ray/_private/prometheus_exporter.py", line 266, in __init__
[2m[33m(raylet)[0m     self.serve_http()
[2m[33m(raylet)[0m   File "/home/hice1/acheng324/scratch/conda_envs/soccertwos/lib/python3.8/site-packages/ray/_private/prometheus_exporter.py", line 320, in serve_http
[2m[33m(raylet)[0m     start_http_server(
[2m[33m(raylet)[0m   File "/home/hice1/acheng324/scratch/conda_envs/soccertwos/lib/python3.8/site-packages/prometheus_client/exposition.py", line 231, in start_wsgi_server
[2m[33m(raylet)[0m     TmpServer.address_family, addr = _get_best_family(addr, port)
[2m[33m(raylet)[0m   File "/home/hice1/acheng324/scratch/conda_envs/soccertwos/lib/python3.8/site-packages/prometheus_client/exposition.py", line 169, in _get_best_family
[2m[33m(raylet)[0m     infos = socket.getaddrinfo(address, port, type=socket.SOCK_STREAM, flags=socket.AI_PASSIVE)
[2m[33m(raylet)[0m   File "/home/hice1/acheng324/scratch/conda_envs/soccertwos/lib/python3.8/socket.py", line 930, in getaddrinfo
[2m[33m(raylet)[0m     for res in _socket.getaddrinfo(host, port, family, type, proto, flags):
[2m[33m(raylet)[0m socket.gaierror: [Errno -2] Name or service not known
[2m[33m(raylet)[0m /home/hice1/acheng324/scratch/conda_envs/soccertwos/lib/python3.8/site-packages/ray/autoscaler/_private/cli_logger.py:57: FutureWarning: Not all Ray CLI dependencies were found. In Ray 1.4+, the Ray CLI, autoscaler, and dashboard will only be usable via `pip install 'ray[default]'`. Please update your install command.
[2m[33m(raylet)[0m   warnings.warn(
2026-03-30 14:41:09,058	WARNING worker.py:1114 -- The agent on node atl1-1-02-010-1-1.pace.gatech.edu failed with the following error:
Traceback (most recent call last):
  File "/home/hice1/acheng324/scratch/conda_envs/soccertwos/lib/python3.8/site-packages/ray/new_dashboard/agent.py", line 326, in <module>
    loop.run_until_complete(agent.run())
  File "/home/hice1/acheng324/scratch/conda_envs/soccertwos/lib/python3.8/asyncio/base_events.py", line 616, in run_until_complete
    return future.result()
  File "/home/hice1/acheng324/scratch/conda_envs/soccertwos/lib/python3.8/site-packages/ray/new_dashboard/agent.py", line 138, in run
    modules = self._load_modules()
  File "/home/hice1/acheng324/scratch/conda_envs/soccertwos/lib/python3.8/site-packages/ray/new_dashboard/agent.py", line 92, in _load_modules
    c = cls(self)
  File "/home/hice1/acheng324/scratch/conda_envs/soccertwos/lib/python3.8/site-packages/ray/new_dashboard/modules/reporter/reporter_agent.py", line 148, in __init__
    self._metrics_agent = MetricsAgent(dashboard_agent.metrics_export_port)
  File "/home/hice1/acheng324/scratch/conda_envs/soccertwos/lib/python3.8/site-packages/ray/_private/metrics_agent.py", line 75, in __init__
    prometheus_exporter.new_stats_exporter(
  File "/home/hice1/acheng324/scratch/conda_envs/soccertwos/lib/python3.8/site-packages/ray/_private/prometheus_exporter.py", line 333, in new_stats_exporter
    exporter = PrometheusStatsExporter(
  File "/home/hice1/acheng324/scratch/conda_envs/soccertwos/lib/python3.8/site-packages/ray/_private/prometheus_exporter.py", line 266, in __init__
    self.serve_http()
  File "/home/hice1/acheng324/scratch/conda_envs/soccertwos/lib/python3.8/site-packages/ray/_private/prometheus_exporter.py", line 320, in serve_http
    start_http_server(
  File "/home/hice1/acheng324/scratch/conda_envs/soccertwos/lib/python3.8/site-packages/prometheus_client/exposition.py", line 231, in start_wsgi_server
    TmpServer.address_family, addr = _get_best_family(addr, port)
  File "/home/hice1/acheng324/scratch/conda_envs/soccertwos/lib/python3.8/site-packages/prometheus_client/exposition.py", line 169, in _get_best_family
    infos = socket.getaddrinfo(address, port, type=socket.SOCK_STREAM, flags=socket.AI_PASSIVE)
  File "/home/hice1/acheng324/scratch/conda_envs/soccertwos/lib/python3.8/socket.py", line 930, in getaddrinfo
    for res in _socket.getaddrinfo(host, port, family, type, proto, flags):
socket.gaierror: [Errno -2] Name or service not known

[2m[33m(raylet)[0m Traceback (most recent call last):
[2m[33m(raylet)[0m   File "/home/hice1/acheng324/scratch/conda_envs/soccertwos/lib/python3.8/site-packages/ray/new_dashboard/agent.py", line 338, in <module>
[2m[33m(raylet)[0m     raise e
[2m[33m(raylet)[0m   File "/home/hice1/acheng324/scratch/conda_envs/soccertwos/lib/python3.8/site-packages/ray/new_dashboard/agent.py", line 326, in <module>
[2m[33m(raylet)[0m     loop.run_until_complete(agent.run())
[2m[33m(raylet)[0m   File "/home/hice1/acheng324/scratch/conda_envs/soccertwos/lib/python3.8/asyncio/base_events.py", line 616, in run_until_complete
[2m[33m(raylet)[0m     return future.result()
[2m[33m(raylet)[0m   File "/home/hice1/acheng324/scratch/conda_envs/soccertwos/lib/python3.8/site-packages/ray/new_dashboard/agent.py", line 138, in run
[2m[33m(raylet)[0m     modules = self._load_modules()
[2m[33m(raylet)[0m   File "/home/hice1/acheng324/scratch/conda_envs/soccertwos/lib/python3.8/site-packages/ray/new_dashboard/agent.py", line 92, in _load_modules
[2m[33m(raylet)[0m     c = cls(self)
[2m[33m(raylet)[0m   File "/home/hice1/acheng324/scratch/conda_envs/soccertwos/lib/python3.8/site-packages/ray/new_dashboard/modules/reporter/reporter_agent.py", line 148, in __init__
[2m[33m(raylet)[0m     self._metrics_agent = MetricsAgent(dashboard_agent.metrics_export_port)
[2m[33m(raylet)[0m   File "/home/hice1/acheng324/scratch/conda_envs/soccertwos/lib/python3.8/site-packages/ray/_private/metrics_agent.py", line 75, in __init__
[2m[33m(raylet)[0m     prometheus_exporter.new_stats_exporter(
[2m[33m(raylet)[0m   File "/home/hice1/acheng324/scratch/conda_envs/soccertwos/lib/python3.8/site-packages/ray/_private/prometheus_exporter.py", line 333, in new_stats_exporter
[2m[33m(raylet)[0m     exporter = PrometheusStatsExporter(
[2m[33m(raylet)[0m   File "/home/hice1/acheng324/scratch/conda_envs/soccertwos/lib/python3.8/site-packages/ray/_private/prometheus_exporter.py", line 266, in __init__
[2m[33m(raylet)[0m     self.serve_http()
[2m[33m(raylet)[0m   File "/home/hice1/acheng324/scratch/conda_envs/soccertwos/lib/python3.8/site-packages/ray/_private/prometheus_exporter.py", line 320, in serve_http
[2m[33m(raylet)[0m     start_http_server(
[2m[33m(raylet)[0m   File "/home/hice1/acheng324/scratch/conda_envs/soccertwos/lib/python3.8/site-packages/prometheus_client/exposition.py", line 231, in start_wsgi_server
[2m[33m(raylet)[0m     TmpServer.address_family, addr = _get_best_family(addr, port)
[2m[33m(raylet)[0m   File "/home/hice1/acheng324/scratch/conda_envs/soccertwos/lib/python3.8/site-packages/prometheus_client/exposition.py", line 169, in _get_best_family
[2m[33m(raylet)[0m     infos = socket.getaddrinfo(address, port, type=socket.SOCK_STREAM, flags=socket.AI_PASSIVE)
[2m[33m(raylet)[0m   File "/home/hice1/acheng324/scratch/conda_envs/soccertwos/lib/python3.8/socket.py", line 930, in getaddrinfo
[2m[33m(raylet)[0m     for res in _socket.getaddrinfo(host, port, family, type, proto, flags):
[2m[33m(raylet)[0m socket.gaierror: [Errno -2] Name or service not known
[2m[33m(raylet)[0m /home/hice1/acheng324/scratch/conda_envs/soccertwos/lib/python3.8/site-packages/ray/autoscaler/_private/cli_logger.py:57: FutureWarning: Not all Ray CLI dependencies were found. In Ray 1.4+, the Ray CLI, autoscaler, and dashboard will only be usable via `pip install 'ray[default]'`. Please update your install command.
[2m[33m(raylet)[0m   warnings.warn(
2026-03-30 14:41:11,868	WARNING worker.py:1114 -- The agent on node atl1-1-02-010-1-1.pace.gatech.edu failed with the following error:
Traceback (most recent call last):
  File "/home/hice1/acheng324/scratch/conda_envs/soccertwos/lib/python3.8/site-packages/ray/new_dashboard/agent.py", line 326, in <module>
    loop.run_until_complete(agent.run())
  File "/home/hice1/acheng324/scratch/conda_envs/soccertwos/lib/python3.8/asyncio/base_events.py", line 616, in run_until_complete
    return future.result()
  File "/home/hice1/acheng324/scratch/conda_envs/soccertwos/lib/python3.8/site-packages/ray/new_dashboard/agent.py", line 138, in run
    modules = self._load_modules()
  File "/home/hice1/acheng324/scratch/conda_envs/soccertwos/lib/python3.8/site-packages/ray/new_dashboard/agent.py", line 92, in _load_modules
    c = cls(self)
  File "/home/hice1/acheng324/scratch/conda_envs/soccertwos/lib/python3.8/site-packages/ray/new_dashboard/modules/reporter/reporter_agent.py", line 148, in __init__
    self._metrics_agent = MetricsAgent(dashboard_agent.metrics_export_port)
  File "/home/hice1/acheng324/scratch/conda_envs/soccertwos/lib/python3.8/site-packages/ray/_private/metrics_agent.py", line 75, in __init__
    prometheus_exporter.new_stats_exporter(
  File "/home/hice1/acheng324/scratch/conda_envs/soccertwos/lib/python3.8/site-packages/ray/_private/prometheus_exporter.py", line 333, in new_stats_exporter
    exporter = PrometheusStatsExporter(
  File "/home/hice1/acheng324/scratch/conda_envs/soccertwos/lib/python3.8/site-packages/ray/_private/prometheus_exporter.py", line 266, in __init__
    self.serve_http()
  File "/home/hice1/acheng324/scratch/conda_envs/soccertwos/lib/python3.8/site-packages/ray/_private/prometheus_exporter.py", line 320, in serve_http
    start_http_server(
  File "/home/hice1/acheng324/scratch/conda_envs/soccertwos/lib/python3.8/site-packages/prometheus_client/exposition.py", line 231, in start_wsgi_server
    TmpServer.address_family, addr = _get_best_family(addr, port)
  File "/home/hice1/acheng324/scratch/conda_envs/soccertwos/lib/python3.8/site-packages/prometheus_client/exposition.py", line 169, in _get_best_family
    infos = socket.getaddrinfo(address, port, type=socket.SOCK_STREAM, flags=socket.AI_PASSIVE)
  File "/home/hice1/acheng324/scratch/conda_envs/soccertwos/lib/python3.8/socket.py", line 930, in getaddrinfo
    for res in _socket.getaddrinfo(host, port, family, type, proto, flags):
socket.gaierror: [Errno -2] Name or service not known

[2m[33m(raylet)[0m Traceback (most recent call last):
[2m[33m(raylet)[0m   File "/home/hice1/acheng324/scratch/conda_envs/soccertwos/lib/python3.8/site-packages/ray/new_dashboard/agent.py", line 338, in <module>
[2m[33m(raylet)[0m     raise e
[2m[33m(raylet)[0m   File "/home/hice1/acheng324/scratch/conda_envs/soccertwos/lib/python3.8/site-packages/ray/new_dashboard/agent.py", line 326, in <module>
[2m[33m(raylet)[0m     loop.run_until_complete(agent.run())
[2m[33m(raylet)[0m   File "/home/hice1/acheng324/scratch/conda_envs/soccertwos/lib/python3.8/asyncio/base_events.py", line 616, in run_until_complete
[2m[33m(raylet)[0m     return future.result()
[2m[33m(raylet)[0m   File "/home/hice1/acheng324/scratch/conda_envs/soccertwos/lib/python3.8/site-packages/ray/new_dashboard/agent.py", line 138, in run
[2m[33m(raylet)[0m     modules = self._load_modules()
[2m[33m(raylet)[0m   File "/home/hice1/acheng324/scratch/conda_envs/soccertwos/lib/python3.8/site-packages/ray/new_dashboard/agent.py", line 92, in _load_modules
[2m[33m(raylet)[0m     c = cls(self)
[2m[33m(raylet)[0m   File "/home/hice1/acheng324/scratch/conda_envs/soccertwos/lib/python3.8/site-packages/ray/new_dashboard/modules/reporter/reporter_agent.py", line 148, in __init__
[2m[33m(raylet)[0m     self._metrics_agent = MetricsAgent(dashboard_agent.metrics_export_port)
[2m[33m(raylet)[0m   File "/home/hice1/acheng324/scratch/conda_envs/soccertwos/lib/python3.8/site-packages/ray/_private/metrics_agent.py", line 75, in __init__
[2m[33m(raylet)[0m     prometheus_exporter.new_stats_exporter(
[2m[33m(raylet)[0m   File "/home/hice1/acheng324/scratch/conda_envs/soccertwos/lib/python3.8/site-packages/ray/_private/prometheus_exporter.py", line 333, in new_stats_exporter
[2m[33m(raylet)[0m     exporter = PrometheusStatsExporter(
[2m[33m(raylet)[0m   File "/home/hice1/acheng324/scratch/conda_envs/soccertwos/lib/python3.8/site-packages/ray/_private/prometheus_exporter.py", line 266, in __init__
[2m[33m(raylet)[0m     self.serve_http()
[2m[33m(raylet)[0m   File "/home/hice1/acheng324/scratch/conda_envs/soccertwos/lib/python3.8/site-packages/ray/_private/prometheus_exporter.py", line 320, in serve_http
[2m[33m(raylet)[0m     start_http_server(
[2m[33m(raylet)[0m   File "/home/hice1/acheng324/scratch/conda_envs/soccertwos/lib/python3.8/site-packages/prometheus_client/exposition.py", line 231, in start_wsgi_server
[2m[33m(raylet)[0m     TmpServer.address_family, addr = _get_best_family(addr, port)
[2m[33m(raylet)[0m   File "/home/hice1/acheng324/scratch/conda_envs/soccertwos/lib/python3.8/site-packages/prometheus_client/exposition.py", line 169, in _get_best_family
[2m[33m(raylet)[0m     infos = socket.getaddrinfo(address, port, type=socket.SOCK_STREAM, flags=socket.AI_PASSIVE)
[2m[33m(raylet)[0m   File "/home/hice1/acheng324/scratch/conda_envs/soccertwos/lib/python3.8/socket.py", line 930, in getaddrinfo
[2m[33m(raylet)[0m     for res in _socket.getaddrinfo(host, port, family, type, proto, flags):
[2m[33m(raylet)[0m socket.gaierror: [Errno -2] Name or service not known
[2m[33m(raylet)[0m /home/hice1/acheng324/scratch/conda_envs/soccertwos/lib/python3.8/site-packages/ray/autoscaler/_private/cli_logger.py:57: FutureWarning: Not all Ray CLI dependencies were found. In Ray 1.4+, the Ray CLI, autoscaler, and dashboard will only be usable via `pip install 'ray[default]'`. Please update your install command.
[2m[33m(raylet)[0m   warnings.warn(
2026-03-30 14:41:14,687	WARNING worker.py:1114 -- The agent on node atl1-1-02-010-1-1.pace.gatech.edu failed with the following error:
Traceback (most recent call last):
  File "/home/hice1/acheng324/scratch/conda_envs/soccertwos/lib/python3.8/site-packages/ray/new_dashboard/agent.py", line 326, in <module>
    loop.run_until_complete(agent.run())
  File "/home/hice1/acheng324/scratch/conda_envs/soccertwos/lib/python3.8/asyncio/base_events.py", line 616, in run_until_complete
    return future.result()
  File "/home/hice1/acheng324/scratch/conda_envs/soccertwos/lib/python3.8/site-packages/ray/new_dashboard/agent.py", line 138, in run
    modules = self._load_modules()
  File "/home/hice1/acheng324/scratch/conda_envs/soccertwos/lib/python3.8/site-packages/ray/new_dashboard/agent.py", line 92, in _load_modules
    c = cls(self)
  File "/home/hice1/acheng324/scratch/conda_envs/soccertwos/lib/python3.8/site-packages/ray/new_dashboard/modules/reporter/reporter_agent.py", line 148, in __init__
    self._metrics_agent = MetricsAgent(dashboard_agent.metrics_export_port)
  File "/home/hice1/acheng324/scratch/conda_envs/soccertwos/lib/python3.8/site-packages/ray/_private/metrics_agent.py", line 75, in __init__
    prometheus_exporter.new_stats_exporter(
  File "/home/hice1/acheng324/scratch/conda_envs/soccertwos/lib/python3.8/site-packages/ray/_private/prometheus_exporter.py", line 333, in new_stats_exporter
    exporter = PrometheusStatsExporter(
  File "/home/hice1/acheng324/scratch/conda_envs/soccertwos/lib/python3.8/site-packages/ray/_private/prometheus_exporter.py", line 266, in __init__
    self.serve_http()
  File "/home/hice1/acheng324/scratch/conda_envs/soccertwos/lib/python3.8/site-packages/ray/_private/prometheus_exporter.py", line 320, in serve_http
    start_http_server(
  File "/home/hice1/acheng324/scratch/conda_envs/soccertwos/lib/python3.8/site-packages/prometheus_client/exposition.py", line 231, in start_wsgi_server
    TmpServer.address_family, addr = _get_best_family(addr, port)
  File "/home/hice1/acheng324/scratch/conda_envs/soccertwos/lib/python3.8/site-packages/prometheus_client/exposition.py", line 169, in _get_best_family
    infos = socket.getaddrinfo(address, port, type=socket.SOCK_STREAM, flags=socket.AI_PASSIVE)
  File "/home/hice1/acheng324/scratch/conda_envs/soccertwos/lib/python3.8/socket.py", line 930, in getaddrinfo
    for res in _socket.getaddrinfo(host, port, family, type, proto, flags):
socket.gaierror: [Errno -2] Name or service not known

[2m[33m(raylet)[0m Traceback (most recent call last):
[2m[33m(raylet)[0m   File "/home/hice1/acheng324/scratch/conda_envs/soccertwos/lib/python3.8/site-packages/ray/new_dashboard/agent.py", line 338, in <module>
[2m[33m(raylet)[0m     raise e
[2m[33m(raylet)[0m   File "/home/hice1/acheng324/scratch/conda_envs/soccertwos/lib/python3.8/site-packages/ray/new_dashboard/agent.py", line 326, in <module>
[2m[33m(raylet)[0m     loop.run_until_complete(agent.run())
[2m[33m(raylet)[0m   File "/home/hice1/acheng324/scratch/conda_envs/soccertwos/lib/python3.8/asyncio/base_events.py", line 616, in run_until_complete
[2m[33m(raylet)[0m     return future.result()
[2m[33m(raylet)[0m   File "/home/hice1/acheng324/scratch/conda_envs/soccertwos/lib/python3.8/site-packages/ray/new_dashboard/agent.py", line 138, in run
[2m[33m(raylet)[0m     modules = self._load_modules()
[2m[33m(raylet)[0m   File "/home/hice1/acheng324/scratch/conda_envs/soccertwos/lib/python3.8/site-packages/ray/new_dashboard/agent.py", line 92, in _load_modules
[2m[33m(raylet)[0m     c = cls(self)
[2m[33m(raylet)[0m   File "/home/hice1/acheng324/scratch/conda_envs/soccertwos/lib/python3.8/site-packages/ray/new_dashboard/modules/reporter/reporter_agent.py", line 148, in __init__
[2m[33m(raylet)[0m     self._metrics_agent = MetricsAgent(dashboard_agent.metrics_export_port)
[2m[33m(raylet)[0m   File "/home/hice1/acheng324/scratch/conda_envs/soccertwos/lib/python3.8/site-packages/ray/_private/metrics_agent.py", line 75, in __init__
[2m[33m(raylet)[0m     prometheus_exporter.new_stats_exporter(
[2m[33m(raylet)[0m   File "/home/hice1/acheng324/scratch/conda_envs/soccertwos/lib/python3.8/site-packages/ray/_private/prometheus_exporter.py", line 333, in new_stats_exporter
[2m[33m(raylet)[0m     exporter = PrometheusStatsExporter(
[2m[33m(raylet)[0m   File "/home/hice1/acheng324/scratch/conda_envs/soccertwos/lib/python3.8/site-packages/ray/_private/prometheus_exporter.py", line 266, in __init__
[2m[33m(raylet)[0m     self.serve_http()
[2m[33m(raylet)[0m   File "/home/hice1/acheng324/scratch/conda_envs/soccertwos/lib/python3.8/site-packages/ray/_private/prometheus_exporter.py", line 320, in serve_http
[2m[33m(raylet)[0m     start_http_server(
[2m[33m(raylet)[0m   File "/home/hice1/acheng324/scratch/conda_envs/soccertwos/lib/python3.8/site-packages/prometheus_client/exposition.py", line 231, in start_wsgi_server
[2m[33m(raylet)[0m     TmpServer.address_family, addr = _get_best_family(addr, port)
[2m[33m(raylet)[0m   File "/home/hice1/acheng324/scratch/conda_envs/soccertwos/lib/python3.8/site-packages/prometheus_client/exposition.py", line 169, in _get_best_family
[2m[33m(raylet)[0m     infos = socket.getaddrinfo(address, port, type=socket.SOCK_STREAM, flags=socket.AI_PASSIVE)
[2m[33m(raylet)[0m   File "/home/hice1/acheng324/scratch/conda_envs/soccertwos/lib/python3.8/socket.py", line 930, in getaddrinfo
[2m[33m(raylet)[0m     for res in _socket.getaddrinfo(host, port, family, type, proto, flags):
[2m[33m(raylet)[0m socket.gaierror: [Errno -2] Name or service not known
[2m[33m(raylet)[0m /home/hice1/acheng324/scratch/conda_envs/soccertwos/lib/python3.8/site-packages/ray/autoscaler/_private/cli_logger.py:57: FutureWarning: Not all Ray CLI dependencies were found. In Ray 1.4+, the Ray CLI, autoscaler, and dashboard will only be usable via `pip install 'ray[default]'`. Please update your install command.
[2m[33m(raylet)[0m   warnings.warn(
2026-03-30 14:41:17,537	WARNING worker.py:1114 -- The agent on node atl1-1-02-010-1-1.pace.gatech.edu failed with the following error:
Traceback (most recent call last):
  File "/home/hice1/acheng324/scratch/conda_envs/soccertwos/lib/python3.8/site-packages/ray/new_dashboard/agent.py", line 326, in <module>
    loop.run_until_complete(agent.run())
  File "/home/hice1/acheng324/scratch/conda_envs/soccertwos/lib/python3.8/asyncio/base_events.py", line 616, in run_until_complete
    return future.result()
  File "/home/hice1/acheng324/scratch/conda_envs/soccertwos/lib/python3.8/site-packages/ray/new_dashboard/agent.py", line 138, in run
    modules = self._load_modules()
  File "/home/hice1/acheng324/scratch/conda_envs/soccertwos/lib/python3.8/site-packages/ray/new_dashboard/agent.py", line 92, in _load_modules
    c = cls(self)
  File "/home/hice1/acheng324/scratch/conda_envs/soccertwos/lib/python3.8/site-packages/ray/new_dashboard/modules/reporter/reporter_agent.py", line 148, in __init__
    self._metrics_agent = MetricsAgent(dashboard_agent.metrics_export_port)
  File "/home/hice1/acheng324/scratch/conda_envs/soccertwos/lib/python3.8/site-packages/ray/_private/metrics_agent.py", line 75, in __init__
    prometheus_exporter.new_stats_exporter(
  File "/home/hice1/acheng324/scratch/conda_envs/soccertwos/lib/python3.8/site-packages/ray/_private/prometheus_exporter.py", line 333, in new_stats_exporter
    exporter = PrometheusStatsExporter(
  File "/home/hice1/acheng324/scratch/conda_envs/soccertwos/lib/python3.8/site-packages/ray/_private/prometheus_exporter.py", line 266, in __init__
    self.serve_http()
  File "/home/hice1/acheng324/scratch/conda_envs/soccertwos/lib/python3.8/site-packages/ray/_private/prometheus_exporter.py", line 320, in serve_http
    start_http_server(
  File "/home/hice1/acheng324/scratch/conda_envs/soccertwos/lib/python3.8/site-packages/prometheus_client/exposition.py", line 231, in start_wsgi_server
    TmpServer.address_family, addr = _get_best_family(addr, port)
  File "/home/hice1/acheng324/scratch/conda_envs/soccertwos/lib/python3.8/site-packages/prometheus_client/exposition.py", line 169, in _get_best_family
    infos = socket.getaddrinfo(address, port, type=socket.SOCK_STREAM, flags=socket.AI_PASSIVE)
  File "/home/hice1/acheng324/scratch/conda_envs/soccertwos/lib/python3.8/socket.py", line 930, in getaddrinfo
    for res in _socket.getaddrinfo(host, port, family, type, proto, flags):
socket.gaierror: [Errno -2] Name or service not known

[2m[33m(raylet)[0m Traceback (most recent call last):
[2m[33m(raylet)[0m   File "/home/hice1/acheng324/scratch/conda_envs/soccertwos/lib/python3.8/site-packages/ray/new_dashboard/agent.py", line 338, in <module>
[2m[33m(raylet)[0m     raise e
[2m[33m(raylet)[0m   File "/home/hice1/acheng324/scratch/conda_envs/soccertwos/lib/python3.8/site-packages/ray/new_dashboard/agent.py", line 326, in <module>
[2m[33m(raylet)[0m     loop.run_until_complete(agent.run())
[2m[33m(raylet)[0m   File "/home/hice1/acheng324/scratch/conda_envs/soccertwos/lib/python3.8/asyncio/base_events.py", line 616, in run_until_complete
[2m[33m(raylet)[0m     return future.result()
[2m[33m(raylet)[0m   File "/home/hice1/acheng324/scratch/conda_envs/soccertwos/lib/python3.8/site-packages/ray/new_dashboard/agent.py", line 138, in run
[2m[33m(raylet)[0m     modules = self._load_modules()
[2m[33m(raylet)[0m   File "/home/hice1/acheng324/scratch/conda_envs/soccertwos/lib/python3.8/site-packages/ray/new_dashboard/agent.py", line 92, in _load_modules
[2m[33m(raylet)[0m     c = cls(self)
[2m[33m(raylet)[0m   File "/home/hice1/acheng324/scratch/conda_envs/soccertwos/lib/python3.8/site-packages/ray/new_dashboard/modules/reporter/reporter_agent.py", line 148, in __init__
[2m[33m(raylet)[0m     self._metrics_agent = MetricsAgent(dashboard_agent.metrics_export_port)
[2m[33m(raylet)[0m   File "/home/hice1/acheng324/scratch/conda_envs/soccertwos/lib/python3.8/site-packages/ray/_private/metrics_agent.py", line 75, in __init__
[2m[33m(raylet)[0m     prometheus_exporter.new_stats_exporter(
[2m[33m(raylet)[0m   File "/home/hice1/acheng324/scratch/conda_envs/soccertwos/lib/python3.8/site-packages/ray/_private/prometheus_exporter.py", line 333, in new_stats_exporter
[2m[33m(raylet)[0m     exporter = PrometheusStatsExporter(
[2m[33m(raylet)[0m   File "/home/hice1/acheng324/scratch/conda_envs/soccertwos/lib/python3.8/site-packages/ray/_private/prometheus_exporter.py", line 266, in __init__
[2m[33m(raylet)[0m     self.serve_http()
[2m[33m(raylet)[0m   File "/home/hice1/acheng324/scratch/conda_envs/soccertwos/lib/python3.8/site-packages/ray/_private/prometheus_exporter.py", line 320, in serve_http
[2m[33m(raylet)[0m     start_http_server(
[2m[33m(raylet)[0m   File "/home/hice1/acheng324/scratch/conda_envs/soccertwos/lib/python3.8/site-packages/prometheus_client/exposition.py", line 231, in start_wsgi_server
[2m[33m(raylet)[0m     TmpServer.address_family, addr = _get_best_family(addr, port)
[2m[33m(raylet)[0m   File "/home/hice1/acheng324/scratch/conda_envs/soccertwos/lib/python3.8/site-packages/prometheus_client/exposition.py", line 169, in _get_best_family
[2m[33m(raylet)[0m     infos = socket.getaddrinfo(address, port, type=socket.SOCK_STREAM, flags=socket.AI_PASSIVE)
[2m[33m(raylet)[0m   File "/home/hice1/acheng324/scratch/conda_envs/soccertwos/lib/python3.8/socket.py", line 930, in getaddrinfo
[2m[33m(raylet)[0m     for res in _socket.getaddrinfo(host, port, family, type, proto, flags):
[2m[33m(raylet)[0m socket.gaierror: [Errno -2] Name or service not known
[2m[33m(raylet)[0m /home/hice1/acheng324/scratch/conda_envs/soccertwos/lib/python3.8/site-packages/ray/autoscaler/_private/cli_logger.py:57: FutureWarning: Not all Ray CLI dependencies were found. In Ray 1.4+, the Ray CLI, autoscaler, and dashboard will only be usable via `pip install 'ray[default]'`. Please update your install command.
[2m[33m(raylet)[0m   warnings.warn(
2026-03-30 14:41:20,349	WARNING worker.py:1114 -- The agent on node atl1-1-02-010-1-1.pace.gatech.edu failed with the following error:
Traceback (most recent call last):
  File "/home/hice1/acheng324/scratch/conda_envs/soccertwos/lib/python3.8/site-packages/ray/new_dashboard/agent.py", line 326, in <module>
    loop.run_until_complete(agent.run())
  File "/home/hice1/acheng324/scratch/conda_envs/soccertwos/lib/python3.8/asyncio/base_events.py", line 616, in run_until_complete
    return future.result()
  File "/home/hice1/acheng324/scratch/conda_envs/soccertwos/lib/python3.8/site-packages/ray/new_dashboard/agent.py", line 138, in run
    modules = self._load_modules()
  File "/home/hice1/acheng324/scratch/conda_envs/soccertwos/lib/python3.8/site-packages/ray/new_dashboard/agent.py", line 92, in _load_modules
    c = cls(self)
  File "/home/hice1/acheng324/scratch/conda_envs/soccertwos/lib/python3.8/site-packages/ray/new_dashboard/modules/reporter/reporter_agent.py", line 148, in __init__
    self._metrics_agent = MetricsAgent(dashboard_agent.metrics_export_port)
  File "/home/hice1/acheng324/scratch/conda_envs/soccertwos/lib/python3.8/site-packages/ray/_private/metrics_agent.py", line 75, in __init__
    prometheus_exporter.new_stats_exporter(
  File "/home/hice1/acheng324/scratch/conda_envs/soccertwos/lib/python3.8/site-packages/ray/_private/prometheus_exporter.py", line 333, in new_stats_exporter
    exporter = PrometheusStatsExporter(
  File "/home/hice1/acheng324/scratch/conda_envs/soccertwos/lib/python3.8/site-packages/ray/_private/prometheus_exporter.py", line 266, in __init__
    self.serve_http()
  File "/home/hice1/acheng324/scratch/conda_envs/soccertwos/lib/python3.8/site-packages/ray/_private/prometheus_exporter.py", line 320, in serve_http
    start_http_server(
  File "/home/hice1/acheng324/scratch/conda_envs/soccertwos/lib/python3.8/site-packages/prometheus_client/exposition.py", line 231, in start_wsgi_server
    TmpServer.address_family, addr = _get_best_family(addr, port)
  File "/home/hice1/acheng324/scratch/conda_envs/soccertwos/lib/python3.8/site-packages/prometheus_client/exposition.py", line 169, in _get_best_family
    infos = socket.getaddrinfo(address, port, type=socket.SOCK_STREAM, flags=socket.AI_PASSIVE)
  File "/home/hice1/acheng324/scratch/conda_envs/soccertwos/lib/python3.8/socket.py", line 930, in getaddrinfo
    for res in _socket.getaddrinfo(host, port, family, type, proto, flags):
socket.gaierror: [Errno -2] Name or service not known

[2m[33m(raylet)[0m Traceback (most recent call last):
[2m[33m(raylet)[0m   File "/home/hice1/acheng324/scratch/conda_envs/soccertwos/lib/python3.8/site-packages/ray/new_dashboard/agent.py", line 338, in <module>
[2m[33m(raylet)[0m     raise e
[2m[33m(raylet)[0m   File "/home/hice1/acheng324/scratch/conda_envs/soccertwos/lib/python3.8/site-packages/ray/new_dashboard/agent.py", line 326, in <module>
[2m[33m(raylet)[0m     loop.run_until_complete(agent.run())
[2m[33m(raylet)[0m   File "/home/hice1/acheng324/scratch/conda_envs/soccertwos/lib/python3.8/asyncio/base_events.py", line 616, in run_until_complete
[2m[33m(raylet)[0m     return future.result()
[2m[33m(raylet)[0m   File "/home/hice1/acheng324/scratch/conda_envs/soccertwos/lib/python3.8/site-packages/ray/new_dashboard/agent.py", line 138, in run
[2m[33m(raylet)[0m     modules = self._load_modules()
[2m[33m(raylet)[0m   File "/home/hice1/acheng324/scratch/conda_envs/soccertwos/lib/python3.8/site-packages/ray/new_dashboard/agent.py", line 92, in _load_modules
[2m[33m(raylet)[0m     c = cls(self)
[2m[33m(raylet)[0m   File "/home/hice1/acheng324/scratch/conda_envs/soccertwos/lib/python3.8/site-packages/ray/new_dashboard/modules/reporter/reporter_agent.py", line 148, in __init__
[2m[33m(raylet)[0m     self._metrics_agent = MetricsAgent(dashboard_agent.metrics_export_port)
[2m[33m(raylet)[0m   File "/home/hice1/acheng324/scratch/conda_envs/soccertwos/lib/python3.8/site-packages/ray/_private/metrics_agent.py", line 75, in __init__
[2m[33m(raylet)[0m     prometheus_exporter.new_stats_exporter(
[2m[33m(raylet)[0m   File "/home/hice1/acheng324/scratch/conda_envs/soccertwos/lib/python3.8/site-packages/ray/_private/prometheus_exporter.py", line 333, in new_stats_exporter
[2m[33m(raylet)[0m     exporter = PrometheusStatsExporter(
[2m[33m(raylet)[0m   File "/home/hice1/acheng324/scratch/conda_envs/soccertwos/lib/python3.8/site-packages/ray/_private/prometheus_exporter.py", line 266, in __init__
[2m[33m(raylet)[0m     self.serve_http()
[2m[33m(raylet)[0m   File "/home/hice1/acheng324/scratch/conda_envs/soccertwos/lib/python3.8/site-packages/ray/_private/prometheus_exporter.py", line 320, in serve_http
[2m[33m(raylet)[0m     start_http_server(
[2m[33m(raylet)[0m   File "/home/hice1/acheng324/scratch/conda_envs/soccertwos/lib/python3.8/site-packages/prometheus_client/exposition.py", line 231, in start_wsgi_server
[2m[33m(raylet)[0m     TmpServer.address_family, addr = _get_best_family(addr, port)
[2m[33m(raylet)[0m   File "/home/hice1/acheng324/scratch/conda_envs/soccertwos/lib/python3.8/site-packages/prometheus_client/exposition.py", line 169, in _get_best_family
[2m[33m(raylet)[0m     infos = socket.getaddrinfo(address, port, type=socket.SOCK_STREAM, flags=socket.AI_PASSIVE)
[2m[33m(raylet)[0m   File "/home/hice1/acheng324/scratch/conda_envs/soccertwos/lib/python3.8/socket.py", line 930, in getaddrinfo
[2m[33m(raylet)[0m     for res in _socket.getaddrinfo(host, port, family, type, proto, flags):
[2m[33m(raylet)[0m socket.gaierror: [Errno -2] Name or service not known
[2m[33m(raylet)[0m /home/hice1/acheng324/scratch/conda_envs/soccertwos/lib/python3.8/site-packages/ray/autoscaler/_private/cli_logger.py:57: FutureWarning: Not all Ray CLI dependencies were found. In Ray 1.4+, the Ray CLI, autoscaler, and dashboard will only be usable via `pip install 'ray[default]'`. Please update your install command.
[2m[33m(raylet)[0m   warnings.warn(
2026-03-30 14:41:23,159	WARNING worker.py:1114 -- The agent on node atl1-1-02-010-1-1.pace.gatech.edu failed with the following error:
Traceback (most recent call last):
  File "/home/hice1/acheng324/scratch/conda_envs/soccertwos/lib/python3.8/site-packages/ray/new_dashboard/agent.py", line 326, in <module>
    loop.run_until_complete(agent.run())
  File "/home/hice1/acheng324/scratch/conda_envs/soccertwos/lib/python3.8/asyncio/base_events.py", line 616, in run_until_complete
    return future.result()
  File "/home/hice1/acheng324/scratch/conda_envs/soccertwos/lib/python3.8/site-packages/ray/new_dashboard/agent.py", line 138, in run
    modules = self._load_modules()
  File "/home/hice1/acheng324/scratch/conda_envs/soccertwos/lib/python3.8/site-packages/ray/new_dashboard/agent.py", line 92, in _load_modules
    c = cls(self)
  File "/home/hice1/acheng324/scratch/conda_envs/soccertwos/lib/python3.8/site-packages/ray/new_dashboard/modules/reporter/reporter_agent.py", line 148, in __init__
    self._metrics_agent = MetricsAgent(dashboard_agent.metrics_export_port)
  File "/home/hice1/acheng324/scratch/conda_envs/soccertwos/lib/python3.8/site-packages/ray/_private/metrics_agent.py", line 75, in __init__
    prometheus_exporter.new_stats_exporter(
  File "/home/hice1/acheng324/scratch/conda_envs/soccertwos/lib/python3.8/site-packages/ray/_private/prometheus_exporter.py", line 333, in new_stats_exporter
    exporter = PrometheusStatsExporter(
  File "/home/hice1/acheng324/scratch/conda_envs/soccertwos/lib/python3.8/site-packages/ray/_private/prometheus_exporter.py", line 266, in __init__
    self.serve_http()
  File "/home/hice1/acheng324/scratch/conda_envs/soccertwos/lib/python3.8/site-packages/ray/_private/prometheus_exporter.py", line 320, in serve_http
    start_http_server(
  File "/home/hice1/acheng324/scratch/conda_envs/soccertwos/lib/python3.8/site-packages/prometheus_client/exposition.py", line 231, in start_wsgi_server
    TmpServer.address_family, addr = _get_best_family(addr, port)
  File "/home/hice1/acheng324/scratch/conda_envs/soccertwos/lib/python3.8/site-packages/prometheus_client/exposition.py", line 169, in _get_best_family
    infos = socket.getaddrinfo(address, port, type=socket.SOCK_STREAM, flags=socket.AI_PASSIVE)
  File "/home/hice1/acheng324/scratch/conda_envs/soccertwos/lib/python3.8/socket.py", line 930, in getaddrinfo
    for res in _socket.getaddrinfo(host, port, family, type, proto, flags):
socket.gaierror: [Errno -2] Name or service not known

[2m[33m(raylet)[0m Traceback (most recent call last):
[2m[33m(raylet)[0m   File "/home/hice1/acheng324/scratch/conda_envs/soccertwos/lib/python3.8/site-packages/ray/new_dashboard/agent.py", line 338, in <module>
[2m[33m(raylet)[0m     raise e
[2m[33m(raylet)[0m   File "/home/hice1/acheng324/scratch/conda_envs/soccertwos/lib/python3.8/site-packages/ray/new_dashboard/agent.py", line 326, in <module>
[2m[33m(raylet)[0m     loop.run_until_complete(agent.run())
[2m[33m(raylet)[0m   File "/home/hice1/acheng324/scratch/conda_envs/soccertwos/lib/python3.8/asyncio/base_events.py", line 616, in run_until_complete
[2m[33m(raylet)[0m     return future.result()
[2m[33m(raylet)[0m   File "/home/hice1/acheng324/scratch/conda_envs/soccertwos/lib/python3.8/site-packages/ray/new_dashboard/agent.py", line 138, in run
[2m[33m(raylet)[0m     modules = self._load_modules()
[2m[33m(raylet)[0m   File "/home/hice1/acheng324/scratch/conda_envs/soccertwos/lib/python3.8/site-packages/ray/new_dashboard/agent.py", line 92, in _load_modules
[2m[33m(raylet)[0m     c = cls(self)
[2m[33m(raylet)[0m   File "/home/hice1/acheng324/scratch/conda_envs/soccertwos/lib/python3.8/site-packages/ray/new_dashboard/modules/reporter/reporter_agent.py", line 148, in __init__
[2m[33m(raylet)[0m     self._metrics_agent = MetricsAgent(dashboard_agent.metrics_export_port)
[2m[33m(raylet)[0m   File "/home/hice1/acheng324/scratch/conda_envs/soccertwos/lib/python3.8/site-packages/ray/_private/metrics_agent.py", line 75, in __init__
[2m[33m(raylet)[0m     prometheus_exporter.new_stats_exporter(
[2m[33m(raylet)[0m   File "/home/hice1/acheng324/scratch/conda_envs/soccertwos/lib/python3.8/site-packages/ray/_private/prometheus_exporter.py", line 333, in new_stats_exporter
[2m[33m(raylet)[0m     exporter = PrometheusStatsExporter(
[2m[33m(raylet)[0m   File "/home/hice1/acheng324/scratch/conda_envs/soccertwos/lib/python3.8/site-packages/ray/_private/prometheus_exporter.py", line 266, in __init__
[2m[33m(raylet)[0m     self.serve_http()
[2m[33m(raylet)[0m   File "/home/hice1/acheng324/scratch/conda_envs/soccertwos/lib/python3.8/site-packages/ray/_private/prometheus_exporter.py", line 320, in serve_http
[2m[33m(raylet)[0m     start_http_server(
[2m[33m(raylet)[0m   File "/home/hice1/acheng324/scratch/conda_envs/soccertwos/lib/python3.8/site-packages/prometheus_client/exposition.py", line 231, in start_wsgi_server
[2m[33m(raylet)[0m     TmpServer.address_family, addr = _get_best_family(addr, port)
[2m[33m(raylet)[0m   File "/home/hice1/acheng324/scratch/conda_envs/soccertwos/lib/python3.8/site-packages/prometheus_client/exposition.py", line 169, in _get_best_family
[2m[33m(raylet)[0m     infos = socket.getaddrinfo(address, port, type=socket.SOCK_STREAM, flags=socket.AI_PASSIVE)
[2m[33m(raylet)[0m   File "/home/hice1/acheng324/scratch/conda_envs/soccertwos/lib/python3.8/socket.py", line 930, in getaddrinfo
[2m[33m(raylet)[0m     for res in _socket.getaddrinfo(host, port, family, type, proto, flags):
[2m[33m(raylet)[0m socket.gaierror: [Errno -2] Name or service not known
[2m[33m(raylet)[0m /home/hice1/acheng324/scratch/conda_envs/soccertwos/lib/python3.8/site-packages/ray/autoscaler/_private/cli_logger.py:57: FutureWarning: Not all Ray CLI dependencies were found. In Ray 1.4+, the Ray CLI, autoscaler, and dashboard will only be usable via `pip install 'ray[default]'`. Please update your install command.
[2m[33m(raylet)[0m   warnings.warn(
2026-03-30 14:41:25,986	WARNING worker.py:1114 -- The agent on node atl1-1-02-010-1-1.pace.gatech.edu failed with the following error:
Traceback (most recent call last):
  File "/home/hice1/acheng324/scratch/conda_envs/soccertwos/lib/python3.8/site-packages/ray/new_dashboard/agent.py", line 326, in <module>
    loop.run_until_complete(agent.run())
  File "/home/hice1/acheng324/scratch/conda_envs/soccertwos/lib/python3.8/asyncio/base_events.py", line 616, in run_until_complete
    return future.result()
  File "/home/hice1/acheng324/scratch/conda_envs/soccertwos/lib/python3.8/site-packages/ray/new_dashboard/agent.py", line 138, in run
    modules = self._load_modules()
  File "/home/hice1/acheng324/scratch/conda_envs/soccertwos/lib/python3.8/site-packages/ray/new_dashboard/agent.py", line 92, in _load_modules
    c = cls(self)
  File "/home/hice1/acheng324/scratch/conda_envs/soccertwos/lib/python3.8/site-packages/ray/new_dashboard/modules/reporter/reporter_agent.py", line 148, in __init__
    self._metrics_agent = MetricsAgent(dashboard_agent.metrics_export_port)
  File "/home/hice1/acheng324/scratch/conda_envs/soccertwos/lib/python3.8/site-packages/ray/_private/metrics_agent.py", line 75, in __init__
    prometheus_exporter.new_stats_exporter(
  File "/home/hice1/acheng324/scratch/conda_envs/soccertwos/lib/python3.8/site-packages/ray/_private/prometheus_exporter.py", line 333, in new_stats_exporter
    exporter = PrometheusStatsExporter(
  File "/home/hice1/acheng324/scratch/conda_envs/soccertwos/lib/python3.8/site-packages/ray/_private/prometheus_exporter.py", line 266, in __init__
    self.serve_http()
  File "/home/hice1/acheng324/scratch/conda_envs/soccertwos/lib/python3.8/site-packages/ray/_private/prometheus_exporter.py", line 320, in serve_http
    start_http_server(
  File "/home/hice1/acheng324/scratch/conda_envs/soccertwos/lib/python3.8/site-packages/prometheus_client/exposition.py", line 231, in start_wsgi_server
    TmpServer.address_family, addr = _get_best_family(addr, port)
  File "/home/hice1/acheng324/scratch/conda_envs/soccertwos/lib/python3.8/site-packages/prometheus_client/exposition.py", line 169, in _get_best_family
    infos = socket.getaddrinfo(address, port, type=socket.SOCK_STREAM, flags=socket.AI_PASSIVE)
  File "/home/hice1/acheng324/scratch/conda_envs/soccertwos/lib/python3.8/socket.py", line 930, in getaddrinfo
    for res in _socket.getaddrinfo(host, port, family, type, proto, flags):
socket.gaierror: [Errno -2] Name or service not known

[2m[33m(raylet)[0m Traceback (most recent call last):
[2m[33m(raylet)[0m   File "/home/hice1/acheng324/scratch/conda_envs/soccertwos/lib/python3.8/site-packages/ray/new_dashboard/agent.py", line 338, in <module>
[2m[33m(raylet)[0m     raise e
[2m[33m(raylet)[0m   File "/home/hice1/acheng324/scratch/conda_envs/soccertwos/lib/python3.8/site-packages/ray/new_dashboard/agent.py", line 326, in <module>
[2m[33m(raylet)[0m     loop.run_until_complete(agent.run())
[2m[33m(raylet)[0m   File "/home/hice1/acheng324/scratch/conda_envs/soccertwos/lib/python3.8/asyncio/base_events.py", line 616, in run_until_complete
[2m[33m(raylet)[0m     return future.result()
[2m[33m(raylet)[0m   File "/home/hice1/acheng324/scratch/conda_envs/soccertwos/lib/python3.8/site-packages/ray/new_dashboard/agent.py", line 138, in run
[2m[33m(raylet)[0m     modules = self._load_modules()
[2m[33m(raylet)[0m   File "/home/hice1/acheng324/scratch/conda_envs/soccertwos/lib/python3.8/site-packages/ray/new_dashboard/agent.py", line 92, in _load_modules
[2m[33m(raylet)[0m     c = cls(self)
[2m[33m(raylet)[0m   File "/home/hice1/acheng324/scratch/conda_envs/soccertwos/lib/python3.8/site-packages/ray/new_dashboard/modules/reporter/reporter_agent.py", line 148, in __init__
[2m[33m(raylet)[0m     self._metrics_agent = MetricsAgent(dashboard_agent.metrics_export_port)
[2m[33m(raylet)[0m   File "/home/hice1/acheng324/scratch/conda_envs/soccertwos/lib/python3.8/site-packages/ray/_private/metrics_agent.py", line 75, in __init__
[2m[33m(raylet)[0m     prometheus_exporter.new_stats_exporter(
[2m[33m(raylet)[0m   File "/home/hice1/acheng324/scratch/conda_envs/soccertwos/lib/python3.8/site-packages/ray/_private/prometheus_exporter.py", line 333, in new_stats_exporter
[2m[33m(raylet)[0m     exporter = PrometheusStatsExporter(
[2m[33m(raylet)[0m   File "/home/hice1/acheng324/scratch/conda_envs/soccertwos/lib/python3.8/site-packages/ray/_private/prometheus_exporter.py", line 266, in __init__
[2m[33m(raylet)[0m     self.serve_http()
[2m[33m(raylet)[0m   File "/home/hice1/acheng324/scratch/conda_envs/soccertwos/lib/python3.8/site-packages/ray/_private/prometheus_exporter.py", line 320, in serve_http
[2m[33m(raylet)[0m     start_http_server(
[2m[33m(raylet)[0m   File "/home/hice1/acheng324/scratch/conda_envs/soccertwos/lib/python3.8/site-packages/prometheus_client/exposition.py", line 231, in start_wsgi_server
[2m[33m(raylet)[0m     TmpServer.address_family, addr = _get_best_family(addr, port)
[2m[33m(raylet)[0m   File "/home/hice1/acheng324/scratch/conda_envs/soccertwos/lib/python3.8/site-packages/prometheus_client/exposition.py", line 169, in _get_best_family
[2m[33m(raylet)[0m     infos = socket.getaddrinfo(address, port, type=socket.SOCK_STREAM, flags=socket.AI_PASSIVE)
[2m[33m(raylet)[0m   File "/home/hice1/acheng324/scratch/conda_envs/soccertwos/lib/python3.8/socket.py", line 930, in getaddrinfo
[2m[33m(raylet)[0m     for res in _socket.getaddrinfo(host, port, family, type, proto, flags):
[2m[33m(raylet)[0m socket.gaierror: [Errno -2] Name or service not known
[2m[33m(raylet)[0m /home/hice1/acheng324/scratch/conda_envs/soccertwos/lib/python3.8/site-packages/ray/autoscaler/_private/cli_logger.py:57: FutureWarning: Not all Ray CLI dependencies were found. In Ray 1.4+, the Ray CLI, autoscaler, and dashboard will only be usable via `pip install 'ray[default]'`. Please update your install command.
[2m[33m(raylet)[0m   warnings.warn(
2026-03-30 14:41:28,809	WARNING worker.py:1114 -- The agent on node atl1-1-02-010-1-1.pace.gatech.edu failed with the following error:
Traceback (most recent call last):
  File "/home/hice1/acheng324/scratch/conda_envs/soccertwos/lib/python3.8/site-packages/ray/new_dashboard/agent.py", line 326, in <module>
    loop.run_until_complete(agent.run())
  File "/home/hice1/acheng324/scratch/conda_envs/soccertwos/lib/python3.8/asyncio/base_events.py", line 616, in run_until_complete
    return future.result()
  File "/home/hice1/acheng324/scratch/conda_envs/soccertwos/lib/python3.8/site-packages/ray/new_dashboard/agent.py", line 138, in run
    modules = self._load_modules()
  File "/home/hice1/acheng324/scratch/conda_envs/soccertwos/lib/python3.8/site-packages/ray/new_dashboard/agent.py", line 92, in _load_modules
    c = cls(self)
  File "/home/hice1/acheng324/scratch/conda_envs/soccertwos/lib/python3.8/site-packages/ray/new_dashboard/modules/reporter/reporter_agent.py", line 148, in __init__
    self._metrics_agent = MetricsAgent(dashboard_agent.metrics_export_port)
  File "/home/hice1/acheng324/scratch/conda_envs/soccertwos/lib/python3.8/site-packages/ray/_private/metrics_agent.py", line 75, in __init__
    prometheus_exporter.new_stats_exporter(
  File "/home/hice1/acheng324/scratch/conda_envs/soccertwos/lib/python3.8/site-packages/ray/_private/prometheus_exporter.py", line 333, in new_stats_exporter
    exporter = PrometheusStatsExporter(
  File "/home/hice1/acheng324/scratch/conda_envs/soccertwos/lib/python3.8/site-packages/ray/_private/prometheus_exporter.py", line 266, in __init__
    self.serve_http()
  File "/home/hice1/acheng324/scratch/conda_envs/soccertwos/lib/python3.8/site-packages/ray/_private/prometheus_exporter.py", line 320, in serve_http
    start_http_server(
  File "/home/hice1/acheng324/scratch/conda_envs/soccertwos/lib/python3.8/site-packages/prometheus_client/exposition.py", line 231, in start_wsgi_server
    TmpServer.address_family, addr = _get_best_family(addr, port)
  File "/home/hice1/acheng324/scratch/conda_envs/soccertwos/lib/python3.8/site-packages/prometheus_client/exposition.py", line 169, in _get_best_family
    infos = socket.getaddrinfo(address, port, type=socket.SOCK_STREAM, flags=socket.AI_PASSIVE)
  File "/home/hice1/acheng324/scratch/conda_envs/soccertwos/lib/python3.8/socket.py", line 930, in getaddrinfo
    for res in _socket.getaddrinfo(host, port, family, type, proto, flags):
socket.gaierror: [Errno -2] Name or service not known

[2m[33m(raylet)[0m Traceback (most recent call last):
[2m[33m(raylet)[0m   File "/home/hice1/acheng324/scratch/conda_envs/soccertwos/lib/python3.8/site-packages/ray/new_dashboard/agent.py", line 338, in <module>
[2m[33m(raylet)[0m     raise e
[2m[33m(raylet)[0m   File "/home/hice1/acheng324/scratch/conda_envs/soccertwos/lib/python3.8/site-packages/ray/new_dashboard/agent.py", line 326, in <module>
[2m[33m(raylet)[0m     loop.run_until_complete(agent.run())
[2m[33m(raylet)[0m   File "/home/hice1/acheng324/scratch/conda_envs/soccertwos/lib/python3.8/asyncio/base_events.py", line 616, in run_until_complete
[2m[33m(raylet)[0m     return future.result()
[2m[33m(raylet)[0m   File "/home/hice1/acheng324/scratch/conda_envs/soccertwos/lib/python3.8/site-packages/ray/new_dashboard/agent.py", line 138, in run
[2m[33m(raylet)[0m     modules = self._load_modules()
[2m[33m(raylet)[0m   File "/home/hice1/acheng324/scratch/conda_envs/soccertwos/lib/python3.8/site-packages/ray/new_dashboard/agent.py", line 92, in _load_modules
[2m[33m(raylet)[0m     c = cls(self)
[2m[33m(raylet)[0m   File "/home/hice1/acheng324/scratch/conda_envs/soccertwos/lib/python3.8/site-packages/ray/new_dashboard/modules/reporter/reporter_agent.py", line 148, in __init__
[2m[33m(raylet)[0m     self._metrics_agent = MetricsAgent(dashboard_agent.metrics_export_port)
[2m[33m(raylet)[0m   File "/home/hice1/acheng324/scratch/conda_envs/soccertwos/lib/python3.8/site-packages/ray/_private/metrics_agent.py", line 75, in __init__
[2m[33m(raylet)[0m     prometheus_exporter.new_stats_exporter(
[2m[33m(raylet)[0m   File "/home/hice1/acheng324/scratch/conda_envs/soccertwos/lib/python3.8/site-packages/ray/_private/prometheus_exporter.py", line 333, in new_stats_exporter
[2m[33m(raylet)[0m     exporter = PrometheusStatsExporter(
[2m[33m(raylet)[0m   File "/home/hice1/acheng324/scratch/conda_envs/soccertwos/lib/python3.8/site-packages/ray/_private/prometheus_exporter.py", line 266, in __init__
[2m[33m(raylet)[0m     self.serve_http()
[2m[33m(raylet)[0m   File "/home/hice1/acheng324/scratch/conda_envs/soccertwos/lib/python3.8/site-packages/ray/_private/prometheus_exporter.py", line 320, in serve_http
[2m[33m(raylet)[0m     start_http_server(
[2m[33m(raylet)[0m   File "/home/hice1/acheng324/scratch/conda_envs/soccertwos/lib/python3.8/site-packages/prometheus_client/exposition.py", line 231, in start_wsgi_server
[2m[33m(raylet)[0m     TmpServer.address_family, addr = _get_best_family(addr, port)
[2m[33m(raylet)[0m   File "/home/hice1/acheng324/scratch/conda_envs/soccertwos/lib/python3.8/site-packages/prometheus_client/exposition.py", line 169, in _get_best_family
[2m[33m(raylet)[0m     infos = socket.getaddrinfo(address, port, type=socket.SOCK_STREAM, flags=socket.AI_PASSIVE)
[2m[33m(raylet)[0m   File "/home/hice1/acheng324/scratch/conda_envs/soccertwos/lib/python3.8/socket.py", line 930, in getaddrinfo
[2m[33m(raylet)[0m     for res in _socket.getaddrinfo(host, port, family, type, proto, flags):
[2m[33m(raylet)[0m socket.gaierror: [Errno -2] Name or service not known
[2m[33m(raylet)[0m /home/hice1/acheng324/scratch/conda_envs/soccertwos/lib/python3.8/site-packages/ray/autoscaler/_private/cli_logger.py:57: FutureWarning: Not all Ray CLI dependencies were found. In Ray 1.4+, the Ray CLI, autoscaler, and dashboard will only be usable via `pip install 'ray[default]'`. Please update your install command.
[2m[33m(raylet)[0m   warnings.warn(
2026-03-30 14:41:31,641	WARNING worker.py:1114 -- The agent on node atl1-1-02-010-1-1.pace.gatech.edu failed with the following error:
Traceback (most recent call last):
  File "/home/hice1/acheng324/scratch/conda_envs/soccertwos/lib/python3.8/site-packages/ray/new_dashboard/agent.py", line 326, in <module>
    loop.run_until_complete(agent.run())
  File "/home/hice1/acheng324/scratch/conda_envs/soccertwos/lib/python3.8/asyncio/base_events.py", line 616, in run_until_complete
    return future.result()
  File "/home/hice1/acheng324/scratch/conda_envs/soccertwos/lib/python3.8/site-packages/ray/new_dashboard/agent.py", line 138, in run
    modules = self._load_modules()
  File "/home/hice1/acheng324/scratch/conda_envs/soccertwos/lib/python3.8/site-packages/ray/new_dashboard/agent.py", line 92, in _load_modules
    c = cls(self)
  File "/home/hice1/acheng324/scratch/conda_envs/soccertwos/lib/python3.8/site-packages/ray/new_dashboard/modules/reporter/reporter_agent.py", line 148, in __init__
    self._metrics_agent = MetricsAgent(dashboard_agent.metrics_export_port)
  File "/home/hice1/acheng324/scratch/conda_envs/soccertwos/lib/python3.8/site-packages/ray/_private/metrics_agent.py", line 75, in __init__
    prometheus_exporter.new_stats_exporter(
  File "/home/hice1/acheng324/scratch/conda_envs/soccertwos/lib/python3.8/site-packages/ray/_private/prometheus_exporter.py", line 333, in new_stats_exporter
    exporter = PrometheusStatsExporter(
  File "/home/hice1/acheng324/scratch/conda_envs/soccertwos/lib/python3.8/site-packages/ray/_private/prometheus_exporter.py", line 266, in __init__
    self.serve_http()
  File "/home/hice1/acheng324/scratch/conda_envs/soccertwos/lib/python3.8/site-packages/ray/_private/prometheus_exporter.py", line 320, in serve_http
    start_http_server(
  File "/home/hice1/acheng324/scratch/conda_envs/soccertwos/lib/python3.8/site-packages/prometheus_client/exposition.py", line 231, in start_wsgi_server
    TmpServer.address_family, addr = _get_best_family(addr, port)
  File "/home/hice1/acheng324/scratch/conda_envs/soccertwos/lib/python3.8/site-packages/prometheus_client/exposition.py", line 169, in _get_best_family
    infos = socket.getaddrinfo(address, port, type=socket.SOCK_STREAM, flags=socket.AI_PASSIVE)
  File "/home/hice1/acheng324/scratch/conda_envs/soccertwos/lib/python3.8/socket.py", line 930, in getaddrinfo
    for res in _socket.getaddrinfo(host, port, family, type, proto, flags):
socket.gaierror: [Errno -2] Name or service not known

[2m[33m(raylet)[0m Traceback (most recent call last):
[2m[33m(raylet)[0m   File "/home/hice1/acheng324/scratch/conda_envs/soccertwos/lib/python3.8/site-packages/ray/new_dashboard/agent.py", line 338, in <module>
[2m[33m(raylet)[0m     raise e
[2m[33m(raylet)[0m   File "/home/hice1/acheng324/scratch/conda_envs/soccertwos/lib/python3.8/site-packages/ray/new_dashboard/agent.py", line 326, in <module>
[2m[33m(raylet)[0m     loop.run_until_complete(agent.run())
[2m[33m(raylet)[0m   File "/home/hice1/acheng324/scratch/conda_envs/soccertwos/lib/python3.8/asyncio/base_events.py", line 616, in run_until_complete
[2m[33m(raylet)[0m     return future.result()
[2m[33m(raylet)[0m   File "/home/hice1/acheng324/scratch/conda_envs/soccertwos/lib/python3.8/site-packages/ray/new_dashboard/agent.py", line 138, in run
[2m[33m(raylet)[0m     modules = self._load_modules()
[2m[33m(raylet)[0m   File "/home/hice1/acheng324/scratch/conda_envs/soccertwos/lib/python3.8/site-packages/ray/new_dashboard/agent.py", line 92, in _load_modules
[2m[33m(raylet)[0m     c = cls(self)
[2m[33m(raylet)[0m   File "/home/hice1/acheng324/scratch/conda_envs/soccertwos/lib/python3.8/site-packages/ray/new_dashboard/modules/reporter/reporter_agent.py", line 148, in __init__
[2m[33m(raylet)[0m     self._metrics_agent = MetricsAgent(dashboard_agent.metrics_export_port)
[2m[33m(raylet)[0m   File "/home/hice1/acheng324/scratch/conda_envs/soccertwos/lib/python3.8/site-packages/ray/_private/metrics_agent.py", line 75, in __init__
[2m[33m(raylet)[0m     prometheus_exporter.new_stats_exporter(
[2m[33m(raylet)[0m   File "/home/hice1/acheng324/scratch/conda_envs/soccertwos/lib/python3.8/site-packages/ray/_private/prometheus_exporter.py", line 333, in new_stats_exporter
[2m[33m(raylet)[0m     exporter = PrometheusStatsExporter(
[2m[33m(raylet)[0m   File "/home/hice1/acheng324/scratch/conda_envs/soccertwos/lib/python3.8/site-packages/ray/_private/prometheus_exporter.py", line 266, in __init__
[2m[33m(raylet)[0m     self.serve_http()
[2m[33m(raylet)[0m   File "/home/hice1/acheng324/scratch/conda_envs/soccertwos/lib/python3.8/site-packages/ray/_private/prometheus_exporter.py", line 320, in serve_http
[2m[33m(raylet)[0m     start_http_server(
[2m[33m(raylet)[0m   File "/home/hice1/acheng324/scratch/conda_envs/soccertwos/lib/python3.8/site-packages/prometheus_client/exposition.py", line 231, in start_wsgi_server
[2m[33m(raylet)[0m     TmpServer.address_family, addr = _get_best_family(addr, port)
[2m[33m(raylet)[0m   File "/home/hice1/acheng324/scratch/conda_envs/soccertwos/lib/python3.8/site-packages/prometheus_client/exposition.py", line 169, in _get_best_family
[2m[33m(raylet)[0m     infos = socket.getaddrinfo(address, port, type=socket.SOCK_STREAM, flags=socket.AI_PASSIVE)
[2m[33m(raylet)[0m   File "/home/hice1/acheng324/scratch/conda_envs/soccertwos/lib/python3.8/socket.py", line 930, in getaddrinfo
[2m[33m(raylet)[0m     for res in _socket.getaddrinfo(host, port, family, type, proto, flags):
[2m[33m(raylet)[0m socket.gaierror: [Errno -2] Name or service not known
[2m[33m(raylet)[0m /home/hice1/acheng324/scratch/conda_envs/soccertwos/lib/python3.8/site-packages/ray/autoscaler/_private/cli_logger.py:57: FutureWarning: Not all Ray CLI dependencies were found. In Ray 1.4+, the Ray CLI, autoscaler, and dashboard will only be usable via `pip install 'ray[default]'`. Please update your install command.
[2m[33m(raylet)[0m   warnings.warn(
2026-03-30 14:41:34,457	WARNING worker.py:1114 -- The agent on node atl1-1-02-010-1-1.pace.gatech.edu failed with the following error:
Traceback (most recent call last):
  File "/home/hice1/acheng324/scratch/conda_envs/soccertwos/lib/python3.8/site-packages/ray/new_dashboard/agent.py", line 326, in <module>
    loop.run_until_complete(agent.run())
  File "/home/hice1/acheng324/scratch/conda_envs/soccertwos/lib/python3.8/asyncio/base_events.py", line 616, in run_until_complete
    return future.result()
  File "/home/hice1/acheng324/scratch/conda_envs/soccertwos/lib/python3.8/site-packages/ray/new_dashboard/agent.py", line 138, in run
    modules = self._load_modules()
  File "/home/hice1/acheng324/scratch/conda_envs/soccertwos/lib/python3.8/site-packages/ray/new_dashboard/agent.py", line 92, in _load_modules
    c = cls(self)
  File "/home/hice1/acheng324/scratch/conda_envs/soccertwos/lib/python3.8/site-packages/ray/new_dashboard/modules/reporter/reporter_agent.py", line 148, in __init__
    self._metrics_agent = MetricsAgent(dashboard_agent.metrics_export_port)
  File "/home/hice1/acheng324/scratch/conda_envs/soccertwos/lib/python3.8/site-packages/ray/_private/metrics_agent.py", line 75, in __init__
    prometheus_exporter.new_stats_exporter(
  File "/home/hice1/acheng324/scratch/conda_envs/soccertwos/lib/python3.8/site-packages/ray/_private/prometheus_exporter.py", line 333, in new_stats_exporter
    exporter = PrometheusStatsExporter(
  File "/home/hice1/acheng324/scratch/conda_envs/soccertwos/lib/python3.8/site-packages/ray/_private/prometheus_exporter.py", line 266, in __init__
    self.serve_http()
  File "/home/hice1/acheng324/scratch/conda_envs/soccertwos/lib/python3.8/site-packages/ray/_private/prometheus_exporter.py", line 320, in serve_http
    start_http_server(
  File "/home/hice1/acheng324/scratch/conda_envs/soccertwos/lib/python3.8/site-packages/prometheus_client/exposition.py", line 231, in start_wsgi_server
    TmpServer.address_family, addr = _get_best_family(addr, port)
  File "/home/hice1/acheng324/scratch/conda_envs/soccertwos/lib/python3.8/site-packages/prometheus_client/exposition.py", line 169, in _get_best_family
    infos = socket.getaddrinfo(address, port, type=socket.SOCK_STREAM, flags=socket.AI_PASSIVE)
  File "/home/hice1/acheng324/scratch/conda_envs/soccertwos/lib/python3.8/socket.py", line 930, in getaddrinfo
    for res in _socket.getaddrinfo(host, port, family, type, proto, flags):
socket.gaierror: [Errno -2] Name or service not known

[2m[33m(raylet)[0m Traceback (most recent call last):
[2m[33m(raylet)[0m   File "/home/hice1/acheng324/scratch/conda_envs/soccertwos/lib/python3.8/site-packages/ray/new_dashboard/agent.py", line 338, in <module>
[2m[33m(raylet)[0m     raise e
[2m[33m(raylet)[0m   File "/home/hice1/acheng324/scratch/conda_envs/soccertwos/lib/python3.8/site-packages/ray/new_dashboard/agent.py", line 326, in <module>
[2m[33m(raylet)[0m     loop.run_until_complete(agent.run())
[2m[33m(raylet)[0m   File "/home/hice1/acheng324/scratch/conda_envs/soccertwos/lib/python3.8/asyncio/base_events.py", line 616, in run_until_complete
[2m[33m(raylet)[0m     return future.result()
[2m[33m(raylet)[0m   File "/home/hice1/acheng324/scratch/conda_envs/soccertwos/lib/python3.8/site-packages/ray/new_dashboard/agent.py", line 138, in run
[2m[33m(raylet)[0m     modules = self._load_modules()
[2m[33m(raylet)[0m   File "/home/hice1/acheng324/scratch/conda_envs/soccertwos/lib/python3.8/site-packages/ray/new_dashboard/agent.py", line 92, in _load_modules
[2m[33m(raylet)[0m     c = cls(self)
[2m[33m(raylet)[0m   File "/home/hice1/acheng324/scratch/conda_envs/soccertwos/lib/python3.8/site-packages/ray/new_dashboard/modules/reporter/reporter_agent.py", line 148, in __init__
[2m[33m(raylet)[0m     self._metrics_agent = MetricsAgent(dashboard_agent.metrics_export_port)
[2m[33m(raylet)[0m   File "/home/hice1/acheng324/scratch/conda_envs/soccertwos/lib/python3.8/site-packages/ray/_private/metrics_agent.py", line 75, in __init__
[2m[33m(raylet)[0m     prometheus_exporter.new_stats_exporter(
[2m[33m(raylet)[0m   File "/home/hice1/acheng324/scratch/conda_envs/soccertwos/lib/python3.8/site-packages/ray/_private/prometheus_exporter.py", line 333, in new_stats_exporter
[2m[33m(raylet)[0m     exporter = PrometheusStatsExporter(
[2m[33m(raylet)[0m   File "/home/hice1/acheng324/scratch/conda_envs/soccertwos/lib/python3.8/site-packages/ray/_private/prometheus_exporter.py", line 266, in __init__
[2m[33m(raylet)[0m     self.serve_http()
[2m[33m(raylet)[0m   File "/home/hice1/acheng324/scratch/conda_envs/soccertwos/lib/python3.8/site-packages/ray/_private/prometheus_exporter.py", line 320, in serve_http
[2m[33m(raylet)[0m     start_http_server(
[2m[33m(raylet)[0m   File "/home/hice1/acheng324/scratch/conda_envs/soccertwos/lib/python3.8/site-packages/prometheus_client/exposition.py", line 231, in start_wsgi_server
[2m[33m(raylet)[0m     TmpServer.address_family, addr = _get_best_family(addr, port)
[2m[33m(raylet)[0m   File "/home/hice1/acheng324/scratch/conda_envs/soccertwos/lib/python3.8/site-packages/prometheus_client/exposition.py", line 169, in _get_best_family
[2m[33m(raylet)[0m     infos = socket.getaddrinfo(address, port, type=socket.SOCK_STREAM, flags=socket.AI_PASSIVE)
[2m[33m(raylet)[0m   File "/home/hice1/acheng324/scratch/conda_envs/soccertwos/lib/python3.8/socket.py", line 930, in getaddrinfo
[2m[33m(raylet)[0m     for res in _socket.getaddrinfo(host, port, family, type, proto, flags):
[2m[33m(raylet)[0m socket.gaierror: [Errno -2] Name or service not known
[2m[33m(raylet)[0m /home/hice1/acheng324/scratch/conda_envs/soccertwos/lib/python3.8/site-packages/ray/autoscaler/_private/cli_logger.py:57: FutureWarning: Not all Ray CLI dependencies were found. In Ray 1.4+, the Ray CLI, autoscaler, and dashboard will only be usable via `pip install 'ray[default]'`. Please update your install command.
[2m[33m(raylet)[0m   warnings.warn(
2026-03-30 14:41:37,328	WARNING worker.py:1114 -- The agent on node atl1-1-02-010-1-1.pace.gatech.edu failed with the following error:
Traceback (most recent call last):
  File "/home/hice1/acheng324/scratch/conda_envs/soccertwos/lib/python3.8/site-packages/ray/new_dashboard/agent.py", line 326, in <module>
    loop.run_until_complete(agent.run())
  File "/home/hice1/acheng324/scratch/conda_envs/soccertwos/lib/python3.8/asyncio/base_events.py", line 616, in run_until_complete
    return future.result()
  File "/home/hice1/acheng324/scratch/conda_envs/soccertwos/lib/python3.8/site-packages/ray/new_dashboard/agent.py", line 138, in run
    modules = self._load_modules()
  File "/home/hice1/acheng324/scratch/conda_envs/soccertwos/lib/python3.8/site-packages/ray/new_dashboard/agent.py", line 92, in _load_modules
    c = cls(self)
  File "/home/hice1/acheng324/scratch/conda_envs/soccertwos/lib/python3.8/site-packages/ray/new_dashboard/modules/reporter/reporter_agent.py", line 148, in __init__
    self._metrics_agent = MetricsAgent(dashboard_agent.metrics_export_port)
  File "/home/hice1/acheng324/scratch/conda_envs/soccertwos/lib/python3.8/site-packages/ray/_private/metrics_agent.py", line 75, in __init__
    prometheus_exporter.new_stats_exporter(
  File "/home/hice1/acheng324/scratch/conda_envs/soccertwos/lib/python3.8/site-packages/ray/_private/prometheus_exporter.py", line 333, in new_stats_exporter
    exporter = PrometheusStatsExporter(
  File "/home/hice1/acheng324/scratch/conda_envs/soccertwos/lib/python3.8/site-packages/ray/_private/prometheus_exporter.py", line 266, in __init__
    self.serve_http()
  File "/home/hice1/acheng324/scratch/conda_envs/soccertwos/lib/python3.8/site-packages/ray/_private/prometheus_exporter.py", line 320, in serve_http
    start_http_server(
  File "/home/hice1/acheng324/scratch/conda_envs/soccertwos/lib/python3.8/site-packages/prometheus_client/exposition.py", line 231, in start_wsgi_server
    TmpServer.address_family, addr = _get_best_family(addr, port)
  File "/home/hice1/acheng324/scratch/conda_envs/soccertwos/lib/python3.8/site-packages/prometheus_client/exposition.py", line 169, in _get_best_family
    infos = socket.getaddrinfo(address, port, type=socket.SOCK_STREAM, flags=socket.AI_PASSIVE)
  File "/home/hice1/acheng324/scratch/conda_envs/soccertwos/lib/python3.8/socket.py", line 930, in getaddrinfo
    for res in _socket.getaddrinfo(host, port, family, type, proto, flags):
socket.gaierror: [Errno -2] Name or service not known

[2m[33m(raylet)[0m Traceback (most recent call last):
[2m[33m(raylet)[0m   File "/home/hice1/acheng324/scratch/conda_envs/soccertwos/lib/python3.8/site-packages/ray/new_dashboard/agent.py", line 338, in <module>
[2m[33m(raylet)[0m     raise e
[2m[33m(raylet)[0m   File "/home/hice1/acheng324/scratch/conda_envs/soccertwos/lib/python3.8/site-packages/ray/new_dashboard/agent.py", line 326, in <module>
[2m[33m(raylet)[0m     loop.run_until_complete(agent.run())
[2m[33m(raylet)[0m   File "/home/hice1/acheng324/scratch/conda_envs/soccertwos/lib/python3.8/asyncio/base_events.py", line 616, in run_until_complete
[2m[33m(raylet)[0m     return future.result()
[2m[33m(raylet)[0m   File "/home/hice1/acheng324/scratch/conda_envs/soccertwos/lib/python3.8/site-packages/ray/new_dashboard/agent.py", line 138, in run
[2m[33m(raylet)[0m     modules = self._load_modules()
[2m[33m(raylet)[0m   File "/home/hice1/acheng324/scratch/conda_envs/soccertwos/lib/python3.8/site-packages/ray/new_dashboard/agent.py", line 92, in _load_modules
[2m[33m(raylet)[0m     c = cls(self)
[2m[33m(raylet)[0m   File "/home/hice1/acheng324/scratch/conda_envs/soccertwos/lib/python3.8/site-packages/ray/new_dashboard/modules/reporter/reporter_agent.py", line 148, in __init__
[2m[33m(raylet)[0m     self._metrics_agent = MetricsAgent(dashboard_agent.metrics_export_port)
[2m[33m(raylet)[0m   File "/home/hice1/acheng324/scratch/conda_envs/soccertwos/lib/python3.8/site-packages/ray/_private/metrics_agent.py", line 75, in __init__
[2m[33m(raylet)[0m     prometheus_exporter.new_stats_exporter(
[2m[33m(raylet)[0m   File "/home/hice1/acheng324/scratch/conda_envs/soccertwos/lib/python3.8/site-packages/ray/_private/prometheus_exporter.py", line 333, in new_stats_exporter
[2m[33m(raylet)[0m     exporter = PrometheusStatsExporter(
[2m[33m(raylet)[0m   File "/home/hice1/acheng324/scratch/conda_envs/soccertwos/lib/python3.8/site-packages/ray/_private/prometheus_exporter.py", line 266, in __init__
[2m[33m(raylet)[0m     self.serve_http()
[2m[33m(raylet)[0m   File "/home/hice1/acheng324/scratch/conda_envs/soccertwos/lib/python3.8/site-packages/ray/_private/prometheus_exporter.py", line 320, in serve_http
[2m[33m(raylet)[0m     start_http_server(
[2m[33m(raylet)[0m   File "/home/hice1/acheng324/scratch/conda_envs/soccertwos/lib/python3.8/site-packages/prometheus_client/exposition.py", line 231, in start_wsgi_server
[2m[33m(raylet)[0m     TmpServer.address_family, addr = _get_best_family(addr, port)
[2m[33m(raylet)[0m   File "/home/hice1/acheng324/scratch/conda_envs/soccertwos/lib/python3.8/site-packages/prometheus_client/exposition.py", line 169, in _get_best_family
[2m[33m(raylet)[0m     infos = socket.getaddrinfo(address, port, type=socket.SOCK_STREAM, flags=socket.AI_PASSIVE)
[2m[33m(raylet)[0m   File "/home/hice1/acheng324/scratch/conda_envs/soccertwos/lib/python3.8/socket.py", line 930, in getaddrinfo
[2m[33m(raylet)[0m     for res in _socket.getaddrinfo(host, port, family, type, proto, flags):
[2m[33m(raylet)[0m socket.gaierror: [Errno -2] Name or service not known
[2m[33m(raylet)[0m /home/hice1/acheng324/scratch/conda_envs/soccertwos/lib/python3.8/site-packages/ray/autoscaler/_private/cli_logger.py:57: FutureWarning: Not all Ray CLI dependencies were found. In Ray 1.4+, the Ray CLI, autoscaler, and dashboard will only be usable via `pip install 'ray[default]'`. Please update your install command.
[2m[33m(raylet)[0m   warnings.warn(
2026-03-30 14:41:40,158	WARNING worker.py:1114 -- The agent on node atl1-1-02-010-1-1.pace.gatech.edu failed with the following error:
Traceback (most recent call last):
  File "/home/hice1/acheng324/scratch/conda_envs/soccertwos/lib/python3.8/site-packages/ray/new_dashboard/agent.py", line 326, in <module>
    loop.run_until_complete(agent.run())
  File "/home/hice1/acheng324/scratch/conda_envs/soccertwos/lib/python3.8/asyncio/base_events.py", line 616, in run_until_complete
    return future.result()
  File "/home/hice1/acheng324/scratch/conda_envs/soccertwos/lib/python3.8/site-packages/ray/new_dashboard/agent.py", line 138, in run
    modules = self._load_modules()
  File "/home/hice1/acheng324/scratch/conda_envs/soccertwos/lib/python3.8/site-packages/ray/new_dashboard/agent.py", line 92, in _load_modules
    c = cls(self)
  File "/home/hice1/acheng324/scratch/conda_envs/soccertwos/lib/python3.8/site-packages/ray/new_dashboard/modules/reporter/reporter_agent.py", line 148, in __init__
    self._metrics_agent = MetricsAgent(dashboard_agent.metrics_export_port)
  File "/home/hice1/acheng324/scratch/conda_envs/soccertwos/lib/python3.8/site-packages/ray/_private/metrics_agent.py", line 75, in __init__
    prometheus_exporter.new_stats_exporter(
  File "/home/hice1/acheng324/scratch/conda_envs/soccertwos/lib/python3.8/site-packages/ray/_private/prometheus_exporter.py", line 333, in new_stats_exporter
    exporter = PrometheusStatsExporter(
  File "/home/hice1/acheng324/scratch/conda_envs/soccertwos/lib/python3.8/site-packages/ray/_private/prometheus_exporter.py", line 266, in __init__
    self.serve_http()
  File "/home/hice1/acheng324/scratch/conda_envs/soccertwos/lib/python3.8/site-packages/ray/_private/prometheus_exporter.py", line 320, in serve_http
    start_http_server(
  File "/home/hice1/acheng324/scratch/conda_envs/soccertwos/lib/python3.8/site-packages/prometheus_client/exposition.py", line 231, in start_wsgi_server
    TmpServer.address_family, addr = _get_best_family(addr, port)
  File "/home/hice1/acheng324/scratch/conda_envs/soccertwos/lib/python3.8/site-packages/prometheus_client/exposition.py", line 169, in _get_best_family
    infos = socket.getaddrinfo(address, port, type=socket.SOCK_STREAM, flags=socket.AI_PASSIVE)
  File "/home/hice1/acheng324/scratch/conda_envs/soccertwos/lib/python3.8/socket.py", line 930, in getaddrinfo
    for res in _socket.getaddrinfo(host, port, family, type, proto, flags):
socket.gaierror: [Errno -2] Name or service not known

[2m[33m(raylet)[0m Traceback (most recent call last):
[2m[33m(raylet)[0m   File "/home/hice1/acheng324/scratch/conda_envs/soccertwos/lib/python3.8/site-packages/ray/new_dashboard/agent.py", line 338, in <module>
[2m[33m(raylet)[0m     raise e
[2m[33m(raylet)[0m   File "/home/hice1/acheng324/scratch/conda_envs/soccertwos/lib/python3.8/site-packages/ray/new_dashboard/agent.py", line 326, in <module>
[2m[33m(raylet)[0m     loop.run_until_complete(agent.run())
[2m[33m(raylet)[0m   File "/home/hice1/acheng324/scratch/conda_envs/soccertwos/lib/python3.8/asyncio/base_events.py", line 616, in run_until_complete
[2m[33m(raylet)[0m     return future.result()
[2m[33m(raylet)[0m   File "/home/hice1/acheng324/scratch/conda_envs/soccertwos/lib/python3.8/site-packages/ray/new_dashboard/agent.py", line 138, in run
[2m[33m(raylet)[0m     modules = self._load_modules()
[2m[33m(raylet)[0m   File "/home/hice1/acheng324/scratch/conda_envs/soccertwos/lib/python3.8/site-packages/ray/new_dashboard/agent.py", line 92, in _load_modules
[2m[33m(raylet)[0m     c = cls(self)
[2m[33m(raylet)[0m   File "/home/hice1/acheng324/scratch/conda_envs/soccertwos/lib/python3.8/site-packages/ray/new_dashboard/modules/reporter/reporter_agent.py", line 148, in __init__
[2m[33m(raylet)[0m     self._metrics_agent = MetricsAgent(dashboard_agent.metrics_export_port)
[2m[33m(raylet)[0m   File "/home/hice1/acheng324/scratch/conda_envs/soccertwos/lib/python3.8/site-packages/ray/_private/metrics_agent.py", line 75, in __init__
[2m[33m(raylet)[0m     prometheus_exporter.new_stats_exporter(
[2m[33m(raylet)[0m   File "/home/hice1/acheng324/scratch/conda_envs/soccertwos/lib/python3.8/site-packages/ray/_private/prometheus_exporter.py", line 333, in new_stats_exporter
[2m[33m(raylet)[0m     exporter = PrometheusStatsExporter(
[2m[33m(raylet)[0m   File "/home/hice1/acheng324/scratch/conda_envs/soccertwos/lib/python3.8/site-packages/ray/_private/prometheus_exporter.py", line 266, in __init__
[2m[33m(raylet)[0m     self.serve_http()
[2m[33m(raylet)[0m   File "/home/hice1/acheng324/scratch/conda_envs/soccertwos/lib/python3.8/site-packages/ray/_private/prometheus_exporter.py", line 320, in serve_http
[2m[33m(raylet)[0m     start_http_server(
[2m[33m(raylet)[0m   File "/home/hice1/acheng324/scratch/conda_envs/soccertwos/lib/python3.8/site-packages/prometheus_client/exposition.py", line 231, in start_wsgi_server
[2m[33m(raylet)[0m     TmpServer.address_family, addr = _get_best_family(addr, port)
[2m[33m(raylet)[0m   File "/home/hice1/acheng324/scratch/conda_envs/soccertwos/lib/python3.8/site-packages/prometheus_client/exposition.py", line 169, in _get_best_family
[2m[33m(raylet)[0m     infos = socket.getaddrinfo(address, port, type=socket.SOCK_STREAM, flags=socket.AI_PASSIVE)
[2m[33m(raylet)[0m   File "/home/hice1/acheng324/scratch/conda_envs/soccertwos/lib/python3.8/socket.py", line 930, in getaddrinfo
[2m[33m(raylet)[0m     for res in _socket.getaddrinfo(host, port, family, type, proto, flags):
[2m[33m(raylet)[0m socket.gaierror: [Errno -2] Name or service not known
[2m[33m(raylet)[0m /home/hice1/acheng324/scratch/conda_envs/soccertwos/lib/python3.8/site-packages/ray/autoscaler/_private/cli_logger.py:57: FutureWarning: Not all Ray CLI dependencies were found. In Ray 1.4+, the Ray CLI, autoscaler, and dashboard will only be usable via `pip install 'ray[default]'`. Please update your install command.
[2m[33m(raylet)[0m   warnings.warn(
2026-03-30 14:41:42,974	WARNING worker.py:1114 -- The agent on node atl1-1-02-010-1-1.pace.gatech.edu failed with the following error:
Traceback (most recent call last):
  File "/home/hice1/acheng324/scratch/conda_envs/soccertwos/lib/python3.8/site-packages/ray/new_dashboard/agent.py", line 326, in <module>
    loop.run_until_complete(agent.run())
  File "/home/hice1/acheng324/scratch/conda_envs/soccertwos/lib/python3.8/asyncio/base_events.py", line 616, in run_until_complete
    return future.result()
  File "/home/hice1/acheng324/scratch/conda_envs/soccertwos/lib/python3.8/site-packages/ray/new_dashboard/agent.py", line 138, in run
    modules = self._load_modules()
  File "/home/hice1/acheng324/scratch/conda_envs/soccertwos/lib/python3.8/site-packages/ray/new_dashboard/agent.py", line 92, in _load_modules
    c = cls(self)
  File "/home/hice1/acheng324/scratch/conda_envs/soccertwos/lib/python3.8/site-packages/ray/new_dashboard/modules/reporter/reporter_agent.py", line 148, in __init__
    self._metrics_agent = MetricsAgent(dashboard_agent.metrics_export_port)
  File "/home/hice1/acheng324/scratch/conda_envs/soccertwos/lib/python3.8/site-packages/ray/_private/metrics_agent.py", line 75, in __init__
    prometheus_exporter.new_stats_exporter(
  File "/home/hice1/acheng324/scratch/conda_envs/soccertwos/lib/python3.8/site-packages/ray/_private/prometheus_exporter.py", line 333, in new_stats_exporter
    exporter = PrometheusStatsExporter(
  File "/home/hice1/acheng324/scratch/conda_envs/soccertwos/lib/python3.8/site-packages/ray/_private/prometheus_exporter.py", line 266, in __init__
    self.serve_http()
  File "/home/hice1/acheng324/scratch/conda_envs/soccertwos/lib/python3.8/site-packages/ray/_private/prometheus_exporter.py", line 320, in serve_http
    start_http_server(
  File "/home/hice1/acheng324/scratch/conda_envs/soccertwos/lib/python3.8/site-packages/prometheus_client/exposition.py", line 231, in start_wsgi_server
    TmpServer.address_family, addr = _get_best_family(addr, port)
  File "/home/hice1/acheng324/scratch/conda_envs/soccertwos/lib/python3.8/site-packages/prometheus_client/exposition.py", line 169, in _get_best_family
    infos = socket.getaddrinfo(address, port, type=socket.SOCK_STREAM, flags=socket.AI_PASSIVE)
  File "/home/hice1/acheng324/scratch/conda_envs/soccertwos/lib/python3.8/socket.py", line 930, in getaddrinfo
    for res in _socket.getaddrinfo(host, port, family, type, proto, flags):
socket.gaierror: [Errno -2] Name or service not known

[2m[33m(raylet)[0m Traceback (most recent call last):
[2m[33m(raylet)[0m   File "/home/hice1/acheng324/scratch/conda_envs/soccertwos/lib/python3.8/site-packages/ray/new_dashboard/agent.py", line 338, in <module>
[2m[33m(raylet)[0m     raise e
[2m[33m(raylet)[0m   File "/home/hice1/acheng324/scratch/conda_envs/soccertwos/lib/python3.8/site-packages/ray/new_dashboard/agent.py", line 326, in <module>
[2m[33m(raylet)[0m     loop.run_until_complete(agent.run())
[2m[33m(raylet)[0m   File "/home/hice1/acheng324/scratch/conda_envs/soccertwos/lib/python3.8/asyncio/base_events.py", line 616, in run_until_complete
[2m[33m(raylet)[0m     return future.result()
[2m[33m(raylet)[0m   File "/home/hice1/acheng324/scratch/conda_envs/soccertwos/lib/python3.8/site-packages/ray/new_dashboard/agent.py", line 138, in run
[2m[33m(raylet)[0m     modules = self._load_modules()
[2m[33m(raylet)[0m   File "/home/hice1/acheng324/scratch/conda_envs/soccertwos/lib/python3.8/site-packages/ray/new_dashboard/agent.py", line 92, in _load_modules
[2m[33m(raylet)[0m     c = cls(self)
[2m[33m(raylet)[0m   File "/home/hice1/acheng324/scratch/conda_envs/soccertwos/lib/python3.8/site-packages/ray/new_dashboard/modules/reporter/reporter_agent.py", line 148, in __init__
[2m[33m(raylet)[0m     self._metrics_agent = MetricsAgent(dashboard_agent.metrics_export_port)
[2m[33m(raylet)[0m   File "/home/hice1/acheng324/scratch/conda_envs/soccertwos/lib/python3.8/site-packages/ray/_private/metrics_agent.py", line 75, in __init__
[2m[33m(raylet)[0m     prometheus_exporter.new_stats_exporter(
[2m[33m(raylet)[0m   File "/home/hice1/acheng324/scratch/conda_envs/soccertwos/lib/python3.8/site-packages/ray/_private/prometheus_exporter.py", line 333, in new_stats_exporter
[2m[33m(raylet)[0m     exporter = PrometheusStatsExporter(
[2m[33m(raylet)[0m   File "/home/hice1/acheng324/scratch/conda_envs/soccertwos/lib/python3.8/site-packages/ray/_private/prometheus_exporter.py", line 266, in __init__
[2m[33m(raylet)[0m     self.serve_http()
[2m[33m(raylet)[0m   File "/home/hice1/acheng324/scratch/conda_envs/soccertwos/lib/python3.8/site-packages/ray/_private/prometheus_exporter.py", line 320, in serve_http
[2m[33m(raylet)[0m     start_http_server(
[2m[33m(raylet)[0m   File "/home/hice1/acheng324/scratch/conda_envs/soccertwos/lib/python3.8/site-packages/prometheus_client/exposition.py", line 231, in start_wsgi_server
[2m[33m(raylet)[0m     TmpServer.address_family, addr = _get_best_family(addr, port)
[2m[33m(raylet)[0m   File "/home/hice1/acheng324/scratch/conda_envs/soccertwos/lib/python3.8/site-packages/prometheus_client/exposition.py", line 169, in _get_best_family
[2m[33m(raylet)[0m     infos = socket.getaddrinfo(address, port, type=socket.SOCK_STREAM, flags=socket.AI_PASSIVE)
[2m[33m(raylet)[0m   File "/home/hice1/acheng324/scratch/conda_envs/soccertwos/lib/python3.8/socket.py", line 930, in getaddrinfo
[2m[33m(raylet)[0m     for res in _socket.getaddrinfo(host, port, family, type, proto, flags):
[2m[33m(raylet)[0m socket.gaierror: [Errno -2] Name or service not known
[2m[33m(raylet)[0m /home/hice1/acheng324/scratch/conda_envs/soccertwos/lib/python3.8/site-packages/ray/autoscaler/_private/cli_logger.py:57: FutureWarning: Not all Ray CLI dependencies were found. In Ray 1.4+, the Ray CLI, autoscaler, and dashboard will only be usable via `pip install 'ray[default]'`. Please update your install command.
[2m[33m(raylet)[0m   warnings.warn(
2026-03-30 14:41:45,807	WARNING worker.py:1114 -- The agent on node atl1-1-02-010-1-1.pace.gatech.edu failed with the following error:
Traceback (most recent call last):
  File "/home/hice1/acheng324/scratch/conda_envs/soccertwos/lib/python3.8/site-packages/ray/new_dashboard/agent.py", line 326, in <module>
    loop.run_until_complete(agent.run())
  File "/home/hice1/acheng324/scratch/conda_envs/soccertwos/lib/python3.8/asyncio/base_events.py", line 616, in run_until_complete
    return future.result()
  File "/home/hice1/acheng324/scratch/conda_envs/soccertwos/lib/python3.8/site-packages/ray/new_dashboard/agent.py", line 138, in run
    modules = self._load_modules()
  File "/home/hice1/acheng324/scratch/conda_envs/soccertwos/lib/python3.8/site-packages/ray/new_dashboard/agent.py", line 92, in _load_modules
    c = cls(self)
  File "/home/hice1/acheng324/scratch/conda_envs/soccertwos/lib/python3.8/site-packages/ray/new_dashboard/modules/reporter/reporter_agent.py", line 148, in __init__
    self._metrics_agent = MetricsAgent(dashboard_agent.metrics_export_port)
  File "/home/hice1/acheng324/scratch/conda_envs/soccertwos/lib/python3.8/site-packages/ray/_private/metrics_agent.py", line 75, in __init__
    prometheus_exporter.new_stats_exporter(
  File "/home/hice1/acheng324/scratch/conda_envs/soccertwos/lib/python3.8/site-packages/ray/_private/prometheus_exporter.py", line 333, in new_stats_exporter
    exporter = PrometheusStatsExporter(
  File "/home/hice1/acheng324/scratch/conda_envs/soccertwos/lib/python3.8/site-packages/ray/_private/prometheus_exporter.py", line 266, in __init__
    self.serve_http()
  File "/home/hice1/acheng324/scratch/conda_envs/soccertwos/lib/python3.8/site-packages/ray/_private/prometheus_exporter.py", line 320, in serve_http
    start_http_server(
  File "/home/hice1/acheng324/scratch/conda_envs/soccertwos/lib/python3.8/site-packages/prometheus_client/exposition.py", line 231, in start_wsgi_server
    TmpServer.address_family, addr = _get_best_family(addr, port)
  File "/home/hice1/acheng324/scratch/conda_envs/soccertwos/lib/python3.8/site-packages/prometheus_client/exposition.py", line 169, in _get_best_family
    infos = socket.getaddrinfo(address, port, type=socket.SOCK_STREAM, flags=socket.AI_PASSIVE)
  File "/home/hice1/acheng324/scratch/conda_envs/soccertwos/lib/python3.8/socket.py", line 930, in getaddrinfo
    for res in _socket.getaddrinfo(host, port, family, type, proto, flags):
socket.gaierror: [Errno -2] Name or service not known

[2m[33m(raylet)[0m Traceback (most recent call last):
[2m[33m(raylet)[0m   File "/home/hice1/acheng324/scratch/conda_envs/soccertwos/lib/python3.8/site-packages/ray/new_dashboard/agent.py", line 338, in <module>
[2m[33m(raylet)[0m     raise e
[2m[33m(raylet)[0m   File "/home/hice1/acheng324/scratch/conda_envs/soccertwos/lib/python3.8/site-packages/ray/new_dashboard/agent.py", line 326, in <module>
[2m[33m(raylet)[0m     loop.run_until_complete(agent.run())
[2m[33m(raylet)[0m   File "/home/hice1/acheng324/scratch/conda_envs/soccertwos/lib/python3.8/asyncio/base_events.py", line 616, in run_until_complete
[2m[33m(raylet)[0m     return future.result()
[2m[33m(raylet)[0m   File "/home/hice1/acheng324/scratch/conda_envs/soccertwos/lib/python3.8/site-packages/ray/new_dashboard/agent.py", line 138, in run
[2m[33m(raylet)[0m     modules = self._load_modules()
[2m[33m(raylet)[0m   File "/home/hice1/acheng324/scratch/conda_envs/soccertwos/lib/python3.8/site-packages/ray/new_dashboard/agent.py", line 92, in _load_modules
[2m[33m(raylet)[0m     c = cls(self)
[2m[33m(raylet)[0m   File "/home/hice1/acheng324/scratch/conda_envs/soccertwos/lib/python3.8/site-packages/ray/new_dashboard/modules/reporter/reporter_agent.py", line 148, in __init__
[2m[33m(raylet)[0m     self._metrics_agent = MetricsAgent(dashboard_agent.metrics_export_port)
[2m[33m(raylet)[0m   File "/home/hice1/acheng324/scratch/conda_envs/soccertwos/lib/python3.8/site-packages/ray/_private/metrics_agent.py", line 75, in __init__
[2m[33m(raylet)[0m     prometheus_exporter.new_stats_exporter(
[2m[33m(raylet)[0m   File "/home/hice1/acheng324/scratch/conda_envs/soccertwos/lib/python3.8/site-packages/ray/_private/prometheus_exporter.py", line 333, in new_stats_exporter
[2m[33m(raylet)[0m     exporter = PrometheusStatsExporter(
[2m[33m(raylet)[0m   File "/home/hice1/acheng324/scratch/conda_envs/soccertwos/lib/python3.8/site-packages/ray/_private/prometheus_exporter.py", line 266, in __init__
[2m[33m(raylet)[0m     self.serve_http()
[2m[33m(raylet)[0m   File "/home/hice1/acheng324/scratch/conda_envs/soccertwos/lib/python3.8/site-packages/ray/_private/prometheus_exporter.py", line 320, in serve_http
[2m[33m(raylet)[0m     start_http_server(
[2m[33m(raylet)[0m   File "/home/hice1/acheng324/scratch/conda_envs/soccertwos/lib/python3.8/site-packages/prometheus_client/exposition.py", line 231, in start_wsgi_server
[2m[33m(raylet)[0m     TmpServer.address_family, addr = _get_best_family(addr, port)
[2m[33m(raylet)[0m   File "/home/hice1/acheng324/scratch/conda_envs/soccertwos/lib/python3.8/site-packages/prometheus_client/exposition.py", line 169, in _get_best_family
[2m[33m(raylet)[0m     infos = socket.getaddrinfo(address, port, type=socket.SOCK_STREAM, flags=socket.AI_PASSIVE)
[2m[33m(raylet)[0m   File "/home/hice1/acheng324/scratch/conda_envs/soccertwos/lib/python3.8/socket.py", line 930, in getaddrinfo
[2m[33m(raylet)[0m     for res in _socket.getaddrinfo(host, port, family, type, proto, flags):
[2m[33m(raylet)[0m socket.gaierror: [Errno -2] Name or service not known
[2m[33m(raylet)[0m /home/hice1/acheng324/scratch/conda_envs/soccertwos/lib/python3.8/site-packages/ray/autoscaler/_private/cli_logger.py:57: FutureWarning: Not all Ray CLI dependencies were found. In Ray 1.4+, the Ray CLI, autoscaler, and dashboard will only be usable via `pip install 'ray[default]'`. Please update your install command.
[2m[33m(raylet)[0m   warnings.warn(
2026-03-30 14:41:48,633	WARNING worker.py:1114 -- The agent on node atl1-1-02-010-1-1.pace.gatech.edu failed with the following error:
Traceback (most recent call last):
  File "/home/hice1/acheng324/scratch/conda_envs/soccertwos/lib/python3.8/site-packages/ray/new_dashboard/agent.py", line 326, in <module>
    loop.run_until_complete(agent.run())
  File "/home/hice1/acheng324/scratch/conda_envs/soccertwos/lib/python3.8/asyncio/base_events.py", line 616, in run_until_complete
    return future.result()
  File "/home/hice1/acheng324/scratch/conda_envs/soccertwos/lib/python3.8/site-packages/ray/new_dashboard/agent.py", line 138, in run
    modules = self._load_modules()
  File "/home/hice1/acheng324/scratch/conda_envs/soccertwos/lib/python3.8/site-packages/ray/new_dashboard/agent.py", line 92, in _load_modules
    c = cls(self)
  File "/home/hice1/acheng324/scratch/conda_envs/soccertwos/lib/python3.8/site-packages/ray/new_dashboard/modules/reporter/reporter_agent.py", line 148, in __init__
    self._metrics_agent = MetricsAgent(dashboard_agent.metrics_export_port)
  File "/home/hice1/acheng324/scratch/conda_envs/soccertwos/lib/python3.8/site-packages/ray/_private/metrics_agent.py", line 75, in __init__
    prometheus_exporter.new_stats_exporter(
  File "/home/hice1/acheng324/scratch/conda_envs/soccertwos/lib/python3.8/site-packages/ray/_private/prometheus_exporter.py", line 333, in new_stats_exporter
    exporter = PrometheusStatsExporter(
  File "/home/hice1/acheng324/scratch/conda_envs/soccertwos/lib/python3.8/site-packages/ray/_private/prometheus_exporter.py", line 266, in __init__
    self.serve_http()
  File "/home/hice1/acheng324/scratch/conda_envs/soccertwos/lib/python3.8/site-packages/ray/_private/prometheus_exporter.py", line 320, in serve_http
    start_http_server(
  File "/home/hice1/acheng324/scratch/conda_envs/soccertwos/lib/python3.8/site-packages/prometheus_client/exposition.py", line 231, in start_wsgi_server
    TmpServer.address_family, addr = _get_best_family(addr, port)
  File "/home/hice1/acheng324/scratch/conda_envs/soccertwos/lib/python3.8/site-packages/prometheus_client/exposition.py", line 169, in _get_best_family
    infos = socket.getaddrinfo(address, port, type=socket.SOCK_STREAM, flags=socket.AI_PASSIVE)
  File "/home/hice1/acheng324/scratch/conda_envs/soccertwos/lib/python3.8/socket.py", line 930, in getaddrinfo
    for res in _socket.getaddrinfo(host, port, family, type, proto, flags):
socket.gaierror: [Errno -2] Name or service not known

[2m[33m(raylet)[0m Traceback (most recent call last):
[2m[33m(raylet)[0m   File "/home/hice1/acheng324/scratch/conda_envs/soccertwos/lib/python3.8/site-packages/ray/new_dashboard/agent.py", line 338, in <module>
[2m[33m(raylet)[0m     raise e
[2m[33m(raylet)[0m   File "/home/hice1/acheng324/scratch/conda_envs/soccertwos/lib/python3.8/site-packages/ray/new_dashboard/agent.py", line 326, in <module>
[2m[33m(raylet)[0m     loop.run_until_complete(agent.run())
[2m[33m(raylet)[0m   File "/home/hice1/acheng324/scratch/conda_envs/soccertwos/lib/python3.8/asyncio/base_events.py", line 616, in run_until_complete
[2m[33m(raylet)[0m     return future.result()
[2m[33m(raylet)[0m   File "/home/hice1/acheng324/scratch/conda_envs/soccertwos/lib/python3.8/site-packages/ray/new_dashboard/agent.py", line 138, in run
[2m[33m(raylet)[0m     modules = self._load_modules()
[2m[33m(raylet)[0m   File "/home/hice1/acheng324/scratch/conda_envs/soccertwos/lib/python3.8/site-packages/ray/new_dashboard/agent.py", line 92, in _load_modules
[2m[33m(raylet)[0m     c = cls(self)
[2m[33m(raylet)[0m   File "/home/hice1/acheng324/scratch/conda_envs/soccertwos/lib/python3.8/site-packages/ray/new_dashboard/modules/reporter/reporter_agent.py", line 148, in __init__
[2m[33m(raylet)[0m     self._metrics_agent = MetricsAgent(dashboard_agent.metrics_export_port)
[2m[33m(raylet)[0m   File "/home/hice1/acheng324/scratch/conda_envs/soccertwos/lib/python3.8/site-packages/ray/_private/metrics_agent.py", line 75, in __init__
[2m[33m(raylet)[0m     prometheus_exporter.new_stats_exporter(
[2m[33m(raylet)[0m   File "/home/hice1/acheng324/scratch/conda_envs/soccertwos/lib/python3.8/site-packages/ray/_private/prometheus_exporter.py", line 333, in new_stats_exporter
[2m[33m(raylet)[0m     exporter = PrometheusStatsExporter(
[2m[33m(raylet)[0m   File "/home/hice1/acheng324/scratch/conda_envs/soccertwos/lib/python3.8/site-packages/ray/_private/prometheus_exporter.py", line 266, in __init__
[2m[33m(raylet)[0m     self.serve_http()
[2m[33m(raylet)[0m   File "/home/hice1/acheng324/scratch/conda_envs/soccertwos/lib/python3.8/site-packages/ray/_private/prometheus_exporter.py", line 320, in serve_http
[2m[33m(raylet)[0m     start_http_server(
[2m[33m(raylet)[0m   File "/home/hice1/acheng324/scratch/conda_envs/soccertwos/lib/python3.8/site-packages/prometheus_client/exposition.py", line 231, in start_wsgi_server
[2m[33m(raylet)[0m     TmpServer.address_family, addr = _get_best_family(addr, port)
[2m[33m(raylet)[0m   File "/home/hice1/acheng324/scratch/conda_envs/soccertwos/lib/python3.8/site-packages/prometheus_client/exposition.py", line 169, in _get_best_family
[2m[33m(raylet)[0m     infos = socket.getaddrinfo(address, port, type=socket.SOCK_STREAM, flags=socket.AI_PASSIVE)
[2m[33m(raylet)[0m   File "/home/hice1/acheng324/scratch/conda_envs/soccertwos/lib/python3.8/socket.py", line 930, in getaddrinfo
[2m[33m(raylet)[0m     for res in _socket.getaddrinfo(host, port, family, type, proto, flags):
[2m[33m(raylet)[0m socket.gaierror: [Errno -2] Name or service not known
[2m[33m(raylet)[0m /home/hice1/acheng324/scratch/conda_envs/soccertwos/lib/python3.8/site-packages/ray/autoscaler/_private/cli_logger.py:57: FutureWarning: Not all Ray CLI dependencies were found. In Ray 1.4+, the Ray CLI, autoscaler, and dashboard will only be usable via `pip install 'ray[default]'`. Please update your install command.
[2m[33m(raylet)[0m   warnings.warn(
2026-03-30 14:41:51,466	WARNING worker.py:1114 -- The agent on node atl1-1-02-010-1-1.pace.gatech.edu failed with the following error:
Traceback (most recent call last):
  File "/home/hice1/acheng324/scratch/conda_envs/soccertwos/lib/python3.8/site-packages/ray/new_dashboard/agent.py", line 326, in <module>
    loop.run_until_complete(agent.run())
  File "/home/hice1/acheng324/scratch/conda_envs/soccertwos/lib/python3.8/asyncio/base_events.py", line 616, in run_until_complete
    return future.result()
  File "/home/hice1/acheng324/scratch/conda_envs/soccertwos/lib/python3.8/site-packages/ray/new_dashboard/agent.py", line 138, in run
    modules = self._load_modules()
  File "/home/hice1/acheng324/scratch/conda_envs/soccertwos/lib/python3.8/site-packages/ray/new_dashboard/agent.py", line 92, in _load_modules
    c = cls(self)
  File "/home/hice1/acheng324/scratch/conda_envs/soccertwos/lib/python3.8/site-packages/ray/new_dashboard/modules/reporter/reporter_agent.py", line 148, in __init__
    self._metrics_agent = MetricsAgent(dashboard_agent.metrics_export_port)
  File "/home/hice1/acheng324/scratch/conda_envs/soccertwos/lib/python3.8/site-packages/ray/_private/metrics_agent.py", line 75, in __init__
    prometheus_exporter.new_stats_exporter(
  File "/home/hice1/acheng324/scratch/conda_envs/soccertwos/lib/python3.8/site-packages/ray/_private/prometheus_exporter.py", line 333, in new_stats_exporter
    exporter = PrometheusStatsExporter(
  File "/home/hice1/acheng324/scratch/conda_envs/soccertwos/lib/python3.8/site-packages/ray/_private/prometheus_exporter.py", line 266, in __init__
    self.serve_http()
  File "/home/hice1/acheng324/scratch/conda_envs/soccertwos/lib/python3.8/site-packages/ray/_private/prometheus_exporter.py", line 320, in serve_http
    start_http_server(
  File "/home/hice1/acheng324/scratch/conda_envs/soccertwos/lib/python3.8/site-packages/prometheus_client/exposition.py", line 231, in start_wsgi_server
    TmpServer.address_family, addr = _get_best_family(addr, port)
  File "/home/hice1/acheng324/scratch/conda_envs/soccertwos/lib/python3.8/site-packages/prometheus_client/exposition.py", line 169, in _get_best_family
    infos = socket.getaddrinfo(address, port, type=socket.SOCK_STREAM, flags=socket.AI_PASSIVE)
  File "/home/hice1/acheng324/scratch/conda_envs/soccertwos/lib/python3.8/socket.py", line 930, in getaddrinfo
    for res in _socket.getaddrinfo(host, port, family, type, proto, flags):
socket.gaierror: [Errno -2] Name or service not known

[2m[33m(raylet)[0m Traceback (most recent call last):
[2m[33m(raylet)[0m   File "/home/hice1/acheng324/scratch/conda_envs/soccertwos/lib/python3.8/site-packages/ray/new_dashboard/agent.py", line 338, in <module>
[2m[33m(raylet)[0m     raise e
[2m[33m(raylet)[0m   File "/home/hice1/acheng324/scratch/conda_envs/soccertwos/lib/python3.8/site-packages/ray/new_dashboard/agent.py", line 326, in <module>
[2m[33m(raylet)[0m     loop.run_until_complete(agent.run())
[2m[33m(raylet)[0m   File "/home/hice1/acheng324/scratch/conda_envs/soccertwos/lib/python3.8/asyncio/base_events.py", line 616, in run_until_complete
[2m[33m(raylet)[0m     return future.result()
[2m[33m(raylet)[0m   File "/home/hice1/acheng324/scratch/conda_envs/soccertwos/lib/python3.8/site-packages/ray/new_dashboard/agent.py", line 138, in run
[2m[33m(raylet)[0m     modules = self._load_modules()
[2m[33m(raylet)[0m   File "/home/hice1/acheng324/scratch/conda_envs/soccertwos/lib/python3.8/site-packages/ray/new_dashboard/agent.py", line 92, in _load_modules
[2m[33m(raylet)[0m     c = cls(self)
[2m[33m(raylet)[0m   File "/home/hice1/acheng324/scratch/conda_envs/soccertwos/lib/python3.8/site-packages/ray/new_dashboard/modules/reporter/reporter_agent.py", line 148, in __init__
[2m[33m(raylet)[0m     self._metrics_agent = MetricsAgent(dashboard_agent.metrics_export_port)
[2m[33m(raylet)[0m   File "/home/hice1/acheng324/scratch/conda_envs/soccertwos/lib/python3.8/site-packages/ray/_private/metrics_agent.py", line 75, in __init__
[2m[33m(raylet)[0m     prometheus_exporter.new_stats_exporter(
[2m[33m(raylet)[0m   File "/home/hice1/acheng324/scratch/conda_envs/soccertwos/lib/python3.8/site-packages/ray/_private/prometheus_exporter.py", line 333, in new_stats_exporter
[2m[33m(raylet)[0m     exporter = PrometheusStatsExporter(
[2m[33m(raylet)[0m   File "/home/hice1/acheng324/scratch/conda_envs/soccertwos/lib/python3.8/site-packages/ray/_private/prometheus_exporter.py", line 266, in __init__
[2m[33m(raylet)[0m     self.serve_http()
[2m[33m(raylet)[0m   File "/home/hice1/acheng324/scratch/conda_envs/soccertwos/lib/python3.8/site-packages/ray/_private/prometheus_exporter.py", line 320, in serve_http
[2m[33m(raylet)[0m     start_http_server(
[2m[33m(raylet)[0m   File "/home/hice1/acheng324/scratch/conda_envs/soccertwos/lib/python3.8/site-packages/prometheus_client/exposition.py", line 231, in start_wsgi_server
[2m[33m(raylet)[0m     TmpServer.address_family, addr = _get_best_family(addr, port)
[2m[33m(raylet)[0m   File "/home/hice1/acheng324/scratch/conda_envs/soccertwos/lib/python3.8/site-packages/prometheus_client/exposition.py", line 169, in _get_best_family
[2m[33m(raylet)[0m     infos = socket.getaddrinfo(address, port, type=socket.SOCK_STREAM, flags=socket.AI_PASSIVE)
[2m[33m(raylet)[0m   File "/home/hice1/acheng324/scratch/conda_envs/soccertwos/lib/python3.8/socket.py", line 930, in getaddrinfo
[2m[33m(raylet)[0m     for res in _socket.getaddrinfo(host, port, family, type, proto, flags):
[2m[33m(raylet)[0m socket.gaierror: [Errno -2] Name or service not known
[2m[33m(raylet)[0m /home/hice1/acheng324/scratch/conda_envs/soccertwos/lib/python3.8/site-packages/ray/autoscaler/_private/cli_logger.py:57: FutureWarning: Not all Ray CLI dependencies were found. In Ray 1.4+, the Ray CLI, autoscaler, and dashboard will only be usable via `pip install 'ray[default]'`. Please update your install command.
[2m[33m(raylet)[0m   warnings.warn(
2026-03-30 14:41:54,278	WARNING worker.py:1114 -- The agent on node atl1-1-02-010-1-1.pace.gatech.edu failed with the following error:
Traceback (most recent call last):
  File "/home/hice1/acheng324/scratch/conda_envs/soccertwos/lib/python3.8/site-packages/ray/new_dashboard/agent.py", line 326, in <module>
    loop.run_until_complete(agent.run())
  File "/home/hice1/acheng324/scratch/conda_envs/soccertwos/lib/python3.8/asyncio/base_events.py", line 616, in run_until_complete
    return future.result()
  File "/home/hice1/acheng324/scratch/conda_envs/soccertwos/lib/python3.8/site-packages/ray/new_dashboard/agent.py", line 138, in run
    modules = self._load_modules()
  File "/home/hice1/acheng324/scratch/conda_envs/soccertwos/lib/python3.8/site-packages/ray/new_dashboard/agent.py", line 92, in _load_modules
    c = cls(self)
  File "/home/hice1/acheng324/scratch/conda_envs/soccertwos/lib/python3.8/site-packages/ray/new_dashboard/modules/reporter/reporter_agent.py", line 148, in __init__
    self._metrics_agent = MetricsAgent(dashboard_agent.metrics_export_port)
  File "/home/hice1/acheng324/scratch/conda_envs/soccertwos/lib/python3.8/site-packages/ray/_private/metrics_agent.py", line 75, in __init__
    prometheus_exporter.new_stats_exporter(
  File "/home/hice1/acheng324/scratch/conda_envs/soccertwos/lib/python3.8/site-packages/ray/_private/prometheus_exporter.py", line 333, in new_stats_exporter
    exporter = PrometheusStatsExporter(
  File "/home/hice1/acheng324/scratch/conda_envs/soccertwos/lib/python3.8/site-packages/ray/_private/prometheus_exporter.py", line 266, in __init__
    self.serve_http()
  File "/home/hice1/acheng324/scratch/conda_envs/soccertwos/lib/python3.8/site-packages/ray/_private/prometheus_exporter.py", line 320, in serve_http
    start_http_server(
  File "/home/hice1/acheng324/scratch/conda_envs/soccertwos/lib/python3.8/site-packages/prometheus_client/exposition.py", line 231, in start_wsgi_server
    TmpServer.address_family, addr = _get_best_family(addr, port)
  File "/home/hice1/acheng324/scratch/conda_envs/soccertwos/lib/python3.8/site-packages/prometheus_client/exposition.py", line 169, in _get_best_family
    infos = socket.getaddrinfo(address, port, type=socket.SOCK_STREAM, flags=socket.AI_PASSIVE)
  File "/home/hice1/acheng324/scratch/conda_envs/soccertwos/lib/python3.8/socket.py", line 930, in getaddrinfo
    for res in _socket.getaddrinfo(host, port, family, type, proto, flags):
socket.gaierror: [Errno -2] Name or service not known

[2m[33m(raylet)[0m Traceback (most recent call last):
[2m[33m(raylet)[0m   File "/home/hice1/acheng324/scratch/conda_envs/soccertwos/lib/python3.8/site-packages/ray/new_dashboard/agent.py", line 338, in <module>
[2m[33m(raylet)[0m     raise e
[2m[33m(raylet)[0m   File "/home/hice1/acheng324/scratch/conda_envs/soccertwos/lib/python3.8/site-packages/ray/new_dashboard/agent.py", line 326, in <module>
[2m[33m(raylet)[0m     loop.run_until_complete(agent.run())
[2m[33m(raylet)[0m   File "/home/hice1/acheng324/scratch/conda_envs/soccertwos/lib/python3.8/asyncio/base_events.py", line 616, in run_until_complete
[2m[33m(raylet)[0m     return future.result()
[2m[33m(raylet)[0m   File "/home/hice1/acheng324/scratch/conda_envs/soccertwos/lib/python3.8/site-packages/ray/new_dashboard/agent.py", line 138, in run
[2m[33m(raylet)[0m     modules = self._load_modules()
[2m[33m(raylet)[0m   File "/home/hice1/acheng324/scratch/conda_envs/soccertwos/lib/python3.8/site-packages/ray/new_dashboard/agent.py", line 92, in _load_modules
[2m[33m(raylet)[0m     c = cls(self)
[2m[33m(raylet)[0m   File "/home/hice1/acheng324/scratch/conda_envs/soccertwos/lib/python3.8/site-packages/ray/new_dashboard/modules/reporter/reporter_agent.py", line 148, in __init__
[2m[33m(raylet)[0m     self._metrics_agent = MetricsAgent(dashboard_agent.metrics_export_port)
[2m[33m(raylet)[0m   File "/home/hice1/acheng324/scratch/conda_envs/soccertwos/lib/python3.8/site-packages/ray/_private/metrics_agent.py", line 75, in __init__
[2m[33m(raylet)[0m     prometheus_exporter.new_stats_exporter(
[2m[33m(raylet)[0m   File "/home/hice1/acheng324/scratch/conda_envs/soccertwos/lib/python3.8/site-packages/ray/_private/prometheus_exporter.py", line 333, in new_stats_exporter
[2m[33m(raylet)[0m     exporter = PrometheusStatsExporter(
[2m[33m(raylet)[0m   File "/home/hice1/acheng324/scratch/conda_envs/soccertwos/lib/python3.8/site-packages/ray/_private/prometheus_exporter.py", line 266, in __init__
[2m[33m(raylet)[0m     self.serve_http()
[2m[33m(raylet)[0m   File "/home/hice1/acheng324/scratch/conda_envs/soccertwos/lib/python3.8/site-packages/ray/_private/prometheus_exporter.py", line 320, in serve_http
[2m[33m(raylet)[0m     start_http_server(
[2m[33m(raylet)[0m   File "/home/hice1/acheng324/scratch/conda_envs/soccertwos/lib/python3.8/site-packages/prometheus_client/exposition.py", line 231, in start_wsgi_server
[2m[33m(raylet)[0m     TmpServer.address_family, addr = _get_best_family(addr, port)
[2m[33m(raylet)[0m   File "/home/hice1/acheng324/scratch/conda_envs/soccertwos/lib/python3.8/site-packages/prometheus_client/exposition.py", line 169, in _get_best_family
[2m[33m(raylet)[0m     infos = socket.getaddrinfo(address, port, type=socket.SOCK_STREAM, flags=socket.AI_PASSIVE)
[2m[33m(raylet)[0m   File "/home/hice1/acheng324/scratch/conda_envs/soccertwos/lib/python3.8/socket.py", line 930, in getaddrinfo
[2m[33m(raylet)[0m     for res in _socket.getaddrinfo(host, port, family, type, proto, flags):
[2m[33m(raylet)[0m socket.gaierror: [Errno -2] Name or service not known
[2m[33m(raylet)[0m /home/hice1/acheng324/scratch/conda_envs/soccertwos/lib/python3.8/site-packages/ray/autoscaler/_private/cli_logger.py:57: FutureWarning: Not all Ray CLI dependencies were found. In Ray 1.4+, the Ray CLI, autoscaler, and dashboard will only be usable via `pip install 'ray[default]'`. Please update your install command.
[2m[33m(raylet)[0m   warnings.warn(
2026-03-30 14:41:57,143	WARNING worker.py:1114 -- The agent on node atl1-1-02-010-1-1.pace.gatech.edu failed with the following error:
Traceback (most recent call last):
  File "/home/hice1/acheng324/scratch/conda_envs/soccertwos/lib/python3.8/site-packages/ray/new_dashboard/agent.py", line 326, in <module>
    loop.run_until_complete(agent.run())
  File "/home/hice1/acheng324/scratch/conda_envs/soccertwos/lib/python3.8/asyncio/base_events.py", line 616, in run_until_complete
    return future.result()
  File "/home/hice1/acheng324/scratch/conda_envs/soccertwos/lib/python3.8/site-packages/ray/new_dashboard/agent.py", line 138, in run
    modules = self._load_modules()
  File "/home/hice1/acheng324/scratch/conda_envs/soccertwos/lib/python3.8/site-packages/ray/new_dashboard/agent.py", line 92, in _load_modules
    c = cls(self)
  File "/home/hice1/acheng324/scratch/conda_envs/soccertwos/lib/python3.8/site-packages/ray/new_dashboard/modules/reporter/reporter_agent.py", line 148, in __init__
    self._metrics_agent = MetricsAgent(dashboard_agent.metrics_export_port)
  File "/home/hice1/acheng324/scratch/conda_envs/soccertwos/lib/python3.8/site-packages/ray/_private/metrics_agent.py", line 75, in __init__
    prometheus_exporter.new_stats_exporter(
  File "/home/hice1/acheng324/scratch/conda_envs/soccertwos/lib/python3.8/site-packages/ray/_private/prometheus_exporter.py", line 333, in new_stats_exporter
    exporter = PrometheusStatsExporter(
  File "/home/hice1/acheng324/scratch/conda_envs/soccertwos/lib/python3.8/site-packages/ray/_private/prometheus_exporter.py", line 266, in __init__
    self.serve_http()
  File "/home/hice1/acheng324/scratch/conda_envs/soccertwos/lib/python3.8/site-packages/ray/_private/prometheus_exporter.py", line 320, in serve_http
    start_http_server(
  File "/home/hice1/acheng324/scratch/conda_envs/soccertwos/lib/python3.8/site-packages/prometheus_client/exposition.py", line 231, in start_wsgi_server
    TmpServer.address_family, addr = _get_best_family(addr, port)
  File "/home/hice1/acheng324/scratch/conda_envs/soccertwos/lib/python3.8/site-packages/prometheus_client/exposition.py", line 169, in _get_best_family
    infos = socket.getaddrinfo(address, port, type=socket.SOCK_STREAM, flags=socket.AI_PASSIVE)
  File "/home/hice1/acheng324/scratch/conda_envs/soccertwos/lib/python3.8/socket.py", line 930, in getaddrinfo
    for res in _socket.getaddrinfo(host, port, family, type, proto, flags):
socket.gaierror: [Errno -2] Name or service not known

[2m[33m(raylet)[0m Traceback (most recent call last):
[2m[33m(raylet)[0m   File "/home/hice1/acheng324/scratch/conda_envs/soccertwos/lib/python3.8/site-packages/ray/new_dashboard/agent.py", line 338, in <module>
[2m[33m(raylet)[0m     raise e
[2m[33m(raylet)[0m   File "/home/hice1/acheng324/scratch/conda_envs/soccertwos/lib/python3.8/site-packages/ray/new_dashboard/agent.py", line 326, in <module>
[2m[33m(raylet)[0m     loop.run_until_complete(agent.run())
[2m[33m(raylet)[0m   File "/home/hice1/acheng324/scratch/conda_envs/soccertwos/lib/python3.8/asyncio/base_events.py", line 616, in run_until_complete
[2m[33m(raylet)[0m     return future.result()
[2m[33m(raylet)[0m   File "/home/hice1/acheng324/scratch/conda_envs/soccertwos/lib/python3.8/site-packages/ray/new_dashboard/agent.py", line 138, in run
[2m[33m(raylet)[0m     modules = self._load_modules()
[2m[33m(raylet)[0m   File "/home/hice1/acheng324/scratch/conda_envs/soccertwos/lib/python3.8/site-packages/ray/new_dashboard/agent.py", line 92, in _load_modules
[2m[33m(raylet)[0m     c = cls(self)
[2m[33m(raylet)[0m   File "/home/hice1/acheng324/scratch/conda_envs/soccertwos/lib/python3.8/site-packages/ray/new_dashboard/modules/reporter/reporter_agent.py", line 148, in __init__
[2m[33m(raylet)[0m     self._metrics_agent = MetricsAgent(dashboard_agent.metrics_export_port)
[2m[33m(raylet)[0m   File "/home/hice1/acheng324/scratch/conda_envs/soccertwos/lib/python3.8/site-packages/ray/_private/metrics_agent.py", line 75, in __init__
[2m[33m(raylet)[0m     prometheus_exporter.new_stats_exporter(
[2m[33m(raylet)[0m   File "/home/hice1/acheng324/scratch/conda_envs/soccertwos/lib/python3.8/site-packages/ray/_private/prometheus_exporter.py", line 333, in new_stats_exporter
[2m[33m(raylet)[0m     exporter = PrometheusStatsExporter(
[2m[33m(raylet)[0m   File "/home/hice1/acheng324/scratch/conda_envs/soccertwos/lib/python3.8/site-packages/ray/_private/prometheus_exporter.py", line 266, in __init__
[2m[33m(raylet)[0m     self.serve_http()
[2m[33m(raylet)[0m   File "/home/hice1/acheng324/scratch/conda_envs/soccertwos/lib/python3.8/site-packages/ray/_private/prometheus_exporter.py", line 320, in serve_http
[2m[33m(raylet)[0m     start_http_server(
[2m[33m(raylet)[0m   File "/home/hice1/acheng324/scratch/conda_envs/soccertwos/lib/python3.8/site-packages/prometheus_client/exposition.py", line 231, in start_wsgi_server
[2m[33m(raylet)[0m     TmpServer.address_family, addr = _get_best_family(addr, port)
[2m[33m(raylet)[0m   File "/home/hice1/acheng324/scratch/conda_envs/soccertwos/lib/python3.8/site-packages/prometheus_client/exposition.py", line 169, in _get_best_family
[2m[33m(raylet)[0m     infos = socket.getaddrinfo(address, port, type=socket.SOCK_STREAM, flags=socket.AI_PASSIVE)
[2m[33m(raylet)[0m   File "/home/hice1/acheng324/scratch/conda_envs/soccertwos/lib/python3.8/socket.py", line 930, in getaddrinfo
[2m[33m(raylet)[0m     for res in _socket.getaddrinfo(host, port, family, type, proto, flags):
[2m[33m(raylet)[0m socket.gaierror: [Errno -2] Name or service not known
[2m[33m(raylet)[0m /home/hice1/acheng324/scratch/conda_envs/soccertwos/lib/python3.8/site-packages/ray/autoscaler/_private/cli_logger.py:57: FutureWarning: Not all Ray CLI dependencies were found. In Ray 1.4+, the Ray CLI, autoscaler, and dashboard will only be usable via `pip install 'ray[default]'`. Please update your install command.
[2m[33m(raylet)[0m   warnings.warn(
2026-03-30 14:41:59,965	WARNING worker.py:1114 -- The agent on node atl1-1-02-010-1-1.pace.gatech.edu failed with the following error:
Traceback (most recent call last):
  File "/home/hice1/acheng324/scratch/conda_envs/soccertwos/lib/python3.8/site-packages/ray/new_dashboard/agent.py", line 326, in <module>
    loop.run_until_complete(agent.run())
  File "/home/hice1/acheng324/scratch/conda_envs/soccertwos/lib/python3.8/asyncio/base_events.py", line 616, in run_until_complete
    return future.result()
  File "/home/hice1/acheng324/scratch/conda_envs/soccertwos/lib/python3.8/site-packages/ray/new_dashboard/agent.py", line 138, in run
    modules = self._load_modules()
  File "/home/hice1/acheng324/scratch/conda_envs/soccertwos/lib/python3.8/site-packages/ray/new_dashboard/agent.py", line 92, in _load_modules
    c = cls(self)
  File "/home/hice1/acheng324/scratch/conda_envs/soccertwos/lib/python3.8/site-packages/ray/new_dashboard/modules/reporter/reporter_agent.py", line 148, in __init__
    self._metrics_agent = MetricsAgent(dashboard_agent.metrics_export_port)
  File "/home/hice1/acheng324/scratch/conda_envs/soccertwos/lib/python3.8/site-packages/ray/_private/metrics_agent.py", line 75, in __init__
    prometheus_exporter.new_stats_exporter(
  File "/home/hice1/acheng324/scratch/conda_envs/soccertwos/lib/python3.8/site-packages/ray/_private/prometheus_exporter.py", line 333, in new_stats_exporter
    exporter = PrometheusStatsExporter(
  File "/home/hice1/acheng324/scratch/conda_envs/soccertwos/lib/python3.8/site-packages/ray/_private/prometheus_exporter.py", line 266, in __init__
    self.serve_http()
  File "/home/hice1/acheng324/scratch/conda_envs/soccertwos/lib/python3.8/site-packages/ray/_private/prometheus_exporter.py", line 320, in serve_http
    start_http_server(
  File "/home/hice1/acheng324/scratch/conda_envs/soccertwos/lib/python3.8/site-packages/prometheus_client/exposition.py", line 231, in start_wsgi_server
    TmpServer.address_family, addr = _get_best_family(addr, port)
  File "/home/hice1/acheng324/scratch/conda_envs/soccertwos/lib/python3.8/site-packages/prometheus_client/exposition.py", line 169, in _get_best_family
    infos = socket.getaddrinfo(address, port, type=socket.SOCK_STREAM, flags=socket.AI_PASSIVE)
  File "/home/hice1/acheng324/scratch/conda_envs/soccertwos/lib/python3.8/socket.py", line 930, in getaddrinfo
    for res in _socket.getaddrinfo(host, port, family, type, proto, flags):
socket.gaierror: [Errno -2] Name or service not known

[2m[33m(raylet)[0m Traceback (most recent call last):
[2m[33m(raylet)[0m   File "/home/hice1/acheng324/scratch/conda_envs/soccertwos/lib/python3.8/site-packages/ray/new_dashboard/agent.py", line 338, in <module>
[2m[33m(raylet)[0m     raise e
[2m[33m(raylet)[0m   File "/home/hice1/acheng324/scratch/conda_envs/soccertwos/lib/python3.8/site-packages/ray/new_dashboard/agent.py", line 326, in <module>
[2m[33m(raylet)[0m     loop.run_until_complete(agent.run())
[2m[33m(raylet)[0m   File "/home/hice1/acheng324/scratch/conda_envs/soccertwos/lib/python3.8/asyncio/base_events.py", line 616, in run_until_complete
[2m[33m(raylet)[0m     return future.result()
[2m[33m(raylet)[0m   File "/home/hice1/acheng324/scratch/conda_envs/soccertwos/lib/python3.8/site-packages/ray/new_dashboard/agent.py", line 138, in run
[2m[33m(raylet)[0m     modules = self._load_modules()
[2m[33m(raylet)[0m   File "/home/hice1/acheng324/scratch/conda_envs/soccertwos/lib/python3.8/site-packages/ray/new_dashboard/agent.py", line 92, in _load_modules
[2m[33m(raylet)[0m     c = cls(self)
[2m[33m(raylet)[0m   File "/home/hice1/acheng324/scratch/conda_envs/soccertwos/lib/python3.8/site-packages/ray/new_dashboard/modules/reporter/reporter_agent.py", line 148, in __init__
[2m[33m(raylet)[0m     self._metrics_agent = MetricsAgent(dashboard_agent.metrics_export_port)
[2m[33m(raylet)[0m   File "/home/hice1/acheng324/scratch/conda_envs/soccertwos/lib/python3.8/site-packages/ray/_private/metrics_agent.py", line 75, in __init__
[2m[33m(raylet)[0m     prometheus_exporter.new_stats_exporter(
[2m[33m(raylet)[0m   File "/home/hice1/acheng324/scratch/conda_envs/soccertwos/lib/python3.8/site-packages/ray/_private/prometheus_exporter.py", line 333, in new_stats_exporter
[2m[33m(raylet)[0m     exporter = PrometheusStatsExporter(
[2m[33m(raylet)[0m   File "/home/hice1/acheng324/scratch/conda_envs/soccertwos/lib/python3.8/site-packages/ray/_private/prometheus_exporter.py", line 266, in __init__
[2m[33m(raylet)[0m     self.serve_http()
[2m[33m(raylet)[0m   File "/home/hice1/acheng324/scratch/conda_envs/soccertwos/lib/python3.8/site-packages/ray/_private/prometheus_exporter.py", line 320, in serve_http
[2m[33m(raylet)[0m     start_http_server(
[2m[33m(raylet)[0m   File "/home/hice1/acheng324/scratch/conda_envs/soccertwos/lib/python3.8/site-packages/prometheus_client/exposition.py", line 231, in start_wsgi_server
[2m[33m(raylet)[0m     TmpServer.address_family, addr = _get_best_family(addr, port)
[2m[33m(raylet)[0m   File "/home/hice1/acheng324/scratch/conda_envs/soccertwos/lib/python3.8/site-packages/prometheus_client/exposition.py", line 169, in _get_best_family
[2m[33m(raylet)[0m     infos = socket.getaddrinfo(address, port, type=socket.SOCK_STREAM, flags=socket.AI_PASSIVE)
[2m[33m(raylet)[0m   File "/home/hice1/acheng324/scratch/conda_envs/soccertwos/lib/python3.8/socket.py", line 930, in getaddrinfo
[2m[33m(raylet)[0m     for res in _socket.getaddrinfo(host, port, family, type, proto, flags):
[2m[33m(raylet)[0m socket.gaierror: [Errno -2] Name or service not known
[2m[33m(raylet)[0m /home/hice1/acheng324/scratch/conda_envs/soccertwos/lib/python3.8/site-packages/ray/autoscaler/_private/cli_logger.py:57: FutureWarning: Not all Ray CLI dependencies were found. In Ray 1.4+, the Ray CLI, autoscaler, and dashboard will only be usable via `pip install 'ray[default]'`. Please update your install command.
[2m[33m(raylet)[0m   warnings.warn(
2026-03-30 14:42:02,794	WARNING worker.py:1114 -- The agent on node atl1-1-02-010-1-1.pace.gatech.edu failed with the following error:
Traceback (most recent call last):
  File "/home/hice1/acheng324/scratch/conda_envs/soccertwos/lib/python3.8/site-packages/ray/new_dashboard/agent.py", line 326, in <module>
    loop.run_until_complete(agent.run())
  File "/home/hice1/acheng324/scratch/conda_envs/soccertwos/lib/python3.8/asyncio/base_events.py", line 616, in run_until_complete
    return future.result()
  File "/home/hice1/acheng324/scratch/conda_envs/soccertwos/lib/python3.8/site-packages/ray/new_dashboard/agent.py", line 138, in run
    modules = self._load_modules()
  File "/home/hice1/acheng324/scratch/conda_envs/soccertwos/lib/python3.8/site-packages/ray/new_dashboard/agent.py", line 92, in _load_modules
    c = cls(self)
  File "/home/hice1/acheng324/scratch/conda_envs/soccertwos/lib/python3.8/site-packages/ray/new_dashboard/modules/reporter/reporter_agent.py", line 148, in __init__
    self._metrics_agent = MetricsAgent(dashboard_agent.metrics_export_port)
  File "/home/hice1/acheng324/scratch/conda_envs/soccertwos/lib/python3.8/site-packages/ray/_private/metrics_agent.py", line 75, in __init__
    prometheus_exporter.new_stats_exporter(
  File "/home/hice1/acheng324/scratch/conda_envs/soccertwos/lib/python3.8/site-packages/ray/_private/prometheus_exporter.py", line 333, in new_stats_exporter
    exporter = PrometheusStatsExporter(
  File "/home/hice1/acheng324/scratch/conda_envs/soccertwos/lib/python3.8/site-packages/ray/_private/prometheus_exporter.py", line 266, in __init__
    self.serve_http()
  File "/home/hice1/acheng324/scratch/conda_envs/soccertwos/lib/python3.8/site-packages/ray/_private/prometheus_exporter.py", line 320, in serve_http
    start_http_server(
  File "/home/hice1/acheng324/scratch/conda_envs/soccertwos/lib/python3.8/site-packages/prometheus_client/exposition.py", line 231, in start_wsgi_server
    TmpServer.address_family, addr = _get_best_family(addr, port)
  File "/home/hice1/acheng324/scratch/conda_envs/soccertwos/lib/python3.8/site-packages/prometheus_client/exposition.py", line 169, in _get_best_family
    infos = socket.getaddrinfo(address, port, type=socket.SOCK_STREAM, flags=socket.AI_PASSIVE)
  File "/home/hice1/acheng324/scratch/conda_envs/soccertwos/lib/python3.8/socket.py", line 930, in getaddrinfo
    for res in _socket.getaddrinfo(host, port, family, type, proto, flags):
socket.gaierror: [Errno -2] Name or service not known

[2m[33m(raylet)[0m Traceback (most recent call last):
[2m[33m(raylet)[0m   File "/home/hice1/acheng324/scratch/conda_envs/soccertwos/lib/python3.8/site-packages/ray/new_dashboard/agent.py", line 338, in <module>
[2m[33m(raylet)[0m     raise e
[2m[33m(raylet)[0m   File "/home/hice1/acheng324/scratch/conda_envs/soccertwos/lib/python3.8/site-packages/ray/new_dashboard/agent.py", line 326, in <module>
[2m[33m(raylet)[0m     loop.run_until_complete(agent.run())
[2m[33m(raylet)[0m   File "/home/hice1/acheng324/scratch/conda_envs/soccertwos/lib/python3.8/asyncio/base_events.py", line 616, in run_until_complete
[2m[33m(raylet)[0m     return future.result()
[2m[33m(raylet)[0m   File "/home/hice1/acheng324/scratch/conda_envs/soccertwos/lib/python3.8/site-packages/ray/new_dashboard/agent.py", line 138, in run
[2m[33m(raylet)[0m     modules = self._load_modules()
[2m[33m(raylet)[0m   File "/home/hice1/acheng324/scratch/conda_envs/soccertwos/lib/python3.8/site-packages/ray/new_dashboard/agent.py", line 92, in _load_modules
[2m[33m(raylet)[0m     c = cls(self)
[2m[33m(raylet)[0m   File "/home/hice1/acheng324/scratch/conda_envs/soccertwos/lib/python3.8/site-packages/ray/new_dashboard/modules/reporter/reporter_agent.py", line 148, in __init__
[2m[33m(raylet)[0m     self._metrics_agent = MetricsAgent(dashboard_agent.metrics_export_port)
[2m[33m(raylet)[0m   File "/home/hice1/acheng324/scratch/conda_envs/soccertwos/lib/python3.8/site-packages/ray/_private/metrics_agent.py", line 75, in __init__
[2m[33m(raylet)[0m     prometheus_exporter.new_stats_exporter(
[2m[33m(raylet)[0m   File "/home/hice1/acheng324/scratch/conda_envs/soccertwos/lib/python3.8/site-packages/ray/_private/prometheus_exporter.py", line 333, in new_stats_exporter
[2m[33m(raylet)[0m     exporter = PrometheusStatsExporter(
[2m[33m(raylet)[0m   File "/home/hice1/acheng324/scratch/conda_envs/soccertwos/lib/python3.8/site-packages/ray/_private/prometheus_exporter.py", line 266, in __init__
[2m[33m(raylet)[0m     self.serve_http()
[2m[33m(raylet)[0m   File "/home/hice1/acheng324/scratch/conda_envs/soccertwos/lib/python3.8/site-packages/ray/_private/prometheus_exporter.py", line 320, in serve_http
[2m[33m(raylet)[0m     start_http_server(
[2m[33m(raylet)[0m   File "/home/hice1/acheng324/scratch/conda_envs/soccertwos/lib/python3.8/site-packages/prometheus_client/exposition.py", line 231, in start_wsgi_server
[2m[33m(raylet)[0m     TmpServer.address_family, addr = _get_best_family(addr, port)
[2m[33m(raylet)[0m   File "/home/hice1/acheng324/scratch/conda_envs/soccertwos/lib/python3.8/site-packages/prometheus_client/exposition.py", line 169, in _get_best_family
[2m[33m(raylet)[0m     infos = socket.getaddrinfo(address, port, type=socket.SOCK_STREAM, flags=socket.AI_PASSIVE)
[2m[33m(raylet)[0m   File "/home/hice1/acheng324/scratch/conda_envs/soccertwos/lib/python3.8/socket.py", line 930, in getaddrinfo
[2m[33m(raylet)[0m     for res in _socket.getaddrinfo(host, port, family, type, proto, flags):
[2m[33m(raylet)[0m socket.gaierror: [Errno -2] Name or service not known
[2m[33m(raylet)[0m /home/hice1/acheng324/scratch/conda_envs/soccertwos/lib/python3.8/site-packages/ray/autoscaler/_private/cli_logger.py:57: FutureWarning: Not all Ray CLI dependencies were found. In Ray 1.4+, the Ray CLI, autoscaler, and dashboard will only be usable via `pip install 'ray[default]'`. Please update your install command.
[2m[33m(raylet)[0m   warnings.warn(
2026-03-30 14:42:05,627	WARNING worker.py:1114 -- The agent on node atl1-1-02-010-1-1.pace.gatech.edu failed with the following error:
Traceback (most recent call last):
  File "/home/hice1/acheng324/scratch/conda_envs/soccertwos/lib/python3.8/site-packages/ray/new_dashboard/agent.py", line 326, in <module>
    loop.run_until_complete(agent.run())
  File "/home/hice1/acheng324/scratch/conda_envs/soccertwos/lib/python3.8/asyncio/base_events.py", line 616, in run_until_complete
    return future.result()
  File "/home/hice1/acheng324/scratch/conda_envs/soccertwos/lib/python3.8/site-packages/ray/new_dashboard/agent.py", line 138, in run
    modules = self._load_modules()
  File "/home/hice1/acheng324/scratch/conda_envs/soccertwos/lib/python3.8/site-packages/ray/new_dashboard/agent.py", line 92, in _load_modules
    c = cls(self)
  File "/home/hice1/acheng324/scratch/conda_envs/soccertwos/lib/python3.8/site-packages/ray/new_dashboard/modules/reporter/reporter_agent.py", line 148, in __init__
    self._metrics_agent = MetricsAgent(dashboard_agent.metrics_export_port)
  File "/home/hice1/acheng324/scratch/conda_envs/soccertwos/lib/python3.8/site-packages/ray/_private/metrics_agent.py", line 75, in __init__
    prometheus_exporter.new_stats_exporter(
  File "/home/hice1/acheng324/scratch/conda_envs/soccertwos/lib/python3.8/site-packages/ray/_private/prometheus_exporter.py", line 333, in new_stats_exporter
    exporter = PrometheusStatsExporter(
  File "/home/hice1/acheng324/scratch/conda_envs/soccertwos/lib/python3.8/site-packages/ray/_private/prometheus_exporter.py", line 266, in __init__
    self.serve_http()
  File "/home/hice1/acheng324/scratch/conda_envs/soccertwos/lib/python3.8/site-packages/ray/_private/prometheus_exporter.py", line 320, in serve_http
    start_http_server(
  File "/home/hice1/acheng324/scratch/conda_envs/soccertwos/lib/python3.8/site-packages/prometheus_client/exposition.py", line 231, in start_wsgi_server
    TmpServer.address_family, addr = _get_best_family(addr, port)
  File "/home/hice1/acheng324/scratch/conda_envs/soccertwos/lib/python3.8/site-packages/prometheus_client/exposition.py", line 169, in _get_best_family
    infos = socket.getaddrinfo(address, port, type=socket.SOCK_STREAM, flags=socket.AI_PASSIVE)
  File "/home/hice1/acheng324/scratch/conda_envs/soccertwos/lib/python3.8/socket.py", line 930, in getaddrinfo
    for res in _socket.getaddrinfo(host, port, family, type, proto, flags):
socket.gaierror: [Errno -2] Name or service not known

[2m[33m(raylet)[0m Traceback (most recent call last):
[2m[33m(raylet)[0m   File "/home/hice1/acheng324/scratch/conda_envs/soccertwos/lib/python3.8/site-packages/ray/new_dashboard/agent.py", line 338, in <module>
[2m[33m(raylet)[0m     raise e
[2m[33m(raylet)[0m   File "/home/hice1/acheng324/scratch/conda_envs/soccertwos/lib/python3.8/site-packages/ray/new_dashboard/agent.py", line 326, in <module>
[2m[33m(raylet)[0m     loop.run_until_complete(agent.run())
[2m[33m(raylet)[0m   File "/home/hice1/acheng324/scratch/conda_envs/soccertwos/lib/python3.8/asyncio/base_events.py", line 616, in run_until_complete
[2m[33m(raylet)[0m     return future.result()
[2m[33m(raylet)[0m   File "/home/hice1/acheng324/scratch/conda_envs/soccertwos/lib/python3.8/site-packages/ray/new_dashboard/agent.py", line 138, in run
[2m[33m(raylet)[0m     modules = self._load_modules()
[2m[33m(raylet)[0m   File "/home/hice1/acheng324/scratch/conda_envs/soccertwos/lib/python3.8/site-packages/ray/new_dashboard/agent.py", line 92, in _load_modules
[2m[33m(raylet)[0m     c = cls(self)
[2m[33m(raylet)[0m   File "/home/hice1/acheng324/scratch/conda_envs/soccertwos/lib/python3.8/site-packages/ray/new_dashboard/modules/reporter/reporter_agent.py", line 148, in __init__
[2m[33m(raylet)[0m     self._metrics_agent = MetricsAgent(dashboard_agent.metrics_export_port)
[2m[33m(raylet)[0m   File "/home/hice1/acheng324/scratch/conda_envs/soccertwos/lib/python3.8/site-packages/ray/_private/metrics_agent.py", line 75, in __init__
[2m[33m(raylet)[0m     prometheus_exporter.new_stats_exporter(
[2m[33m(raylet)[0m   File "/home/hice1/acheng324/scratch/conda_envs/soccertwos/lib/python3.8/site-packages/ray/_private/prometheus_exporter.py", line 333, in new_stats_exporter
[2m[33m(raylet)[0m     exporter = PrometheusStatsExporter(
[2m[33m(raylet)[0m   File "/home/hice1/acheng324/scratch/conda_envs/soccertwos/lib/python3.8/site-packages/ray/_private/prometheus_exporter.py", line 266, in __init__
[2m[33m(raylet)[0m     self.serve_http()
[2m[33m(raylet)[0m   File "/home/hice1/acheng324/scratch/conda_envs/soccertwos/lib/python3.8/site-packages/ray/_private/prometheus_exporter.py", line 320, in serve_http
[2m[33m(raylet)[0m     start_http_server(
[2m[33m(raylet)[0m   File "/home/hice1/acheng324/scratch/conda_envs/soccertwos/lib/python3.8/site-packages/prometheus_client/exposition.py", line 231, in start_wsgi_server
[2m[33m(raylet)[0m     TmpServer.address_family, addr = _get_best_family(addr, port)
[2m[33m(raylet)[0m   File "/home/hice1/acheng324/scratch/conda_envs/soccertwos/lib/python3.8/site-packages/prometheus_client/exposition.py", line 169, in _get_best_family
[2m[33m(raylet)[0m     infos = socket.getaddrinfo(address, port, type=socket.SOCK_STREAM, flags=socket.AI_PASSIVE)
[2m[33m(raylet)[0m   File "/home/hice1/acheng324/scratch/conda_envs/soccertwos/lib/python3.8/socket.py", line 930, in getaddrinfo
[2m[33m(raylet)[0m     for res in _socket.getaddrinfo(host, port, family, type, proto, flags):
[2m[33m(raylet)[0m socket.gaierror: [Errno -2] Name or service not known
[2m[33m(raylet)[0m /home/hice1/acheng324/scratch/conda_envs/soccertwos/lib/python3.8/site-packages/ray/autoscaler/_private/cli_logger.py:57: FutureWarning: Not all Ray CLI dependencies were found. In Ray 1.4+, the Ray CLI, autoscaler, and dashboard will only be usable via `pip install 'ray[default]'`. Please update your install command.
[2m[33m(raylet)[0m   warnings.warn(
2026-03-30 14:42:08,482	WARNING worker.py:1114 -- The agent on node atl1-1-02-010-1-1.pace.gatech.edu failed with the following error:
Traceback (most recent call last):
  File "/home/hice1/acheng324/scratch/conda_envs/soccertwos/lib/python3.8/site-packages/ray/new_dashboard/agent.py", line 326, in <module>
    loop.run_until_complete(agent.run())
  File "/home/hice1/acheng324/scratch/conda_envs/soccertwos/lib/python3.8/asyncio/base_events.py", line 616, in run_until_complete
    return future.result()
  File "/home/hice1/acheng324/scratch/conda_envs/soccertwos/lib/python3.8/site-packages/ray/new_dashboard/agent.py", line 138, in run
    modules = self._load_modules()
  File "/home/hice1/acheng324/scratch/conda_envs/soccertwos/lib/python3.8/site-packages/ray/new_dashboard/agent.py", line 92, in _load_modules
    c = cls(self)
  File "/home/hice1/acheng324/scratch/conda_envs/soccertwos/lib/python3.8/site-packages/ray/new_dashboard/modules/reporter/reporter_agent.py", line 148, in __init__
    self._metrics_agent = MetricsAgent(dashboard_agent.metrics_export_port)
  File "/home/hice1/acheng324/scratch/conda_envs/soccertwos/lib/python3.8/site-packages/ray/_private/metrics_agent.py", line 75, in __init__
    prometheus_exporter.new_stats_exporter(
  File "/home/hice1/acheng324/scratch/conda_envs/soccertwos/lib/python3.8/site-packages/ray/_private/prometheus_exporter.py", line 333, in new_stats_exporter
    exporter = PrometheusStatsExporter(
  File "/home/hice1/acheng324/scratch/conda_envs/soccertwos/lib/python3.8/site-packages/ray/_private/prometheus_exporter.py", line 266, in __init__
    self.serve_http()
  File "/home/hice1/acheng324/scratch/conda_envs/soccertwos/lib/python3.8/site-packages/ray/_private/prometheus_exporter.py", line 320, in serve_http
    start_http_server(
  File "/home/hice1/acheng324/scratch/conda_envs/soccertwos/lib/python3.8/site-packages/prometheus_client/exposition.py", line 231, in start_wsgi_server
    TmpServer.address_family, addr = _get_best_family(addr, port)
  File "/home/hice1/acheng324/scratch/conda_envs/soccertwos/lib/python3.8/site-packages/prometheus_client/exposition.py", line 169, in _get_best_family
    infos = socket.getaddrinfo(address, port, type=socket.SOCK_STREAM, flags=socket.AI_PASSIVE)
  File "/home/hice1/acheng324/scratch/conda_envs/soccertwos/lib/python3.8/socket.py", line 930, in getaddrinfo
    for res in _socket.getaddrinfo(host, port, family, type, proto, flags):
socket.gaierror: [Errno -2] Name or service not known

[2m[33m(raylet)[0m Traceback (most recent call last):
[2m[33m(raylet)[0m   File "/home/hice1/acheng324/scratch/conda_envs/soccertwos/lib/python3.8/site-packages/ray/new_dashboard/agent.py", line 338, in <module>
[2m[33m(raylet)[0m     raise e
[2m[33m(raylet)[0m   File "/home/hice1/acheng324/scratch/conda_envs/soccertwos/lib/python3.8/site-packages/ray/new_dashboard/agent.py", line 326, in <module>
[2m[33m(raylet)[0m     loop.run_until_complete(agent.run())
[2m[33m(raylet)[0m   File "/home/hice1/acheng324/scratch/conda_envs/soccertwos/lib/python3.8/asyncio/base_events.py", line 616, in run_until_complete
[2m[33m(raylet)[0m     return future.result()
[2m[33m(raylet)[0m   File "/home/hice1/acheng324/scratch/conda_envs/soccertwos/lib/python3.8/site-packages/ray/new_dashboard/agent.py", line 138, in run
[2m[33m(raylet)[0m     modules = self._load_modules()
[2m[33m(raylet)[0m   File "/home/hice1/acheng324/scratch/conda_envs/soccertwos/lib/python3.8/site-packages/ray/new_dashboard/agent.py", line 92, in _load_modules
[2m[33m(raylet)[0m     c = cls(self)
[2m[33m(raylet)[0m   File "/home/hice1/acheng324/scratch/conda_envs/soccertwos/lib/python3.8/site-packages/ray/new_dashboard/modules/reporter/reporter_agent.py", line 148, in __init__
[2m[33m(raylet)[0m     self._metrics_agent = MetricsAgent(dashboard_agent.metrics_export_port)
[2m[33m(raylet)[0m   File "/home/hice1/acheng324/scratch/conda_envs/soccertwos/lib/python3.8/site-packages/ray/_private/metrics_agent.py", line 75, in __init__
[2m[33m(raylet)[0m     prometheus_exporter.new_stats_exporter(
[2m[33m(raylet)[0m   File "/home/hice1/acheng324/scratch/conda_envs/soccertwos/lib/python3.8/site-packages/ray/_private/prometheus_exporter.py", line 333, in new_stats_exporter
[2m[33m(raylet)[0m     exporter = PrometheusStatsExporter(
[2m[33m(raylet)[0m   File "/home/hice1/acheng324/scratch/conda_envs/soccertwos/lib/python3.8/site-packages/ray/_private/prometheus_exporter.py", line 266, in __init__
[2m[33m(raylet)[0m     self.serve_http()
[2m[33m(raylet)[0m   File "/home/hice1/acheng324/scratch/conda_envs/soccertwos/lib/python3.8/site-packages/ray/_private/prometheus_exporter.py", line 320, in serve_http
[2m[33m(raylet)[0m     start_http_server(
[2m[33m(raylet)[0m   File "/home/hice1/acheng324/scratch/conda_envs/soccertwos/lib/python3.8/site-packages/prometheus_client/exposition.py", line 231, in start_wsgi_server
[2m[33m(raylet)[0m     TmpServer.address_family, addr = _get_best_family(addr, port)
[2m[33m(raylet)[0m   File "/home/hice1/acheng324/scratch/conda_envs/soccertwos/lib/python3.8/site-packages/prometheus_client/exposition.py", line 169, in _get_best_family
[2m[33m(raylet)[0m     infos = socket.getaddrinfo(address, port, type=socket.SOCK_STREAM, flags=socket.AI_PASSIVE)
[2m[33m(raylet)[0m   File "/home/hice1/acheng324/scratch/conda_envs/soccertwos/lib/python3.8/socket.py", line 930, in getaddrinfo
[2m[33m(raylet)[0m     for res in _socket.getaddrinfo(host, port, family, type, proto, flags):
[2m[33m(raylet)[0m socket.gaierror: [Errno -2] Name or service not known
[2m[33m(raylet)[0m /home/hice1/acheng324/scratch/conda_envs/soccertwos/lib/python3.8/site-packages/ray/autoscaler/_private/cli_logger.py:57: FutureWarning: Not all Ray CLI dependencies were found. In Ray 1.4+, the Ray CLI, autoscaler, and dashboard will only be usable via `pip install 'ray[default]'`. Please update your install command.
[2m[33m(raylet)[0m   warnings.warn(
2026-03-30 14:42:11,322	WARNING worker.py:1114 -- The agent on node atl1-1-02-010-1-1.pace.gatech.edu failed with the following error:
Traceback (most recent call last):
  File "/home/hice1/acheng324/scratch/conda_envs/soccertwos/lib/python3.8/site-packages/ray/new_dashboard/agent.py", line 326, in <module>
    loop.run_until_complete(agent.run())
  File "/home/hice1/acheng324/scratch/conda_envs/soccertwos/lib/python3.8/asyncio/base_events.py", line 616, in run_until_complete
    return future.result()
  File "/home/hice1/acheng324/scratch/conda_envs/soccertwos/lib/python3.8/site-packages/ray/new_dashboard/agent.py", line 138, in run
    modules = self._load_modules()
  File "/home/hice1/acheng324/scratch/conda_envs/soccertwos/lib/python3.8/site-packages/ray/new_dashboard/agent.py", line 92, in _load_modules
    c = cls(self)
  File "/home/hice1/acheng324/scratch/conda_envs/soccertwos/lib/python3.8/site-packages/ray/new_dashboard/modules/reporter/reporter_agent.py", line 148, in __init__
    self._metrics_agent = MetricsAgent(dashboard_agent.metrics_export_port)
  File "/home/hice1/acheng324/scratch/conda_envs/soccertwos/lib/python3.8/site-packages/ray/_private/metrics_agent.py", line 75, in __init__
    prometheus_exporter.new_stats_exporter(
  File "/home/hice1/acheng324/scratch/conda_envs/soccertwos/lib/python3.8/site-packages/ray/_private/prometheus_exporter.py", line 333, in new_stats_exporter
    exporter = PrometheusStatsExporter(
  File "/home/hice1/acheng324/scratch/conda_envs/soccertwos/lib/python3.8/site-packages/ray/_private/prometheus_exporter.py", line 266, in __init__
    self.serve_http()
  File "/home/hice1/acheng324/scratch/conda_envs/soccertwos/lib/python3.8/site-packages/ray/_private/prometheus_exporter.py", line 320, in serve_http
    start_http_server(
  File "/home/hice1/acheng324/scratch/conda_envs/soccertwos/lib/python3.8/site-packages/prometheus_client/exposition.py", line 231, in start_wsgi_server
    TmpServer.address_family, addr = _get_best_family(addr, port)
  File "/home/hice1/acheng324/scratch/conda_envs/soccertwos/lib/python3.8/site-packages/prometheus_client/exposition.py", line 169, in _get_best_family
    infos = socket.getaddrinfo(address, port, type=socket.SOCK_STREAM, flags=socket.AI_PASSIVE)
  File "/home/hice1/acheng324/scratch/conda_envs/soccertwos/lib/python3.8/socket.py", line 930, in getaddrinfo
    for res in _socket.getaddrinfo(host, port, family, type, proto, flags):
socket.gaierror: [Errno -2] Name or service not known

[2m[33m(raylet)[0m Traceback (most recent call last):
[2m[33m(raylet)[0m   File "/home/hice1/acheng324/scratch/conda_envs/soccertwos/lib/python3.8/site-packages/ray/new_dashboard/agent.py", line 338, in <module>
[2m[33m(raylet)[0m     raise e
[2m[33m(raylet)[0m   File "/home/hice1/acheng324/scratch/conda_envs/soccertwos/lib/python3.8/site-packages/ray/new_dashboard/agent.py", line 326, in <module>
[2m[33m(raylet)[0m     loop.run_until_complete(agent.run())
[2m[33m(raylet)[0m   File "/home/hice1/acheng324/scratch/conda_envs/soccertwos/lib/python3.8/asyncio/base_events.py", line 616, in run_until_complete
[2m[33m(raylet)[0m     return future.result()
[2m[33m(raylet)[0m   File "/home/hice1/acheng324/scratch/conda_envs/soccertwos/lib/python3.8/site-packages/ray/new_dashboard/agent.py", line 138, in run
[2m[33m(raylet)[0m     modules = self._load_modules()
[2m[33m(raylet)[0m   File "/home/hice1/acheng324/scratch/conda_envs/soccertwos/lib/python3.8/site-packages/ray/new_dashboard/agent.py", line 92, in _load_modules
[2m[33m(raylet)[0m     c = cls(self)
[2m[33m(raylet)[0m   File "/home/hice1/acheng324/scratch/conda_envs/soccertwos/lib/python3.8/site-packages/ray/new_dashboard/modules/reporter/reporter_agent.py", line 148, in __init__
[2m[33m(raylet)[0m     self._metrics_agent = MetricsAgent(dashboard_agent.metrics_export_port)
[2m[33m(raylet)[0m   File "/home/hice1/acheng324/scratch/conda_envs/soccertwos/lib/python3.8/site-packages/ray/_private/metrics_agent.py", line 75, in __init__
[2m[33m(raylet)[0m     prometheus_exporter.new_stats_exporter(
[2m[33m(raylet)[0m   File "/home/hice1/acheng324/scratch/conda_envs/soccertwos/lib/python3.8/site-packages/ray/_private/prometheus_exporter.py", line 333, in new_stats_exporter
[2m[33m(raylet)[0m     exporter = PrometheusStatsExporter(
[2m[33m(raylet)[0m   File "/home/hice1/acheng324/scratch/conda_envs/soccertwos/lib/python3.8/site-packages/ray/_private/prometheus_exporter.py", line 266, in __init__
[2m[33m(raylet)[0m     self.serve_http()
[2m[33m(raylet)[0m   File "/home/hice1/acheng324/scratch/conda_envs/soccertwos/lib/python3.8/site-packages/ray/_private/prometheus_exporter.py", line 320, in serve_http
[2m[33m(raylet)[0m     start_http_server(
[2m[33m(raylet)[0m   File "/home/hice1/acheng324/scratch/conda_envs/soccertwos/lib/python3.8/site-packages/prometheus_client/exposition.py", line 231, in start_wsgi_server
[2m[33m(raylet)[0m     TmpServer.address_family, addr = _get_best_family(addr, port)
[2m[33m(raylet)[0m   File "/home/hice1/acheng324/scratch/conda_envs/soccertwos/lib/python3.8/site-packages/prometheus_client/exposition.py", line 169, in _get_best_family
[2m[33m(raylet)[0m     infos = socket.getaddrinfo(address, port, type=socket.SOCK_STREAM, flags=socket.AI_PASSIVE)
[2m[33m(raylet)[0m   File "/home/hice1/acheng324/scratch/conda_envs/soccertwos/lib/python3.8/socket.py", line 930, in getaddrinfo
[2m[33m(raylet)[0m     for res in _socket.getaddrinfo(host, port, family, type, proto, flags):
[2m[33m(raylet)[0m socket.gaierror: [Errno -2] Name or service not known
[2m[33m(raylet)[0m /home/hice1/acheng324/scratch/conda_envs/soccertwos/lib/python3.8/site-packages/ray/autoscaler/_private/cli_logger.py:57: FutureWarning: Not all Ray CLI dependencies were found. In Ray 1.4+, the Ray CLI, autoscaler, and dashboard will only be usable via `pip install 'ray[default]'`. Please update your install command.
[2m[33m(raylet)[0m   warnings.warn(
2026-03-30 14:42:14,138	WARNING worker.py:1114 -- The agent on node atl1-1-02-010-1-1.pace.gatech.edu failed with the following error:
Traceback (most recent call last):
  File "/home/hice1/acheng324/scratch/conda_envs/soccertwos/lib/python3.8/site-packages/ray/new_dashboard/agent.py", line 326, in <module>
    loop.run_until_complete(agent.run())
  File "/home/hice1/acheng324/scratch/conda_envs/soccertwos/lib/python3.8/asyncio/base_events.py", line 616, in run_until_complete
    return future.result()
  File "/home/hice1/acheng324/scratch/conda_envs/soccertwos/lib/python3.8/site-packages/ray/new_dashboard/agent.py", line 138, in run
    modules = self._load_modules()
  File "/home/hice1/acheng324/scratch/conda_envs/soccertwos/lib/python3.8/site-packages/ray/new_dashboard/agent.py", line 92, in _load_modules
    c = cls(self)
  File "/home/hice1/acheng324/scratch/conda_envs/soccertwos/lib/python3.8/site-packages/ray/new_dashboard/modules/reporter/reporter_agent.py", line 148, in __init__
    self._metrics_agent = MetricsAgent(dashboard_agent.metrics_export_port)
  File "/home/hice1/acheng324/scratch/conda_envs/soccertwos/lib/python3.8/site-packages/ray/_private/metrics_agent.py", line 75, in __init__
    prometheus_exporter.new_stats_exporter(
  File "/home/hice1/acheng324/scratch/conda_envs/soccertwos/lib/python3.8/site-packages/ray/_private/prometheus_exporter.py", line 333, in new_stats_exporter
    exporter = PrometheusStatsExporter(
  File "/home/hice1/acheng324/scratch/conda_envs/soccertwos/lib/python3.8/site-packages/ray/_private/prometheus_exporter.py", line 266, in __init__
    self.serve_http()
  File "/home/hice1/acheng324/scratch/conda_envs/soccertwos/lib/python3.8/site-packages/ray/_private/prometheus_exporter.py", line 320, in serve_http
    start_http_server(
  File "/home/hice1/acheng324/scratch/conda_envs/soccertwos/lib/python3.8/site-packages/prometheus_client/exposition.py", line 231, in start_wsgi_server
    TmpServer.address_family, addr = _get_best_family(addr, port)
  File "/home/hice1/acheng324/scratch/conda_envs/soccertwos/lib/python3.8/site-packages/prometheus_client/exposition.py", line 169, in _get_best_family
    infos = socket.getaddrinfo(address, port, type=socket.SOCK_STREAM, flags=socket.AI_PASSIVE)
  File "/home/hice1/acheng324/scratch/conda_envs/soccertwos/lib/python3.8/socket.py", line 930, in getaddrinfo
    for res in _socket.getaddrinfo(host, port, family, type, proto, flags):
socket.gaierror: [Errno -2] Name or service not known

[2m[33m(raylet)[0m Traceback (most recent call last):
[2m[33m(raylet)[0m   File "/home/hice1/acheng324/scratch/conda_envs/soccertwos/lib/python3.8/site-packages/ray/new_dashboard/agent.py", line 338, in <module>
[2m[33m(raylet)[0m     raise e
[2m[33m(raylet)[0m   File "/home/hice1/acheng324/scratch/conda_envs/soccertwos/lib/python3.8/site-packages/ray/new_dashboard/agent.py", line 326, in <module>
[2m[33m(raylet)[0m     loop.run_until_complete(agent.run())
[2m[33m(raylet)[0m   File "/home/hice1/acheng324/scratch/conda_envs/soccertwos/lib/python3.8/asyncio/base_events.py", line 616, in run_until_complete
[2m[33m(raylet)[0m     return future.result()
[2m[33m(raylet)[0m   File "/home/hice1/acheng324/scratch/conda_envs/soccertwos/lib/python3.8/site-packages/ray/new_dashboard/agent.py", line 138, in run
[2m[33m(raylet)[0m     modules = self._load_modules()
[2m[33m(raylet)[0m   File "/home/hice1/acheng324/scratch/conda_envs/soccertwos/lib/python3.8/site-packages/ray/new_dashboard/agent.py", line 92, in _load_modules
[2m[33m(raylet)[0m     c = cls(self)
[2m[33m(raylet)[0m   File "/home/hice1/acheng324/scratch/conda_envs/soccertwos/lib/python3.8/site-packages/ray/new_dashboard/modules/reporter/reporter_agent.py", line 148, in __init__
[2m[33m(raylet)[0m     self._metrics_agent = MetricsAgent(dashboard_agent.metrics_export_port)
[2m[33m(raylet)[0m   File "/home/hice1/acheng324/scratch/conda_envs/soccertwos/lib/python3.8/site-packages/ray/_private/metrics_agent.py", line 75, in __init__
[2m[33m(raylet)[0m     prometheus_exporter.new_stats_exporter(
[2m[33m(raylet)[0m   File "/home/hice1/acheng324/scratch/conda_envs/soccertwos/lib/python3.8/site-packages/ray/_private/prometheus_exporter.py", line 333, in new_stats_exporter
[2m[33m(raylet)[0m     exporter = PrometheusStatsExporter(
[2m[33m(raylet)[0m   File "/home/hice1/acheng324/scratch/conda_envs/soccertwos/lib/python3.8/site-packages/ray/_private/prometheus_exporter.py", line 266, in __init__
[2m[33m(raylet)[0m     self.serve_http()
[2m[33m(raylet)[0m   File "/home/hice1/acheng324/scratch/conda_envs/soccertwos/lib/python3.8/site-packages/ray/_private/prometheus_exporter.py", line 320, in serve_http
[2m[33m(raylet)[0m     start_http_server(
[2m[33m(raylet)[0m   File "/home/hice1/acheng324/scratch/conda_envs/soccertwos/lib/python3.8/site-packages/prometheus_client/exposition.py", line 231, in start_wsgi_server
[2m[33m(raylet)[0m     TmpServer.address_family, addr = _get_best_family(addr, port)
[2m[33m(raylet)[0m   File "/home/hice1/acheng324/scratch/conda_envs/soccertwos/lib/python3.8/site-packages/prometheus_client/exposition.py", line 169, in _get_best_family
[2m[33m(raylet)[0m     infos = socket.getaddrinfo(address, port, type=socket.SOCK_STREAM, flags=socket.AI_PASSIVE)
[2m[33m(raylet)[0m   File "/home/hice1/acheng324/scratch/conda_envs/soccertwos/lib/python3.8/socket.py", line 930, in getaddrinfo
[2m[33m(raylet)[0m     for res in _socket.getaddrinfo(host, port, family, type, proto, flags):
[2m[33m(raylet)[0m socket.gaierror: [Errno -2] Name or service not known
[2m[33m(raylet)[0m /home/hice1/acheng324/scratch/conda_envs/soccertwos/lib/python3.8/site-packages/ray/autoscaler/_private/cli_logger.py:57: FutureWarning: Not all Ray CLI dependencies were found. In Ray 1.4+, the Ray CLI, autoscaler, and dashboard will only be usable via `pip install 'ray[default]'`. Please update your install command.
[2m[33m(raylet)[0m   warnings.warn(
2026-03-30 14:42:16,950	WARNING worker.py:1114 -- The agent on node atl1-1-02-010-1-1.pace.gatech.edu failed with the following error:
Traceback (most recent call last):
  File "/home/hice1/acheng324/scratch/conda_envs/soccertwos/lib/python3.8/site-packages/ray/new_dashboard/agent.py", line 326, in <module>
    loop.run_until_complete(agent.run())
  File "/home/hice1/acheng324/scratch/conda_envs/soccertwos/lib/python3.8/asyncio/base_events.py", line 616, in run_until_complete
    return future.result()
  File "/home/hice1/acheng324/scratch/conda_envs/soccertwos/lib/python3.8/site-packages/ray/new_dashboard/agent.py", line 138, in run
    modules = self._load_modules()
  File "/home/hice1/acheng324/scratch/conda_envs/soccertwos/lib/python3.8/site-packages/ray/new_dashboard/agent.py", line 92, in _load_modules
    c = cls(self)
  File "/home/hice1/acheng324/scratch/conda_envs/soccertwos/lib/python3.8/site-packages/ray/new_dashboard/modules/reporter/reporter_agent.py", line 148, in __init__
    self._metrics_agent = MetricsAgent(dashboard_agent.metrics_export_port)
  File "/home/hice1/acheng324/scratch/conda_envs/soccertwos/lib/python3.8/site-packages/ray/_private/metrics_agent.py", line 75, in __init__
    prometheus_exporter.new_stats_exporter(
  File "/home/hice1/acheng324/scratch/conda_envs/soccertwos/lib/python3.8/site-packages/ray/_private/prometheus_exporter.py", line 333, in new_stats_exporter
    exporter = PrometheusStatsExporter(
  File "/home/hice1/acheng324/scratch/conda_envs/soccertwos/lib/python3.8/site-packages/ray/_private/prometheus_exporter.py", line 266, in __init__
    self.serve_http()
  File "/home/hice1/acheng324/scratch/conda_envs/soccertwos/lib/python3.8/site-packages/ray/_private/prometheus_exporter.py", line 320, in serve_http
    start_http_server(
  File "/home/hice1/acheng324/scratch/conda_envs/soccertwos/lib/python3.8/site-packages/prometheus_client/exposition.py", line 231, in start_wsgi_server
    TmpServer.address_family, addr = _get_best_family(addr, port)
  File "/home/hice1/acheng324/scratch/conda_envs/soccertwos/lib/python3.8/site-packages/prometheus_client/exposition.py", line 169, in _get_best_family
    infos = socket.getaddrinfo(address, port, type=socket.SOCK_STREAM, flags=socket.AI_PASSIVE)
  File "/home/hice1/acheng324/scratch/conda_envs/soccertwos/lib/python3.8/socket.py", line 930, in getaddrinfo
    for res in _socket.getaddrinfo(host, port, family, type, proto, flags):
socket.gaierror: [Errno -2] Name or service not known

[2m[33m(raylet)[0m Traceback (most recent call last):
[2m[33m(raylet)[0m   File "/home/hice1/acheng324/scratch/conda_envs/soccertwos/lib/python3.8/site-packages/ray/new_dashboard/agent.py", line 338, in <module>
[2m[33m(raylet)[0m     raise e
[2m[33m(raylet)[0m   File "/home/hice1/acheng324/scratch/conda_envs/soccertwos/lib/python3.8/site-packages/ray/new_dashboard/agent.py", line 326, in <module>
[2m[33m(raylet)[0m     loop.run_until_complete(agent.run())
[2m[33m(raylet)[0m   File "/home/hice1/acheng324/scratch/conda_envs/soccertwos/lib/python3.8/asyncio/base_events.py", line 616, in run_until_complete
[2m[33m(raylet)[0m     return future.result()
[2m[33m(raylet)[0m   File "/home/hice1/acheng324/scratch/conda_envs/soccertwos/lib/python3.8/site-packages/ray/new_dashboard/agent.py", line 138, in run
[2m[33m(raylet)[0m     modules = self._load_modules()
[2m[33m(raylet)[0m   File "/home/hice1/acheng324/scratch/conda_envs/soccertwos/lib/python3.8/site-packages/ray/new_dashboard/agent.py", line 92, in _load_modules
[2m[33m(raylet)[0m     c = cls(self)
[2m[33m(raylet)[0m   File "/home/hice1/acheng324/scratch/conda_envs/soccertwos/lib/python3.8/site-packages/ray/new_dashboard/modules/reporter/reporter_agent.py", line 148, in __init__
[2m[33m(raylet)[0m     self._metrics_agent = MetricsAgent(dashboard_agent.metrics_export_port)
[2m[33m(raylet)[0m   File "/home/hice1/acheng324/scratch/conda_envs/soccertwos/lib/python3.8/site-packages/ray/_private/metrics_agent.py", line 75, in __init__
[2m[33m(raylet)[0m     prometheus_exporter.new_stats_exporter(
[2m[33m(raylet)[0m   File "/home/hice1/acheng324/scratch/conda_envs/soccertwos/lib/python3.8/site-packages/ray/_private/prometheus_exporter.py", line 333, in new_stats_exporter
[2m[33m(raylet)[0m     exporter = PrometheusStatsExporter(
[2m[33m(raylet)[0m   File "/home/hice1/acheng324/scratch/conda_envs/soccertwos/lib/python3.8/site-packages/ray/_private/prometheus_exporter.py", line 266, in __init__
[2m[33m(raylet)[0m     self.serve_http()
[2m[33m(raylet)[0m   File "/home/hice1/acheng324/scratch/conda_envs/soccertwos/lib/python3.8/site-packages/ray/_private/prometheus_exporter.py", line 320, in serve_http
[2m[33m(raylet)[0m     start_http_server(
[2m[33m(raylet)[0m   File "/home/hice1/acheng324/scratch/conda_envs/soccertwos/lib/python3.8/site-packages/prometheus_client/exposition.py", line 231, in start_wsgi_server
[2m[33m(raylet)[0m     TmpServer.address_family, addr = _get_best_family(addr, port)
[2m[33m(raylet)[0m   File "/home/hice1/acheng324/scratch/conda_envs/soccertwos/lib/python3.8/site-packages/prometheus_client/exposition.py", line 169, in _get_best_family
[2m[33m(raylet)[0m     infos = socket.getaddrinfo(address, port, type=socket.SOCK_STREAM, flags=socket.AI_PASSIVE)
[2m[33m(raylet)[0m   File "/home/hice1/acheng324/scratch/conda_envs/soccertwos/lib/python3.8/socket.py", line 930, in getaddrinfo
[2m[33m(raylet)[0m     for res in _socket.getaddrinfo(host, port, family, type, proto, flags):
[2m[33m(raylet)[0m socket.gaierror: [Errno -2] Name or service not known
[2m[33m(raylet)[0m /home/hice1/acheng324/scratch/conda_envs/soccertwos/lib/python3.8/site-packages/ray/autoscaler/_private/cli_logger.py:57: FutureWarning: Not all Ray CLI dependencies were found. In Ray 1.4+, the Ray CLI, autoscaler, and dashboard will only be usable via `pip install 'ray[default]'`. Please update your install command.
[2m[33m(raylet)[0m   warnings.warn(
2026-03-30 14:42:19,788	WARNING worker.py:1114 -- The agent on node atl1-1-02-010-1-1.pace.gatech.edu failed with the following error:
Traceback (most recent call last):
  File "/home/hice1/acheng324/scratch/conda_envs/soccertwos/lib/python3.8/site-packages/ray/new_dashboard/agent.py", line 326, in <module>
    loop.run_until_complete(agent.run())
  File "/home/hice1/acheng324/scratch/conda_envs/soccertwos/lib/python3.8/asyncio/base_events.py", line 616, in run_until_complete
    return future.result()
  File "/home/hice1/acheng324/scratch/conda_envs/soccertwos/lib/python3.8/site-packages/ray/new_dashboard/agent.py", line 138, in run
    modules = self._load_modules()
  File "/home/hice1/acheng324/scratch/conda_envs/soccertwos/lib/python3.8/site-packages/ray/new_dashboard/agent.py", line 92, in _load_modules
    c = cls(self)
  File "/home/hice1/acheng324/scratch/conda_envs/soccertwos/lib/python3.8/site-packages/ray/new_dashboard/modules/reporter/reporter_agent.py", line 148, in __init__
    self._metrics_agent = MetricsAgent(dashboard_agent.metrics_export_port)
  File "/home/hice1/acheng324/scratch/conda_envs/soccertwos/lib/python3.8/site-packages/ray/_private/metrics_agent.py", line 75, in __init__
    prometheus_exporter.new_stats_exporter(
  File "/home/hice1/acheng324/scratch/conda_envs/soccertwos/lib/python3.8/site-packages/ray/_private/prometheus_exporter.py", line 333, in new_stats_exporter
    exporter = PrometheusStatsExporter(
  File "/home/hice1/acheng324/scratch/conda_envs/soccertwos/lib/python3.8/site-packages/ray/_private/prometheus_exporter.py", line 266, in __init__
    self.serve_http()
  File "/home/hice1/acheng324/scratch/conda_envs/soccertwos/lib/python3.8/site-packages/ray/_private/prometheus_exporter.py", line 320, in serve_http
    start_http_server(
  File "/home/hice1/acheng324/scratch/conda_envs/soccertwos/lib/python3.8/site-packages/prometheus_client/exposition.py", line 231, in start_wsgi_server
    TmpServer.address_family, addr = _get_best_family(addr, port)
  File "/home/hice1/acheng324/scratch/conda_envs/soccertwos/lib/python3.8/site-packages/prometheus_client/exposition.py", line 169, in _get_best_family
    infos = socket.getaddrinfo(address, port, type=socket.SOCK_STREAM, flags=socket.AI_PASSIVE)
  File "/home/hice1/acheng324/scratch/conda_envs/soccertwos/lib/python3.8/socket.py", line 930, in getaddrinfo
    for res in _socket.getaddrinfo(host, port, family, type, proto, flags):
socket.gaierror: [Errno -2] Name or service not known

[2m[33m(raylet)[0m Traceback (most recent call last):
[2m[33m(raylet)[0m   File "/home/hice1/acheng324/scratch/conda_envs/soccertwos/lib/python3.8/site-packages/ray/new_dashboard/agent.py", line 338, in <module>
[2m[33m(raylet)[0m     raise e
[2m[33m(raylet)[0m   File "/home/hice1/acheng324/scratch/conda_envs/soccertwos/lib/python3.8/site-packages/ray/new_dashboard/agent.py", line 326, in <module>
[2m[33m(raylet)[0m     loop.run_until_complete(agent.run())
[2m[33m(raylet)[0m   File "/home/hice1/acheng324/scratch/conda_envs/soccertwos/lib/python3.8/asyncio/base_events.py", line 616, in run_until_complete
[2m[33m(raylet)[0m     return future.result()
[2m[33m(raylet)[0m   File "/home/hice1/acheng324/scratch/conda_envs/soccertwos/lib/python3.8/site-packages/ray/new_dashboard/agent.py", line 138, in run
[2m[33m(raylet)[0m     modules = self._load_modules()
[2m[33m(raylet)[0m   File "/home/hice1/acheng324/scratch/conda_envs/soccertwos/lib/python3.8/site-packages/ray/new_dashboard/agent.py", line 92, in _load_modules
[2m[33m(raylet)[0m     c = cls(self)
[2m[33m(raylet)[0m   File "/home/hice1/acheng324/scratch/conda_envs/soccertwos/lib/python3.8/site-packages/ray/new_dashboard/modules/reporter/reporter_agent.py", line 148, in __init__
[2m[33m(raylet)[0m     self._metrics_agent = MetricsAgent(dashboard_agent.metrics_export_port)
[2m[33m(raylet)[0m   File "/home/hice1/acheng324/scratch/conda_envs/soccertwos/lib/python3.8/site-packages/ray/_private/metrics_agent.py", line 75, in __init__
[2m[33m(raylet)[0m     prometheus_exporter.new_stats_exporter(
[2m[33m(raylet)[0m   File "/home/hice1/acheng324/scratch/conda_envs/soccertwos/lib/python3.8/site-packages/ray/_private/prometheus_exporter.py", line 333, in new_stats_exporter
[2m[33m(raylet)[0m     exporter = PrometheusStatsExporter(
[2m[33m(raylet)[0m   File "/home/hice1/acheng324/scratch/conda_envs/soccertwos/lib/python3.8/site-packages/ray/_private/prometheus_exporter.py", line 266, in __init__
[2m[33m(raylet)[0m     self.serve_http()
[2m[33m(raylet)[0m   File "/home/hice1/acheng324/scratch/conda_envs/soccertwos/lib/python3.8/site-packages/ray/_private/prometheus_exporter.py", line 320, in serve_http
[2m[33m(raylet)[0m     start_http_server(
[2m[33m(raylet)[0m   File "/home/hice1/acheng324/scratch/conda_envs/soccertwos/lib/python3.8/site-packages/prometheus_client/exposition.py", line 231, in start_wsgi_server
[2m[33m(raylet)[0m     TmpServer.address_family, addr = _get_best_family(addr, port)
[2m[33m(raylet)[0m   File "/home/hice1/acheng324/scratch/conda_envs/soccertwos/lib/python3.8/site-packages/prometheus_client/exposition.py", line 169, in _get_best_family
[2m[33m(raylet)[0m     infos = socket.getaddrinfo(address, port, type=socket.SOCK_STREAM, flags=socket.AI_PASSIVE)
[2m[33m(raylet)[0m   File "/home/hice1/acheng324/scratch/conda_envs/soccertwos/lib/python3.8/socket.py", line 930, in getaddrinfo
[2m[33m(raylet)[0m     for res in _socket.getaddrinfo(host, port, family, type, proto, flags):
[2m[33m(raylet)[0m socket.gaierror: [Errno -2] Name or service not known
[2m[33m(raylet)[0m /home/hice1/acheng324/scratch/conda_envs/soccertwos/lib/python3.8/site-packages/ray/autoscaler/_private/cli_logger.py:57: FutureWarning: Not all Ray CLI dependencies were found. In Ray 1.4+, the Ray CLI, autoscaler, and dashboard will only be usable via `pip install 'ray[default]'`. Please update your install command.
[2m[33m(raylet)[0m   warnings.warn(
2026-03-30 14:42:22,609	WARNING worker.py:1114 -- The agent on node atl1-1-02-010-1-1.pace.gatech.edu failed with the following error:
Traceback (most recent call last):
  File "/home/hice1/acheng324/scratch/conda_envs/soccertwos/lib/python3.8/site-packages/ray/new_dashboard/agent.py", line 326, in <module>
    loop.run_until_complete(agent.run())
  File "/home/hice1/acheng324/scratch/conda_envs/soccertwos/lib/python3.8/asyncio/base_events.py", line 616, in run_until_complete
    return future.result()
  File "/home/hice1/acheng324/scratch/conda_envs/soccertwos/lib/python3.8/site-packages/ray/new_dashboard/agent.py", line 138, in run
    modules = self._load_modules()
  File "/home/hice1/acheng324/scratch/conda_envs/soccertwos/lib/python3.8/site-packages/ray/new_dashboard/agent.py", line 92, in _load_modules
    c = cls(self)
  File "/home/hice1/acheng324/scratch/conda_envs/soccertwos/lib/python3.8/site-packages/ray/new_dashboard/modules/reporter/reporter_agent.py", line 148, in __init__
    self._metrics_agent = MetricsAgent(dashboard_agent.metrics_export_port)
  File "/home/hice1/acheng324/scratch/conda_envs/soccertwos/lib/python3.8/site-packages/ray/_private/metrics_agent.py", line 75, in __init__
    prometheus_exporter.new_stats_exporter(
  File "/home/hice1/acheng324/scratch/conda_envs/soccertwos/lib/python3.8/site-packages/ray/_private/prometheus_exporter.py", line 333, in new_stats_exporter
    exporter = PrometheusStatsExporter(
  File "/home/hice1/acheng324/scratch/conda_envs/soccertwos/lib/python3.8/site-packages/ray/_private/prometheus_exporter.py", line 266, in __init__
    self.serve_http()
  File "/home/hice1/acheng324/scratch/conda_envs/soccertwos/lib/python3.8/site-packages/ray/_private/prometheus_exporter.py", line 320, in serve_http
    start_http_server(
  File "/home/hice1/acheng324/scratch/conda_envs/soccertwos/lib/python3.8/site-packages/prometheus_client/exposition.py", line 231, in start_wsgi_server
    TmpServer.address_family, addr = _get_best_family(addr, port)
  File "/home/hice1/acheng324/scratch/conda_envs/soccertwos/lib/python3.8/site-packages/prometheus_client/exposition.py", line 169, in _get_best_family
    infos = socket.getaddrinfo(address, port, type=socket.SOCK_STREAM, flags=socket.AI_PASSIVE)
  File "/home/hice1/acheng324/scratch/conda_envs/soccertwos/lib/python3.8/socket.py", line 930, in getaddrinfo
    for res in _socket.getaddrinfo(host, port, family, type, proto, flags):
socket.gaierror: [Errno -2] Name or service not known

[2m[33m(raylet)[0m Traceback (most recent call last):
[2m[33m(raylet)[0m   File "/home/hice1/acheng324/scratch/conda_envs/soccertwos/lib/python3.8/site-packages/ray/new_dashboard/agent.py", line 338, in <module>
[2m[33m(raylet)[0m     raise e
[2m[33m(raylet)[0m   File "/home/hice1/acheng324/scratch/conda_envs/soccertwos/lib/python3.8/site-packages/ray/new_dashboard/agent.py", line 326, in <module>
[2m[33m(raylet)[0m     loop.run_until_complete(agent.run())
[2m[33m(raylet)[0m   File "/home/hice1/acheng324/scratch/conda_envs/soccertwos/lib/python3.8/asyncio/base_events.py", line 616, in run_until_complete
[2m[33m(raylet)[0m     return future.result()
[2m[33m(raylet)[0m   File "/home/hice1/acheng324/scratch/conda_envs/soccertwos/lib/python3.8/site-packages/ray/new_dashboard/agent.py", line 138, in run
[2m[33m(raylet)[0m     modules = self._load_modules()
[2m[33m(raylet)[0m   File "/home/hice1/acheng324/scratch/conda_envs/soccertwos/lib/python3.8/site-packages/ray/new_dashboard/agent.py", line 92, in _load_modules
[2m[33m(raylet)[0m     c = cls(self)
[2m[33m(raylet)[0m   File "/home/hice1/acheng324/scratch/conda_envs/soccertwos/lib/python3.8/site-packages/ray/new_dashboard/modules/reporter/reporter_agent.py", line 148, in __init__
[2m[33m(raylet)[0m     self._metrics_agent = MetricsAgent(dashboard_agent.metrics_export_port)
[2m[33m(raylet)[0m   File "/home/hice1/acheng324/scratch/conda_envs/soccertwos/lib/python3.8/site-packages/ray/_private/metrics_agent.py", line 75, in __init__
[2m[33m(raylet)[0m     prometheus_exporter.new_stats_exporter(
[2m[33m(raylet)[0m   File "/home/hice1/acheng324/scratch/conda_envs/soccertwos/lib/python3.8/site-packages/ray/_private/prometheus_exporter.py", line 333, in new_stats_exporter
[2m[33m(raylet)[0m     exporter = PrometheusStatsExporter(
[2m[33m(raylet)[0m   File "/home/hice1/acheng324/scratch/conda_envs/soccertwos/lib/python3.8/site-packages/ray/_private/prometheus_exporter.py", line 266, in __init__
[2m[33m(raylet)[0m     self.serve_http()
[2m[33m(raylet)[0m   File "/home/hice1/acheng324/scratch/conda_envs/soccertwos/lib/python3.8/site-packages/ray/_private/prometheus_exporter.py", line 320, in serve_http
[2m[33m(raylet)[0m     start_http_server(
[2m[33m(raylet)[0m   File "/home/hice1/acheng324/scratch/conda_envs/soccertwos/lib/python3.8/site-packages/prometheus_client/exposition.py", line 231, in start_wsgi_server
[2m[33m(raylet)[0m     TmpServer.address_family, addr = _get_best_family(addr, port)
[2m[33m(raylet)[0m   File "/home/hice1/acheng324/scratch/conda_envs/soccertwos/lib/python3.8/site-packages/prometheus_client/exposition.py", line 169, in _get_best_family
[2m[33m(raylet)[0m     infos = socket.getaddrinfo(address, port, type=socket.SOCK_STREAM, flags=socket.AI_PASSIVE)
[2m[33m(raylet)[0m   File "/home/hice1/acheng324/scratch/conda_envs/soccertwos/lib/python3.8/socket.py", line 930, in getaddrinfo
[2m[33m(raylet)[0m     for res in _socket.getaddrinfo(host, port, family, type, proto, flags):
[2m[33m(raylet)[0m socket.gaierror: [Errno -2] Name or service not known
[2m[33m(raylet)[0m /home/hice1/acheng324/scratch/conda_envs/soccertwos/lib/python3.8/site-packages/ray/autoscaler/_private/cli_logger.py:57: FutureWarning: Not all Ray CLI dependencies were found. In Ray 1.4+, the Ray CLI, autoscaler, and dashboard will only be usable via `pip install 'ray[default]'`. Please update your install command.
[2m[33m(raylet)[0m   warnings.warn(
2026-03-30 14:42:25,417	WARNING worker.py:1114 -- The agent on node atl1-1-02-010-1-1.pace.gatech.edu failed with the following error:
Traceback (most recent call last):
  File "/home/hice1/acheng324/scratch/conda_envs/soccertwos/lib/python3.8/site-packages/ray/new_dashboard/agent.py", line 326, in <module>
    loop.run_until_complete(agent.run())
  File "/home/hice1/acheng324/scratch/conda_envs/soccertwos/lib/python3.8/asyncio/base_events.py", line 616, in run_until_complete
    return future.result()
  File "/home/hice1/acheng324/scratch/conda_envs/soccertwos/lib/python3.8/site-packages/ray/new_dashboard/agent.py", line 138, in run
    modules = self._load_modules()
  File "/home/hice1/acheng324/scratch/conda_envs/soccertwos/lib/python3.8/site-packages/ray/new_dashboard/agent.py", line 92, in _load_modules
    c = cls(self)
  File "/home/hice1/acheng324/scratch/conda_envs/soccertwos/lib/python3.8/site-packages/ray/new_dashboard/modules/reporter/reporter_agent.py", line 148, in __init__
    self._metrics_agent = MetricsAgent(dashboard_agent.metrics_export_port)
  File "/home/hice1/acheng324/scratch/conda_envs/soccertwos/lib/python3.8/site-packages/ray/_private/metrics_agent.py", line 75, in __init__
    prometheus_exporter.new_stats_exporter(
  File "/home/hice1/acheng324/scratch/conda_envs/soccertwos/lib/python3.8/site-packages/ray/_private/prometheus_exporter.py", line 333, in new_stats_exporter
    exporter = PrometheusStatsExporter(
  File "/home/hice1/acheng324/scratch/conda_envs/soccertwos/lib/python3.8/site-packages/ray/_private/prometheus_exporter.py", line 266, in __init__
    self.serve_http()
  File "/home/hice1/acheng324/scratch/conda_envs/soccertwos/lib/python3.8/site-packages/ray/_private/prometheus_exporter.py", line 320, in serve_http
    start_http_server(
  File "/home/hice1/acheng324/scratch/conda_envs/soccertwos/lib/python3.8/site-packages/prometheus_client/exposition.py", line 231, in start_wsgi_server
    TmpServer.address_family, addr = _get_best_family(addr, port)
  File "/home/hice1/acheng324/scratch/conda_envs/soccertwos/lib/python3.8/site-packages/prometheus_client/exposition.py", line 169, in _get_best_family
    infos = socket.getaddrinfo(address, port, type=socket.SOCK_STREAM, flags=socket.AI_PASSIVE)
  File "/home/hice1/acheng324/scratch/conda_envs/soccertwos/lib/python3.8/socket.py", line 930, in getaddrinfo
    for res in _socket.getaddrinfo(host, port, family, type, proto, flags):
socket.gaierror: [Errno -2] Name or service not known

[2m[33m(raylet)[0m Traceback (most recent call last):
[2m[33m(raylet)[0m   File "/home/hice1/acheng324/scratch/conda_envs/soccertwos/lib/python3.8/site-packages/ray/new_dashboard/agent.py", line 338, in <module>
[2m[33m(raylet)[0m     raise e
[2m[33m(raylet)[0m   File "/home/hice1/acheng324/scratch/conda_envs/soccertwos/lib/python3.8/site-packages/ray/new_dashboard/agent.py", line 326, in <module>
[2m[33m(raylet)[0m     loop.run_until_complete(agent.run())
[2m[33m(raylet)[0m   File "/home/hice1/acheng324/scratch/conda_envs/soccertwos/lib/python3.8/asyncio/base_events.py", line 616, in run_until_complete
[2m[33m(raylet)[0m     return future.result()
[2m[33m(raylet)[0m   File "/home/hice1/acheng324/scratch/conda_envs/soccertwos/lib/python3.8/site-packages/ray/new_dashboard/agent.py", line 138, in run
[2m[33m(raylet)[0m     modules = self._load_modules()
[2m[33m(raylet)[0m   File "/home/hice1/acheng324/scratch/conda_envs/soccertwos/lib/python3.8/site-packages/ray/new_dashboard/agent.py", line 92, in _load_modules
[2m[33m(raylet)[0m     c = cls(self)
[2m[33m(raylet)[0m   File "/home/hice1/acheng324/scratch/conda_envs/soccertwos/lib/python3.8/site-packages/ray/new_dashboard/modules/reporter/reporter_agent.py", line 148, in __init__
[2m[33m(raylet)[0m     self._metrics_agent = MetricsAgent(dashboard_agent.metrics_export_port)
[2m[33m(raylet)[0m   File "/home/hice1/acheng324/scratch/conda_envs/soccertwos/lib/python3.8/site-packages/ray/_private/metrics_agent.py", line 75, in __init__
[2m[33m(raylet)[0m     prometheus_exporter.new_stats_exporter(
[2m[33m(raylet)[0m   File "/home/hice1/acheng324/scratch/conda_envs/soccertwos/lib/python3.8/site-packages/ray/_private/prometheus_exporter.py", line 333, in new_stats_exporter
[2m[33m(raylet)[0m     exporter = PrometheusStatsExporter(
[2m[33m(raylet)[0m   File "/home/hice1/acheng324/scratch/conda_envs/soccertwos/lib/python3.8/site-packages/ray/_private/prometheus_exporter.py", line 266, in __init__
[2m[33m(raylet)[0m     self.serve_http()
[2m[33m(raylet)[0m   File "/home/hice1/acheng324/scratch/conda_envs/soccertwos/lib/python3.8/site-packages/ray/_private/prometheus_exporter.py", line 320, in serve_http
[2m[33m(raylet)[0m     start_http_server(
[2m[33m(raylet)[0m   File "/home/hice1/acheng324/scratch/conda_envs/soccertwos/lib/python3.8/site-packages/prometheus_client/exposition.py", line 231, in start_wsgi_server
[2m[33m(raylet)[0m     TmpServer.address_family, addr = _get_best_family(addr, port)
[2m[33m(raylet)[0m   File "/home/hice1/acheng324/scratch/conda_envs/soccertwos/lib/python3.8/site-packages/prometheus_client/exposition.py", line 169, in _get_best_family
[2m[33m(raylet)[0m     infos = socket.getaddrinfo(address, port, type=socket.SOCK_STREAM, flags=socket.AI_PASSIVE)
[2m[33m(raylet)[0m   File "/home/hice1/acheng324/scratch/conda_envs/soccertwos/lib/python3.8/socket.py", line 930, in getaddrinfo
[2m[33m(raylet)[0m     for res in _socket.getaddrinfo(host, port, family, type, proto, flags):
[2m[33m(raylet)[0m socket.gaierror: [Errno -2] Name or service not known
[2m[33m(raylet)[0m /home/hice1/acheng324/scratch/conda_envs/soccertwos/lib/python3.8/site-packages/ray/autoscaler/_private/cli_logger.py:57: FutureWarning: Not all Ray CLI dependencies were found. In Ray 1.4+, the Ray CLI, autoscaler, and dashboard will only be usable via `pip install 'ray[default]'`. Please update your install command.
[2m[33m(raylet)[0m   warnings.warn(
2026-03-30 14:42:28,290	WARNING worker.py:1114 -- The agent on node atl1-1-02-010-1-1.pace.gatech.edu failed with the following error:
Traceback (most recent call last):
  File "/home/hice1/acheng324/scratch/conda_envs/soccertwos/lib/python3.8/site-packages/ray/new_dashboard/agent.py", line 326, in <module>
    loop.run_until_complete(agent.run())
  File "/home/hice1/acheng324/scratch/conda_envs/soccertwos/lib/python3.8/asyncio/base_events.py", line 616, in run_until_complete
    return future.result()
  File "/home/hice1/acheng324/scratch/conda_envs/soccertwos/lib/python3.8/site-packages/ray/new_dashboard/agent.py", line 138, in run
    modules = self._load_modules()
  File "/home/hice1/acheng324/scratch/conda_envs/soccertwos/lib/python3.8/site-packages/ray/new_dashboard/agent.py", line 92, in _load_modules
    c = cls(self)
  File "/home/hice1/acheng324/scratch/conda_envs/soccertwos/lib/python3.8/site-packages/ray/new_dashboard/modules/reporter/reporter_agent.py", line 148, in __init__
    self._metrics_agent = MetricsAgent(dashboard_agent.metrics_export_port)
  File "/home/hice1/acheng324/scratch/conda_envs/soccertwos/lib/python3.8/site-packages/ray/_private/metrics_agent.py", line 75, in __init__
    prometheus_exporter.new_stats_exporter(
  File "/home/hice1/acheng324/scratch/conda_envs/soccertwos/lib/python3.8/site-packages/ray/_private/prometheus_exporter.py", line 333, in new_stats_exporter
    exporter = PrometheusStatsExporter(
  File "/home/hice1/acheng324/scratch/conda_envs/soccertwos/lib/python3.8/site-packages/ray/_private/prometheus_exporter.py", line 266, in __init__
    self.serve_http()
  File "/home/hice1/acheng324/scratch/conda_envs/soccertwos/lib/python3.8/site-packages/ray/_private/prometheus_exporter.py", line 320, in serve_http
    start_http_server(
  File "/home/hice1/acheng324/scratch/conda_envs/soccertwos/lib/python3.8/site-packages/prometheus_client/exposition.py", line 231, in start_wsgi_server
    TmpServer.address_family, addr = _get_best_family(addr, port)
  File "/home/hice1/acheng324/scratch/conda_envs/soccertwos/lib/python3.8/site-packages/prometheus_client/exposition.py", line 169, in _get_best_family
    infos = socket.getaddrinfo(address, port, type=socket.SOCK_STREAM, flags=socket.AI_PASSIVE)
  File "/home/hice1/acheng324/scratch/conda_envs/soccertwos/lib/python3.8/socket.py", line 930, in getaddrinfo
    for res in _socket.getaddrinfo(host, port, family, type, proto, flags):
socket.gaierror: [Errno -2] Name or service not known

[2m[33m(raylet)[0m Traceback (most recent call last):
[2m[33m(raylet)[0m   File "/home/hice1/acheng324/scratch/conda_envs/soccertwos/lib/python3.8/site-packages/ray/new_dashboard/agent.py", line 338, in <module>
[2m[33m(raylet)[0m     raise e
[2m[33m(raylet)[0m   File "/home/hice1/acheng324/scratch/conda_envs/soccertwos/lib/python3.8/site-packages/ray/new_dashboard/agent.py", line 326, in <module>
[2m[33m(raylet)[0m     loop.run_until_complete(agent.run())
[2m[33m(raylet)[0m   File "/home/hice1/acheng324/scratch/conda_envs/soccertwos/lib/python3.8/asyncio/base_events.py", line 616, in run_until_complete
[2m[33m(raylet)[0m     return future.result()
[2m[33m(raylet)[0m   File "/home/hice1/acheng324/scratch/conda_envs/soccertwos/lib/python3.8/site-packages/ray/new_dashboard/agent.py", line 138, in run
[2m[33m(raylet)[0m     modules = self._load_modules()
[2m[33m(raylet)[0m   File "/home/hice1/acheng324/scratch/conda_envs/soccertwos/lib/python3.8/site-packages/ray/new_dashboard/agent.py", line 92, in _load_modules
[2m[33m(raylet)[0m     c = cls(self)
[2m[33m(raylet)[0m   File "/home/hice1/acheng324/scratch/conda_envs/soccertwos/lib/python3.8/site-packages/ray/new_dashboard/modules/reporter/reporter_agent.py", line 148, in __init__
[2m[33m(raylet)[0m     self._metrics_agent = MetricsAgent(dashboard_agent.metrics_export_port)
[2m[33m(raylet)[0m   File "/home/hice1/acheng324/scratch/conda_envs/soccertwos/lib/python3.8/site-packages/ray/_private/metrics_agent.py", line 75, in __init__
[2m[33m(raylet)[0m     prometheus_exporter.new_stats_exporter(
[2m[33m(raylet)[0m   File "/home/hice1/acheng324/scratch/conda_envs/soccertwos/lib/python3.8/site-packages/ray/_private/prometheus_exporter.py", line 333, in new_stats_exporter
[2m[33m(raylet)[0m     exporter = PrometheusStatsExporter(
[2m[33m(raylet)[0m   File "/home/hice1/acheng324/scratch/conda_envs/soccertwos/lib/python3.8/site-packages/ray/_private/prometheus_exporter.py", line 266, in __init__
[2m[33m(raylet)[0m     self.serve_http()
[2m[33m(raylet)[0m   File "/home/hice1/acheng324/scratch/conda_envs/soccertwos/lib/python3.8/site-packages/ray/_private/prometheus_exporter.py", line 320, in serve_http
[2m[33m(raylet)[0m     start_http_server(
[2m[33m(raylet)[0m   File "/home/hice1/acheng324/scratch/conda_envs/soccertwos/lib/python3.8/site-packages/prometheus_client/exposition.py", line 231, in start_wsgi_server
[2m[33m(raylet)[0m     TmpServer.address_family, addr = _get_best_family(addr, port)
[2m[33m(raylet)[0m   File "/home/hice1/acheng324/scratch/conda_envs/soccertwos/lib/python3.8/site-packages/prometheus_client/exposition.py", line 169, in _get_best_family
[2m[33m(raylet)[0m     infos = socket.getaddrinfo(address, port, type=socket.SOCK_STREAM, flags=socket.AI_PASSIVE)
[2m[33m(raylet)[0m   File "/home/hice1/acheng324/scratch/conda_envs/soccertwos/lib/python3.8/socket.py", line 930, in getaddrinfo
[2m[33m(raylet)[0m     for res in _socket.getaddrinfo(host, port, family, type, proto, flags):
[2m[33m(raylet)[0m socket.gaierror: [Errno -2] Name or service not known
[2m[33m(raylet)[0m /home/hice1/acheng324/scratch/conda_envs/soccertwos/lib/python3.8/site-packages/ray/autoscaler/_private/cli_logger.py:57: FutureWarning: Not all Ray CLI dependencies were found. In Ray 1.4+, the Ray CLI, autoscaler, and dashboard will only be usable via `pip install 'ray[default]'`. Please update your install command.
[2m[33m(raylet)[0m   warnings.warn(
2026-03-30 14:42:31,119	WARNING worker.py:1114 -- The agent on node atl1-1-02-010-1-1.pace.gatech.edu failed with the following error:
Traceback (most recent call last):
  File "/home/hice1/acheng324/scratch/conda_envs/soccertwos/lib/python3.8/site-packages/ray/new_dashboard/agent.py", line 326, in <module>
    loop.run_until_complete(agent.run())
  File "/home/hice1/acheng324/scratch/conda_envs/soccertwos/lib/python3.8/asyncio/base_events.py", line 616, in run_until_complete
    return future.result()
  File "/home/hice1/acheng324/scratch/conda_envs/soccertwos/lib/python3.8/site-packages/ray/new_dashboard/agent.py", line 138, in run
    modules = self._load_modules()
  File "/home/hice1/acheng324/scratch/conda_envs/soccertwos/lib/python3.8/site-packages/ray/new_dashboard/agent.py", line 92, in _load_modules
    c = cls(self)
  File "/home/hice1/acheng324/scratch/conda_envs/soccertwos/lib/python3.8/site-packages/ray/new_dashboard/modules/reporter/reporter_agent.py", line 148, in __init__
    self._metrics_agent = MetricsAgent(dashboard_agent.metrics_export_port)
  File "/home/hice1/acheng324/scratch/conda_envs/soccertwos/lib/python3.8/site-packages/ray/_private/metrics_agent.py", line 75, in __init__
    prometheus_exporter.new_stats_exporter(
  File "/home/hice1/acheng324/scratch/conda_envs/soccertwos/lib/python3.8/site-packages/ray/_private/prometheus_exporter.py", line 333, in new_stats_exporter
    exporter = PrometheusStatsExporter(
  File "/home/hice1/acheng324/scratch/conda_envs/soccertwos/lib/python3.8/site-packages/ray/_private/prometheus_exporter.py", line 266, in __init__
    self.serve_http()
  File "/home/hice1/acheng324/scratch/conda_envs/soccertwos/lib/python3.8/site-packages/ray/_private/prometheus_exporter.py", line 320, in serve_http
    start_http_server(
  File "/home/hice1/acheng324/scratch/conda_envs/soccertwos/lib/python3.8/site-packages/prometheus_client/exposition.py", line 231, in start_wsgi_server
    TmpServer.address_family, addr = _get_best_family(addr, port)
  File "/home/hice1/acheng324/scratch/conda_envs/soccertwos/lib/python3.8/site-packages/prometheus_client/exposition.py", line 169, in _get_best_family
    infos = socket.getaddrinfo(address, port, type=socket.SOCK_STREAM, flags=socket.AI_PASSIVE)
  File "/home/hice1/acheng324/scratch/conda_envs/soccertwos/lib/python3.8/socket.py", line 930, in getaddrinfo
    for res in _socket.getaddrinfo(host, port, family, type, proto, flags):
socket.gaierror: [Errno -2] Name or service not known

[2m[33m(raylet)[0m Traceback (most recent call last):
[2m[33m(raylet)[0m   File "/home/hice1/acheng324/scratch/conda_envs/soccertwos/lib/python3.8/site-packages/ray/new_dashboard/agent.py", line 338, in <module>
[2m[33m(raylet)[0m     raise e
[2m[33m(raylet)[0m   File "/home/hice1/acheng324/scratch/conda_envs/soccertwos/lib/python3.8/site-packages/ray/new_dashboard/agent.py", line 326, in <module>
[2m[33m(raylet)[0m     loop.run_until_complete(agent.run())
[2m[33m(raylet)[0m   File "/home/hice1/acheng324/scratch/conda_envs/soccertwos/lib/python3.8/asyncio/base_events.py", line 616, in run_until_complete
[2m[33m(raylet)[0m     return future.result()
[2m[33m(raylet)[0m   File "/home/hice1/acheng324/scratch/conda_envs/soccertwos/lib/python3.8/site-packages/ray/new_dashboard/agent.py", line 138, in run
[2m[33m(raylet)[0m     modules = self._load_modules()
[2m[33m(raylet)[0m   File "/home/hice1/acheng324/scratch/conda_envs/soccertwos/lib/python3.8/site-packages/ray/new_dashboard/agent.py", line 92, in _load_modules
[2m[33m(raylet)[0m     c = cls(self)
[2m[33m(raylet)[0m   File "/home/hice1/acheng324/scratch/conda_envs/soccertwos/lib/python3.8/site-packages/ray/new_dashboard/modules/reporter/reporter_agent.py", line 148, in __init__
[2m[33m(raylet)[0m     self._metrics_agent = MetricsAgent(dashboard_agent.metrics_export_port)
[2m[33m(raylet)[0m   File "/home/hice1/acheng324/scratch/conda_envs/soccertwos/lib/python3.8/site-packages/ray/_private/metrics_agent.py", line 75, in __init__
[2m[33m(raylet)[0m     prometheus_exporter.new_stats_exporter(
[2m[33m(raylet)[0m   File "/home/hice1/acheng324/scratch/conda_envs/soccertwos/lib/python3.8/site-packages/ray/_private/prometheus_exporter.py", line 333, in new_stats_exporter
[2m[33m(raylet)[0m     exporter = PrometheusStatsExporter(
[2m[33m(raylet)[0m   File "/home/hice1/acheng324/scratch/conda_envs/soccertwos/lib/python3.8/site-packages/ray/_private/prometheus_exporter.py", line 266, in __init__
[2m[33m(raylet)[0m     self.serve_http()
[2m[33m(raylet)[0m   File "/home/hice1/acheng324/scratch/conda_envs/soccertwos/lib/python3.8/site-packages/ray/_private/prometheus_exporter.py", line 320, in serve_http
[2m[33m(raylet)[0m     start_http_server(
[2m[33m(raylet)[0m   File "/home/hice1/acheng324/scratch/conda_envs/soccertwos/lib/python3.8/site-packages/prometheus_client/exposition.py", line 231, in start_wsgi_server
[2m[33m(raylet)[0m     TmpServer.address_family, addr = _get_best_family(addr, port)
[2m[33m(raylet)[0m   File "/home/hice1/acheng324/scratch/conda_envs/soccertwos/lib/python3.8/site-packages/prometheus_client/exposition.py", line 169, in _get_best_family
[2m[33m(raylet)[0m     infos = socket.getaddrinfo(address, port, type=socket.SOCK_STREAM, flags=socket.AI_PASSIVE)
[2m[33m(raylet)[0m   File "/home/hice1/acheng324/scratch/conda_envs/soccertwos/lib/python3.8/socket.py", line 930, in getaddrinfo
[2m[33m(raylet)[0m     for res in _socket.getaddrinfo(host, port, family, type, proto, flags):
[2m[33m(raylet)[0m socket.gaierror: [Errno -2] Name or service not known
[2m[33m(raylet)[0m /home/hice1/acheng324/scratch/conda_envs/soccertwos/lib/python3.8/site-packages/ray/autoscaler/_private/cli_logger.py:57: FutureWarning: Not all Ray CLI dependencies were found. In Ray 1.4+, the Ray CLI, autoscaler, and dashboard will only be usable via `pip install 'ray[default]'`. Please update your install command.
[2m[33m(raylet)[0m   warnings.warn(
2026-03-30 14:42:33,943	WARNING worker.py:1114 -- The agent on node atl1-1-02-010-1-1.pace.gatech.edu failed with the following error:
Traceback (most recent call last):
  File "/home/hice1/acheng324/scratch/conda_envs/soccertwos/lib/python3.8/site-packages/ray/new_dashboard/agent.py", line 326, in <module>
    loop.run_until_complete(agent.run())
  File "/home/hice1/acheng324/scratch/conda_envs/soccertwos/lib/python3.8/asyncio/base_events.py", line 616, in run_until_complete
    return future.result()
  File "/home/hice1/acheng324/scratch/conda_envs/soccertwos/lib/python3.8/site-packages/ray/new_dashboard/agent.py", line 138, in run
    modules = self._load_modules()
  File "/home/hice1/acheng324/scratch/conda_envs/soccertwos/lib/python3.8/site-packages/ray/new_dashboard/agent.py", line 92, in _load_modules
    c = cls(self)
  File "/home/hice1/acheng324/scratch/conda_envs/soccertwos/lib/python3.8/site-packages/ray/new_dashboard/modules/reporter/reporter_agent.py", line 148, in __init__
    self._metrics_agent = MetricsAgent(dashboard_agent.metrics_export_port)
  File "/home/hice1/acheng324/scratch/conda_envs/soccertwos/lib/python3.8/site-packages/ray/_private/metrics_agent.py", line 75, in __init__
    prometheus_exporter.new_stats_exporter(
  File "/home/hice1/acheng324/scratch/conda_envs/soccertwos/lib/python3.8/site-packages/ray/_private/prometheus_exporter.py", line 333, in new_stats_exporter
    exporter = PrometheusStatsExporter(
  File "/home/hice1/acheng324/scratch/conda_envs/soccertwos/lib/python3.8/site-packages/ray/_private/prometheus_exporter.py", line 266, in __init__
    self.serve_http()
  File "/home/hice1/acheng324/scratch/conda_envs/soccertwos/lib/python3.8/site-packages/ray/_private/prometheus_exporter.py", line 320, in serve_http
    start_http_server(
  File "/home/hice1/acheng324/scratch/conda_envs/soccertwos/lib/python3.8/site-packages/prometheus_client/exposition.py", line 231, in start_wsgi_server
    TmpServer.address_family, addr = _get_best_family(addr, port)
  File "/home/hice1/acheng324/scratch/conda_envs/soccertwos/lib/python3.8/site-packages/prometheus_client/exposition.py", line 169, in _get_best_family
    infos = socket.getaddrinfo(address, port, type=socket.SOCK_STREAM, flags=socket.AI_PASSIVE)
  File "/home/hice1/acheng324/scratch/conda_envs/soccertwos/lib/python3.8/socket.py", line 930, in getaddrinfo
    for res in _socket.getaddrinfo(host, port, family, type, proto, flags):
socket.gaierror: [Errno -2] Name or service not known

[2m[33m(raylet)[0m Traceback (most recent call last):
[2m[33m(raylet)[0m   File "/home/hice1/acheng324/scratch/conda_envs/soccertwos/lib/python3.8/site-packages/ray/new_dashboard/agent.py", line 338, in <module>
[2m[33m(raylet)[0m     raise e
[2m[33m(raylet)[0m   File "/home/hice1/acheng324/scratch/conda_envs/soccertwos/lib/python3.8/site-packages/ray/new_dashboard/agent.py", line 326, in <module>
[2m[33m(raylet)[0m     loop.run_until_complete(agent.run())
[2m[33m(raylet)[0m   File "/home/hice1/acheng324/scratch/conda_envs/soccertwos/lib/python3.8/asyncio/base_events.py", line 616, in run_until_complete
[2m[33m(raylet)[0m     return future.result()
[2m[33m(raylet)[0m   File "/home/hice1/acheng324/scratch/conda_envs/soccertwos/lib/python3.8/site-packages/ray/new_dashboard/agent.py", line 138, in run
[2m[33m(raylet)[0m     modules = self._load_modules()
[2m[33m(raylet)[0m   File "/home/hice1/acheng324/scratch/conda_envs/soccertwos/lib/python3.8/site-packages/ray/new_dashboard/agent.py", line 92, in _load_modules
[2m[33m(raylet)[0m     c = cls(self)
[2m[33m(raylet)[0m   File "/home/hice1/acheng324/scratch/conda_envs/soccertwos/lib/python3.8/site-packages/ray/new_dashboard/modules/reporter/reporter_agent.py", line 148, in __init__
[2m[33m(raylet)[0m     self._metrics_agent = MetricsAgent(dashboard_agent.metrics_export_port)
[2m[33m(raylet)[0m   File "/home/hice1/acheng324/scratch/conda_envs/soccertwos/lib/python3.8/site-packages/ray/_private/metrics_agent.py", line 75, in __init__
[2m[33m(raylet)[0m     prometheus_exporter.new_stats_exporter(
[2m[33m(raylet)[0m   File "/home/hice1/acheng324/scratch/conda_envs/soccertwos/lib/python3.8/site-packages/ray/_private/prometheus_exporter.py", line 333, in new_stats_exporter
[2m[33m(raylet)[0m     exporter = PrometheusStatsExporter(
[2m[33m(raylet)[0m   File "/home/hice1/acheng324/scratch/conda_envs/soccertwos/lib/python3.8/site-packages/ray/_private/prometheus_exporter.py", line 266, in __init__
[2m[33m(raylet)[0m     self.serve_http()
[2m[33m(raylet)[0m   File "/home/hice1/acheng324/scratch/conda_envs/soccertwos/lib/python3.8/site-packages/ray/_private/prometheus_exporter.py", line 320, in serve_http
[2m[33m(raylet)[0m     start_http_server(
[2m[33m(raylet)[0m   File "/home/hice1/acheng324/scratch/conda_envs/soccertwos/lib/python3.8/site-packages/prometheus_client/exposition.py", line 231, in start_wsgi_server
[2m[33m(raylet)[0m     TmpServer.address_family, addr = _get_best_family(addr, port)
[2m[33m(raylet)[0m   File "/home/hice1/acheng324/scratch/conda_envs/soccertwos/lib/python3.8/site-packages/prometheus_client/exposition.py", line 169, in _get_best_family
[2m[33m(raylet)[0m     infos = socket.getaddrinfo(address, port, type=socket.SOCK_STREAM, flags=socket.AI_PASSIVE)
[2m[33m(raylet)[0m   File "/home/hice1/acheng324/scratch/conda_envs/soccertwos/lib/python3.8/socket.py", line 930, in getaddrinfo
[2m[33m(raylet)[0m     for res in _socket.getaddrinfo(host, port, family, type, proto, flags):
[2m[33m(raylet)[0m socket.gaierror: [Errno -2] Name or service not known
[2m[33m(raylet)[0m /home/hice1/acheng324/scratch/conda_envs/soccertwos/lib/python3.8/site-packages/ray/autoscaler/_private/cli_logger.py:57: FutureWarning: Not all Ray CLI dependencies were found. In Ray 1.4+, the Ray CLI, autoscaler, and dashboard will only be usable via `pip install 'ray[default]'`. Please update your install command.
[2m[33m(raylet)[0m   warnings.warn(
2026-03-30 14:42:36,826	WARNING worker.py:1114 -- The agent on node atl1-1-02-010-1-1.pace.gatech.edu failed with the following error:
Traceback (most recent call last):
  File "/home/hice1/acheng324/scratch/conda_envs/soccertwos/lib/python3.8/site-packages/ray/new_dashboard/agent.py", line 326, in <module>
    loop.run_until_complete(agent.run())
  File "/home/hice1/acheng324/scratch/conda_envs/soccertwos/lib/python3.8/asyncio/base_events.py", line 616, in run_until_complete
    return future.result()
  File "/home/hice1/acheng324/scratch/conda_envs/soccertwos/lib/python3.8/site-packages/ray/new_dashboard/agent.py", line 138, in run
    modules = self._load_modules()
  File "/home/hice1/acheng324/scratch/conda_envs/soccertwos/lib/python3.8/site-packages/ray/new_dashboard/agent.py", line 92, in _load_modules
    c = cls(self)
  File "/home/hice1/acheng324/scratch/conda_envs/soccertwos/lib/python3.8/site-packages/ray/new_dashboard/modules/reporter/reporter_agent.py", line 148, in __init__
    self._metrics_agent = MetricsAgent(dashboard_agent.metrics_export_port)
  File "/home/hice1/acheng324/scratch/conda_envs/soccertwos/lib/python3.8/site-packages/ray/_private/metrics_agent.py", line 75, in __init__
    prometheus_exporter.new_stats_exporter(
  File "/home/hice1/acheng324/scratch/conda_envs/soccertwos/lib/python3.8/site-packages/ray/_private/prometheus_exporter.py", line 333, in new_stats_exporter
    exporter = PrometheusStatsExporter(
  File "/home/hice1/acheng324/scratch/conda_envs/soccertwos/lib/python3.8/site-packages/ray/_private/prometheus_exporter.py", line 266, in __init__
    self.serve_http()
  File "/home/hice1/acheng324/scratch/conda_envs/soccertwos/lib/python3.8/site-packages/ray/_private/prometheus_exporter.py", line 320, in serve_http
    start_http_server(
  File "/home/hice1/acheng324/scratch/conda_envs/soccertwos/lib/python3.8/site-packages/prometheus_client/exposition.py", line 231, in start_wsgi_server
    TmpServer.address_family, addr = _get_best_family(addr, port)
  File "/home/hice1/acheng324/scratch/conda_envs/soccertwos/lib/python3.8/site-packages/prometheus_client/exposition.py", line 169, in _get_best_family
    infos = socket.getaddrinfo(address, port, type=socket.SOCK_STREAM, flags=socket.AI_PASSIVE)
  File "/home/hice1/acheng324/scratch/conda_envs/soccertwos/lib/python3.8/socket.py", line 930, in getaddrinfo
    for res in _socket.getaddrinfo(host, port, family, type, proto, flags):
socket.gaierror: [Errno -2] Name or service not known

[2m[33m(raylet)[0m Traceback (most recent call last):
[2m[33m(raylet)[0m   File "/home/hice1/acheng324/scratch/conda_envs/soccertwos/lib/python3.8/site-packages/ray/new_dashboard/agent.py", line 338, in <module>
[2m[33m(raylet)[0m     raise e
[2m[33m(raylet)[0m   File "/home/hice1/acheng324/scratch/conda_envs/soccertwos/lib/python3.8/site-packages/ray/new_dashboard/agent.py", line 326, in <module>
[2m[33m(raylet)[0m     loop.run_until_complete(agent.run())
[2m[33m(raylet)[0m   File "/home/hice1/acheng324/scratch/conda_envs/soccertwos/lib/python3.8/asyncio/base_events.py", line 616, in run_until_complete
[2m[33m(raylet)[0m     return future.result()
[2m[33m(raylet)[0m   File "/home/hice1/acheng324/scratch/conda_envs/soccertwos/lib/python3.8/site-packages/ray/new_dashboard/agent.py", line 138, in run
[2m[33m(raylet)[0m     modules = self._load_modules()
[2m[33m(raylet)[0m   File "/home/hice1/acheng324/scratch/conda_envs/soccertwos/lib/python3.8/site-packages/ray/new_dashboard/agent.py", line 92, in _load_modules
[2m[33m(raylet)[0m     c = cls(self)
[2m[33m(raylet)[0m   File "/home/hice1/acheng324/scratch/conda_envs/soccertwos/lib/python3.8/site-packages/ray/new_dashboard/modules/reporter/reporter_agent.py", line 148, in __init__
[2m[33m(raylet)[0m     self._metrics_agent = MetricsAgent(dashboard_agent.metrics_export_port)
[2m[33m(raylet)[0m   File "/home/hice1/acheng324/scratch/conda_envs/soccertwos/lib/python3.8/site-packages/ray/_private/metrics_agent.py", line 75, in __init__
[2m[33m(raylet)[0m     prometheus_exporter.new_stats_exporter(
[2m[33m(raylet)[0m   File "/home/hice1/acheng324/scratch/conda_envs/soccertwos/lib/python3.8/site-packages/ray/_private/prometheus_exporter.py", line 333, in new_stats_exporter
[2m[33m(raylet)[0m     exporter = PrometheusStatsExporter(
[2m[33m(raylet)[0m   File "/home/hice1/acheng324/scratch/conda_envs/soccertwos/lib/python3.8/site-packages/ray/_private/prometheus_exporter.py", line 266, in __init__
[2m[33m(raylet)[0m     self.serve_http()
[2m[33m(raylet)[0m   File "/home/hice1/acheng324/scratch/conda_envs/soccertwos/lib/python3.8/site-packages/ray/_private/prometheus_exporter.py", line 320, in serve_http
[2m[33m(raylet)[0m     start_http_server(
[2m[33m(raylet)[0m   File "/home/hice1/acheng324/scratch/conda_envs/soccertwos/lib/python3.8/site-packages/prometheus_client/exposition.py", line 231, in start_wsgi_server
[2m[33m(raylet)[0m     TmpServer.address_family, addr = _get_best_family(addr, port)
[2m[33m(raylet)[0m   File "/home/hice1/acheng324/scratch/conda_envs/soccertwos/lib/python3.8/site-packages/prometheus_client/exposition.py", line 169, in _get_best_family
[2m[33m(raylet)[0m     infos = socket.getaddrinfo(address, port, type=socket.SOCK_STREAM, flags=socket.AI_PASSIVE)
[2m[33m(raylet)[0m   File "/home/hice1/acheng324/scratch/conda_envs/soccertwos/lib/python3.8/socket.py", line 930, in getaddrinfo
[2m[33m(raylet)[0m     for res in _socket.getaddrinfo(host, port, family, type, proto, flags):
[2m[33m(raylet)[0m socket.gaierror: [Errno -2] Name or service not known
[2m[33m(raylet)[0m /home/hice1/acheng324/scratch/conda_envs/soccertwos/lib/python3.8/site-packages/ray/autoscaler/_private/cli_logger.py:57: FutureWarning: Not all Ray CLI dependencies were found. In Ray 1.4+, the Ray CLI, autoscaler, and dashboard will only be usable via `pip install 'ray[default]'`. Please update your install command.
[2m[33m(raylet)[0m   warnings.warn(
2026-03-30 14:42:39,641	WARNING worker.py:1114 -- The agent on node atl1-1-02-010-1-1.pace.gatech.edu failed with the following error:
Traceback (most recent call last):
  File "/home/hice1/acheng324/scratch/conda_envs/soccertwos/lib/python3.8/site-packages/ray/new_dashboard/agent.py", line 326, in <module>
    loop.run_until_complete(agent.run())
  File "/home/hice1/acheng324/scratch/conda_envs/soccertwos/lib/python3.8/asyncio/base_events.py", line 616, in run_until_complete
    return future.result()
  File "/home/hice1/acheng324/scratch/conda_envs/soccertwos/lib/python3.8/site-packages/ray/new_dashboard/agent.py", line 138, in run
    modules = self._load_modules()
  File "/home/hice1/acheng324/scratch/conda_envs/soccertwos/lib/python3.8/site-packages/ray/new_dashboard/agent.py", line 92, in _load_modules
    c = cls(self)
  File "/home/hice1/acheng324/scratch/conda_envs/soccertwos/lib/python3.8/site-packages/ray/new_dashboard/modules/reporter/reporter_agent.py", line 148, in __init__
    self._metrics_agent = MetricsAgent(dashboard_agent.metrics_export_port)
  File "/home/hice1/acheng324/scratch/conda_envs/soccertwos/lib/python3.8/site-packages/ray/_private/metrics_agent.py", line 75, in __init__
    prometheus_exporter.new_stats_exporter(
  File "/home/hice1/acheng324/scratch/conda_envs/soccertwos/lib/python3.8/site-packages/ray/_private/prometheus_exporter.py", line 333, in new_stats_exporter
    exporter = PrometheusStatsExporter(
  File "/home/hice1/acheng324/scratch/conda_envs/soccertwos/lib/python3.8/site-packages/ray/_private/prometheus_exporter.py", line 266, in __init__
    self.serve_http()
  File "/home/hice1/acheng324/scratch/conda_envs/soccertwos/lib/python3.8/site-packages/ray/_private/prometheus_exporter.py", line 320, in serve_http
    start_http_server(
  File "/home/hice1/acheng324/scratch/conda_envs/soccertwos/lib/python3.8/site-packages/prometheus_client/exposition.py", line 231, in start_wsgi_server
    TmpServer.address_family, addr = _get_best_family(addr, port)
  File "/home/hice1/acheng324/scratch/conda_envs/soccertwos/lib/python3.8/site-packages/prometheus_client/exposition.py", line 169, in _get_best_family
    infos = socket.getaddrinfo(address, port, type=socket.SOCK_STREAM, flags=socket.AI_PASSIVE)
  File "/home/hice1/acheng324/scratch/conda_envs/soccertwos/lib/python3.8/socket.py", line 930, in getaddrinfo
    for res in _socket.getaddrinfo(host, port, family, type, proto, flags):
socket.gaierror: [Errno -2] Name or service not known

[2m[33m(raylet)[0m Traceback (most recent call last):
[2m[33m(raylet)[0m   File "/home/hice1/acheng324/scratch/conda_envs/soccertwos/lib/python3.8/site-packages/ray/new_dashboard/agent.py", line 338, in <module>
[2m[33m(raylet)[0m     raise e
[2m[33m(raylet)[0m   File "/home/hice1/acheng324/scratch/conda_envs/soccertwos/lib/python3.8/site-packages/ray/new_dashboard/agent.py", line 326, in <module>
[2m[33m(raylet)[0m     loop.run_until_complete(agent.run())
[2m[33m(raylet)[0m   File "/home/hice1/acheng324/scratch/conda_envs/soccertwos/lib/python3.8/asyncio/base_events.py", line 616, in run_until_complete
[2m[33m(raylet)[0m     return future.result()
[2m[33m(raylet)[0m   File "/home/hice1/acheng324/scratch/conda_envs/soccertwos/lib/python3.8/site-packages/ray/new_dashboard/agent.py", line 138, in run
[2m[33m(raylet)[0m     modules = self._load_modules()
[2m[33m(raylet)[0m   File "/home/hice1/acheng324/scratch/conda_envs/soccertwos/lib/python3.8/site-packages/ray/new_dashboard/agent.py", line 92, in _load_modules
[2m[33m(raylet)[0m     c = cls(self)
[2m[33m(raylet)[0m   File "/home/hice1/acheng324/scratch/conda_envs/soccertwos/lib/python3.8/site-packages/ray/new_dashboard/modules/reporter/reporter_agent.py", line 148, in __init__
[2m[33m(raylet)[0m     self._metrics_agent = MetricsAgent(dashboard_agent.metrics_export_port)
[2m[33m(raylet)[0m   File "/home/hice1/acheng324/scratch/conda_envs/soccertwos/lib/python3.8/site-packages/ray/_private/metrics_agent.py", line 75, in __init__
[2m[33m(raylet)[0m     prometheus_exporter.new_stats_exporter(
[2m[33m(raylet)[0m   File "/home/hice1/acheng324/scratch/conda_envs/soccertwos/lib/python3.8/site-packages/ray/_private/prometheus_exporter.py", line 333, in new_stats_exporter
[2m[33m(raylet)[0m     exporter = PrometheusStatsExporter(
[2m[33m(raylet)[0m   File "/home/hice1/acheng324/scratch/conda_envs/soccertwos/lib/python3.8/site-packages/ray/_private/prometheus_exporter.py", line 266, in __init__
[2m[33m(raylet)[0m     self.serve_http()
[2m[33m(raylet)[0m   File "/home/hice1/acheng324/scratch/conda_envs/soccertwos/lib/python3.8/site-packages/ray/_private/prometheus_exporter.py", line 320, in serve_http
[2m[33m(raylet)[0m     start_http_server(
[2m[33m(raylet)[0m   File "/home/hice1/acheng324/scratch/conda_envs/soccertwos/lib/python3.8/site-packages/prometheus_client/exposition.py", line 231, in start_wsgi_server
[2m[33m(raylet)[0m     TmpServer.address_family, addr = _get_best_family(addr, port)
[2m[33m(raylet)[0m   File "/home/hice1/acheng324/scratch/conda_envs/soccertwos/lib/python3.8/site-packages/prometheus_client/exposition.py", line 169, in _get_best_family
[2m[33m(raylet)[0m     infos = socket.getaddrinfo(address, port, type=socket.SOCK_STREAM, flags=socket.AI_PASSIVE)
[2m[33m(raylet)[0m   File "/home/hice1/acheng324/scratch/conda_envs/soccertwos/lib/python3.8/socket.py", line 930, in getaddrinfo
[2m[33m(raylet)[0m     for res in _socket.getaddrinfo(host, port, family, type, proto, flags):
[2m[33m(raylet)[0m socket.gaierror: [Errno -2] Name or service not known
[2m[33m(raylet)[0m /home/hice1/acheng324/scratch/conda_envs/soccertwos/lib/python3.8/site-packages/ray/autoscaler/_private/cli_logger.py:57: FutureWarning: Not all Ray CLI dependencies were found. In Ray 1.4+, the Ray CLI, autoscaler, and dashboard will only be usable via `pip install 'ray[default]'`. Please update your install command.
[2m[33m(raylet)[0m   warnings.warn(
2026-03-30 14:42:42,451	WARNING worker.py:1114 -- The agent on node atl1-1-02-010-1-1.pace.gatech.edu failed with the following error:
Traceback (most recent call last):
  File "/home/hice1/acheng324/scratch/conda_envs/soccertwos/lib/python3.8/site-packages/ray/new_dashboard/agent.py", line 326, in <module>
    loop.run_until_complete(agent.run())
  File "/home/hice1/acheng324/scratch/conda_envs/soccertwos/lib/python3.8/asyncio/base_events.py", line 616, in run_until_complete
    return future.result()
  File "/home/hice1/acheng324/scratch/conda_envs/soccertwos/lib/python3.8/site-packages/ray/new_dashboard/agent.py", line 138, in run
    modules = self._load_modules()
  File "/home/hice1/acheng324/scratch/conda_envs/soccertwos/lib/python3.8/site-packages/ray/new_dashboard/agent.py", line 92, in _load_modules
    c = cls(self)
  File "/home/hice1/acheng324/scratch/conda_envs/soccertwos/lib/python3.8/site-packages/ray/new_dashboard/modules/reporter/reporter_agent.py", line 148, in __init__
    self._metrics_agent = MetricsAgent(dashboard_agent.metrics_export_port)
  File "/home/hice1/acheng324/scratch/conda_envs/soccertwos/lib/python3.8/site-packages/ray/_private/metrics_agent.py", line 75, in __init__
    prometheus_exporter.new_stats_exporter(
  File "/home/hice1/acheng324/scratch/conda_envs/soccertwos/lib/python3.8/site-packages/ray/_private/prometheus_exporter.py", line 333, in new_stats_exporter
    exporter = PrometheusStatsExporter(
  File "/home/hice1/acheng324/scratch/conda_envs/soccertwos/lib/python3.8/site-packages/ray/_private/prometheus_exporter.py", line 266, in __init__
    self.serve_http()
  File "/home/hice1/acheng324/scratch/conda_envs/soccertwos/lib/python3.8/site-packages/ray/_private/prometheus_exporter.py", line 320, in serve_http
    start_http_server(
  File "/home/hice1/acheng324/scratch/conda_envs/soccertwos/lib/python3.8/site-packages/prometheus_client/exposition.py", line 231, in start_wsgi_server
    TmpServer.address_family, addr = _get_best_family(addr, port)
  File "/home/hice1/acheng324/scratch/conda_envs/soccertwos/lib/python3.8/site-packages/prometheus_client/exposition.py", line 169, in _get_best_family
    infos = socket.getaddrinfo(address, port, type=socket.SOCK_STREAM, flags=socket.AI_PASSIVE)
  File "/home/hice1/acheng324/scratch/conda_envs/soccertwos/lib/python3.8/socket.py", line 930, in getaddrinfo
    for res in _socket.getaddrinfo(host, port, family, type, proto, flags):
socket.gaierror: [Errno -2] Name or service not known

[2m[33m(raylet)[0m Traceback (most recent call last):
[2m[33m(raylet)[0m   File "/home/hice1/acheng324/scratch/conda_envs/soccertwos/lib/python3.8/site-packages/ray/new_dashboard/agent.py", line 338, in <module>
[2m[33m(raylet)[0m     raise e
[2m[33m(raylet)[0m   File "/home/hice1/acheng324/scratch/conda_envs/soccertwos/lib/python3.8/site-packages/ray/new_dashboard/agent.py", line 326, in <module>
[2m[33m(raylet)[0m     loop.run_until_complete(agent.run())
[2m[33m(raylet)[0m   File "/home/hice1/acheng324/scratch/conda_envs/soccertwos/lib/python3.8/asyncio/base_events.py", line 616, in run_until_complete
[2m[33m(raylet)[0m     return future.result()
[2m[33m(raylet)[0m   File "/home/hice1/acheng324/scratch/conda_envs/soccertwos/lib/python3.8/site-packages/ray/new_dashboard/agent.py", line 138, in run
[2m[33m(raylet)[0m     modules = self._load_modules()
[2m[33m(raylet)[0m   File "/home/hice1/acheng324/scratch/conda_envs/soccertwos/lib/python3.8/site-packages/ray/new_dashboard/agent.py", line 92, in _load_modules
[2m[33m(raylet)[0m     c = cls(self)
[2m[33m(raylet)[0m   File "/home/hice1/acheng324/scratch/conda_envs/soccertwos/lib/python3.8/site-packages/ray/new_dashboard/modules/reporter/reporter_agent.py", line 148, in __init__
[2m[33m(raylet)[0m     self._metrics_agent = MetricsAgent(dashboard_agent.metrics_export_port)
[2m[33m(raylet)[0m   File "/home/hice1/acheng324/scratch/conda_envs/soccertwos/lib/python3.8/site-packages/ray/_private/metrics_agent.py", line 75, in __init__
[2m[33m(raylet)[0m     prometheus_exporter.new_stats_exporter(
[2m[33m(raylet)[0m   File "/home/hice1/acheng324/scratch/conda_envs/soccertwos/lib/python3.8/site-packages/ray/_private/prometheus_exporter.py", line 333, in new_stats_exporter
[2m[33m(raylet)[0m     exporter = PrometheusStatsExporter(
[2m[33m(raylet)[0m   File "/home/hice1/acheng324/scratch/conda_envs/soccertwos/lib/python3.8/site-packages/ray/_private/prometheus_exporter.py", line 266, in __init__
[2m[33m(raylet)[0m     self.serve_http()
[2m[33m(raylet)[0m   File "/home/hice1/acheng324/scratch/conda_envs/soccertwos/lib/python3.8/site-packages/ray/_private/prometheus_exporter.py", line 320, in serve_http
[2m[33m(raylet)[0m     start_http_server(
[2m[33m(raylet)[0m   File "/home/hice1/acheng324/scratch/conda_envs/soccertwos/lib/python3.8/site-packages/prometheus_client/exposition.py", line 231, in start_wsgi_server
[2m[33m(raylet)[0m     TmpServer.address_family, addr = _get_best_family(addr, port)
[2m[33m(raylet)[0m   File "/home/hice1/acheng324/scratch/conda_envs/soccertwos/lib/python3.8/site-packages/prometheus_client/exposition.py", line 169, in _get_best_family
[2m[33m(raylet)[0m     infos = socket.getaddrinfo(address, port, type=socket.SOCK_STREAM, flags=socket.AI_PASSIVE)
[2m[33m(raylet)[0m   File "/home/hice1/acheng324/scratch/conda_envs/soccertwos/lib/python3.8/socket.py", line 930, in getaddrinfo
[2m[33m(raylet)[0m     for res in _socket.getaddrinfo(host, port, family, type, proto, flags):
[2m[33m(raylet)[0m socket.gaierror: [Errno -2] Name or service not known
[2m[33m(raylet)[0m /home/hice1/acheng324/scratch/conda_envs/soccertwos/lib/python3.8/site-packages/ray/autoscaler/_private/cli_logger.py:57: FutureWarning: Not all Ray CLI dependencies were found. In Ray 1.4+, the Ray CLI, autoscaler, and dashboard will only be usable via `pip install 'ray[default]'`. Please update your install command.
[2m[33m(raylet)[0m   warnings.warn(
2026-03-30 14:42:45,275	WARNING worker.py:1114 -- The agent on node atl1-1-02-010-1-1.pace.gatech.edu failed with the following error:
Traceback (most recent call last):
  File "/home/hice1/acheng324/scratch/conda_envs/soccertwos/lib/python3.8/site-packages/ray/new_dashboard/agent.py", line 326, in <module>
    loop.run_until_complete(agent.run())
  File "/home/hice1/acheng324/scratch/conda_envs/soccertwos/lib/python3.8/asyncio/base_events.py", line 616, in run_until_complete
    return future.result()
  File "/home/hice1/acheng324/scratch/conda_envs/soccertwos/lib/python3.8/site-packages/ray/new_dashboard/agent.py", line 138, in run
    modules = self._load_modules()
  File "/home/hice1/acheng324/scratch/conda_envs/soccertwos/lib/python3.8/site-packages/ray/new_dashboard/agent.py", line 92, in _load_modules
    c = cls(self)
  File "/home/hice1/acheng324/scratch/conda_envs/soccertwos/lib/python3.8/site-packages/ray/new_dashboard/modules/reporter/reporter_agent.py", line 148, in __init__
    self._metrics_agent = MetricsAgent(dashboard_agent.metrics_export_port)
  File "/home/hice1/acheng324/scratch/conda_envs/soccertwos/lib/python3.8/site-packages/ray/_private/metrics_agent.py", line 75, in __init__
    prometheus_exporter.new_stats_exporter(
  File "/home/hice1/acheng324/scratch/conda_envs/soccertwos/lib/python3.8/site-packages/ray/_private/prometheus_exporter.py", line 333, in new_stats_exporter
    exporter = PrometheusStatsExporter(
  File "/home/hice1/acheng324/scratch/conda_envs/soccertwos/lib/python3.8/site-packages/ray/_private/prometheus_exporter.py", line 266, in __init__
    self.serve_http()
  File "/home/hice1/acheng324/scratch/conda_envs/soccertwos/lib/python3.8/site-packages/ray/_private/prometheus_exporter.py", line 320, in serve_http
    start_http_server(
  File "/home/hice1/acheng324/scratch/conda_envs/soccertwos/lib/python3.8/site-packages/prometheus_client/exposition.py", line 231, in start_wsgi_server
    TmpServer.address_family, addr = _get_best_family(addr, port)
  File "/home/hice1/acheng324/scratch/conda_envs/soccertwos/lib/python3.8/site-packages/prometheus_client/exposition.py", line 169, in _get_best_family
    infos = socket.getaddrinfo(address, port, type=socket.SOCK_STREAM, flags=socket.AI_PASSIVE)
  File "/home/hice1/acheng324/scratch/conda_envs/soccertwos/lib/python3.8/socket.py", line 930, in getaddrinfo
    for res in _socket.getaddrinfo(host, port, family, type, proto, flags):
socket.gaierror: [Errno -2] Name or service not known

[2m[33m(raylet)[0m Traceback (most recent call last):
[2m[33m(raylet)[0m   File "/home/hice1/acheng324/scratch/conda_envs/soccertwos/lib/python3.8/site-packages/ray/new_dashboard/agent.py", line 338, in <module>
[2m[33m(raylet)[0m     raise e
[2m[33m(raylet)[0m   File "/home/hice1/acheng324/scratch/conda_envs/soccertwos/lib/python3.8/site-packages/ray/new_dashboard/agent.py", line 326, in <module>
[2m[33m(raylet)[0m     loop.run_until_complete(agent.run())
[2m[33m(raylet)[0m   File "/home/hice1/acheng324/scratch/conda_envs/soccertwos/lib/python3.8/asyncio/base_events.py", line 616, in run_until_complete
[2m[33m(raylet)[0m     return future.result()
[2m[33m(raylet)[0m   File "/home/hice1/acheng324/scratch/conda_envs/soccertwos/lib/python3.8/site-packages/ray/new_dashboard/agent.py", line 138, in run
[2m[33m(raylet)[0m     modules = self._load_modules()
[2m[33m(raylet)[0m   File "/home/hice1/acheng324/scratch/conda_envs/soccertwos/lib/python3.8/site-packages/ray/new_dashboard/agent.py", line 92, in _load_modules
[2m[33m(raylet)[0m     c = cls(self)
[2m[33m(raylet)[0m   File "/home/hice1/acheng324/scratch/conda_envs/soccertwos/lib/python3.8/site-packages/ray/new_dashboard/modules/reporter/reporter_agent.py", line 148, in __init__
[2m[33m(raylet)[0m     self._metrics_agent = MetricsAgent(dashboard_agent.metrics_export_port)
[2m[33m(raylet)[0m   File "/home/hice1/acheng324/scratch/conda_envs/soccertwos/lib/python3.8/site-packages/ray/_private/metrics_agent.py", line 75, in __init__
[2m[33m(raylet)[0m     prometheus_exporter.new_stats_exporter(
[2m[33m(raylet)[0m   File "/home/hice1/acheng324/scratch/conda_envs/soccertwos/lib/python3.8/site-packages/ray/_private/prometheus_exporter.py", line 333, in new_stats_exporter
[2m[33m(raylet)[0m     exporter = PrometheusStatsExporter(
[2m[33m(raylet)[0m   File "/home/hice1/acheng324/scratch/conda_envs/soccertwos/lib/python3.8/site-packages/ray/_private/prometheus_exporter.py", line 266, in __init__
[2m[33m(raylet)[0m     self.serve_http()
[2m[33m(raylet)[0m   File "/home/hice1/acheng324/scratch/conda_envs/soccertwos/lib/python3.8/site-packages/ray/_private/prometheus_exporter.py", line 320, in serve_http
[2m[33m(raylet)[0m     start_http_server(
[2m[33m(raylet)[0m   File "/home/hice1/acheng324/scratch/conda_envs/soccertwos/lib/python3.8/site-packages/prometheus_client/exposition.py", line 231, in start_wsgi_server
[2m[33m(raylet)[0m     TmpServer.address_family, addr = _get_best_family(addr, port)
[2m[33m(raylet)[0m   File "/home/hice1/acheng324/scratch/conda_envs/soccertwos/lib/python3.8/site-packages/prometheus_client/exposition.py", line 169, in _get_best_family
[2m[33m(raylet)[0m     infos = socket.getaddrinfo(address, port, type=socket.SOCK_STREAM, flags=socket.AI_PASSIVE)
[2m[33m(raylet)[0m   File "/home/hice1/acheng324/scratch/conda_envs/soccertwos/lib/python3.8/socket.py", line 930, in getaddrinfo
[2m[33m(raylet)[0m     for res in _socket.getaddrinfo(host, port, family, type, proto, flags):
[2m[33m(raylet)[0m socket.gaierror: [Errno -2] Name or service not known
[2m[33m(raylet)[0m /home/hice1/acheng324/scratch/conda_envs/soccertwos/lib/python3.8/site-packages/ray/autoscaler/_private/cli_logger.py:57: FutureWarning: Not all Ray CLI dependencies were found. In Ray 1.4+, the Ray CLI, autoscaler, and dashboard will only be usable via `pip install 'ray[default]'`. Please update your install command.
[2m[33m(raylet)[0m   warnings.warn(
2026-03-30 14:42:48,105	WARNING worker.py:1114 -- The agent on node atl1-1-02-010-1-1.pace.gatech.edu failed with the following error:
Traceback (most recent call last):
  File "/home/hice1/acheng324/scratch/conda_envs/soccertwos/lib/python3.8/site-packages/ray/new_dashboard/agent.py", line 326, in <module>
    loop.run_until_complete(agent.run())
  File "/home/hice1/acheng324/scratch/conda_envs/soccertwos/lib/python3.8/asyncio/base_events.py", line 616, in run_until_complete
    return future.result()
  File "/home/hice1/acheng324/scratch/conda_envs/soccertwos/lib/python3.8/site-packages/ray/new_dashboard/agent.py", line 138, in run
    modules = self._load_modules()
  File "/home/hice1/acheng324/scratch/conda_envs/soccertwos/lib/python3.8/site-packages/ray/new_dashboard/agent.py", line 92, in _load_modules
    c = cls(self)
  File "/home/hice1/acheng324/scratch/conda_envs/soccertwos/lib/python3.8/site-packages/ray/new_dashboard/modules/reporter/reporter_agent.py", line 148, in __init__
    self._metrics_agent = MetricsAgent(dashboard_agent.metrics_export_port)
  File "/home/hice1/acheng324/scratch/conda_envs/soccertwos/lib/python3.8/site-packages/ray/_private/metrics_agent.py", line 75, in __init__
    prometheus_exporter.new_stats_exporter(
  File "/home/hice1/acheng324/scratch/conda_envs/soccertwos/lib/python3.8/site-packages/ray/_private/prometheus_exporter.py", line 333, in new_stats_exporter
    exporter = PrometheusStatsExporter(
  File "/home/hice1/acheng324/scratch/conda_envs/soccertwos/lib/python3.8/site-packages/ray/_private/prometheus_exporter.py", line 266, in __init__
    self.serve_http()
  File "/home/hice1/acheng324/scratch/conda_envs/soccertwos/lib/python3.8/site-packages/ray/_private/prometheus_exporter.py", line 320, in serve_http
    start_http_server(
  File "/home/hice1/acheng324/scratch/conda_envs/soccertwos/lib/python3.8/site-packages/prometheus_client/exposition.py", line 231, in start_wsgi_server
    TmpServer.address_family, addr = _get_best_family(addr, port)
  File "/home/hice1/acheng324/scratch/conda_envs/soccertwos/lib/python3.8/site-packages/prometheus_client/exposition.py", line 169, in _get_best_family
    infos = socket.getaddrinfo(address, port, type=socket.SOCK_STREAM, flags=socket.AI_PASSIVE)
  File "/home/hice1/acheng324/scratch/conda_envs/soccertwos/lib/python3.8/socket.py", line 930, in getaddrinfo
    for res in _socket.getaddrinfo(host, port, family, type, proto, flags):
socket.gaierror: [Errno -2] Name or service not known

[2m[33m(raylet)[0m Traceback (most recent call last):
[2m[33m(raylet)[0m   File "/home/hice1/acheng324/scratch/conda_envs/soccertwos/lib/python3.8/site-packages/ray/new_dashboard/agent.py", line 338, in <module>
[2m[33m(raylet)[0m     raise e
[2m[33m(raylet)[0m   File "/home/hice1/acheng324/scratch/conda_envs/soccertwos/lib/python3.8/site-packages/ray/new_dashboard/agent.py", line 326, in <module>
[2m[33m(raylet)[0m     loop.run_until_complete(agent.run())
[2m[33m(raylet)[0m   File "/home/hice1/acheng324/scratch/conda_envs/soccertwos/lib/python3.8/asyncio/base_events.py", line 616, in run_until_complete
[2m[33m(raylet)[0m     return future.result()
[2m[33m(raylet)[0m   File "/home/hice1/acheng324/scratch/conda_envs/soccertwos/lib/python3.8/site-packages/ray/new_dashboard/agent.py", line 138, in run
[2m[33m(raylet)[0m     modules = self._load_modules()
[2m[33m(raylet)[0m   File "/home/hice1/acheng324/scratch/conda_envs/soccertwos/lib/python3.8/site-packages/ray/new_dashboard/agent.py", line 92, in _load_modules
[2m[33m(raylet)[0m     c = cls(self)
[2m[33m(raylet)[0m   File "/home/hice1/acheng324/scratch/conda_envs/soccertwos/lib/python3.8/site-packages/ray/new_dashboard/modules/reporter/reporter_agent.py", line 148, in __init__
[2m[33m(raylet)[0m     self._metrics_agent = MetricsAgent(dashboard_agent.metrics_export_port)
[2m[33m(raylet)[0m   File "/home/hice1/acheng324/scratch/conda_envs/soccertwos/lib/python3.8/site-packages/ray/_private/metrics_agent.py", line 75, in __init__
[2m[33m(raylet)[0m     prometheus_exporter.new_stats_exporter(
[2m[33m(raylet)[0m   File "/home/hice1/acheng324/scratch/conda_envs/soccertwos/lib/python3.8/site-packages/ray/_private/prometheus_exporter.py", line 333, in new_stats_exporter
[2m[33m(raylet)[0m     exporter = PrometheusStatsExporter(
[2m[33m(raylet)[0m   File "/home/hice1/acheng324/scratch/conda_envs/soccertwos/lib/python3.8/site-packages/ray/_private/prometheus_exporter.py", line 266, in __init__
[2m[33m(raylet)[0m     self.serve_http()
[2m[33m(raylet)[0m   File "/home/hice1/acheng324/scratch/conda_envs/soccertwos/lib/python3.8/site-packages/ray/_private/prometheus_exporter.py", line 320, in serve_http
[2m[33m(raylet)[0m     start_http_server(
[2m[33m(raylet)[0m   File "/home/hice1/acheng324/scratch/conda_envs/soccertwos/lib/python3.8/site-packages/prometheus_client/exposition.py", line 231, in start_wsgi_server
[2m[33m(raylet)[0m     TmpServer.address_family, addr = _get_best_family(addr, port)
[2m[33m(raylet)[0m   File "/home/hice1/acheng324/scratch/conda_envs/soccertwos/lib/python3.8/site-packages/prometheus_client/exposition.py", line 169, in _get_best_family
[2m[33m(raylet)[0m     infos = socket.getaddrinfo(address, port, type=socket.SOCK_STREAM, flags=socket.AI_PASSIVE)
[2m[33m(raylet)[0m   File "/home/hice1/acheng324/scratch/conda_envs/soccertwos/lib/python3.8/socket.py", line 930, in getaddrinfo
[2m[33m(raylet)[0m     for res in _socket.getaddrinfo(host, port, family, type, proto, flags):
[2m[33m(raylet)[0m socket.gaierror: [Errno -2] Name or service not known
[2m[33m(raylet)[0m /home/hice1/acheng324/scratch/conda_envs/soccertwos/lib/python3.8/site-packages/ray/autoscaler/_private/cli_logger.py:57: FutureWarning: Not all Ray CLI dependencies were found. In Ray 1.4+, the Ray CLI, autoscaler, and dashboard will only be usable via `pip install 'ray[default]'`. Please update your install command.
[2m[33m(raylet)[0m   warnings.warn(
2026-03-30 14:42:50,910	WARNING worker.py:1114 -- The agent on node atl1-1-02-010-1-1.pace.gatech.edu failed with the following error:
Traceback (most recent call last):
  File "/home/hice1/acheng324/scratch/conda_envs/soccertwos/lib/python3.8/site-packages/ray/new_dashboard/agent.py", line 326, in <module>
    loop.run_until_complete(agent.run())
  File "/home/hice1/acheng324/scratch/conda_envs/soccertwos/lib/python3.8/asyncio/base_events.py", line 616, in run_until_complete
    return future.result()
  File "/home/hice1/acheng324/scratch/conda_envs/soccertwos/lib/python3.8/site-packages/ray/new_dashboard/agent.py", line 138, in run
    modules = self._load_modules()
  File "/home/hice1/acheng324/scratch/conda_envs/soccertwos/lib/python3.8/site-packages/ray/new_dashboard/agent.py", line 92, in _load_modules
    c = cls(self)
  File "/home/hice1/acheng324/scratch/conda_envs/soccertwos/lib/python3.8/site-packages/ray/new_dashboard/modules/reporter/reporter_agent.py", line 148, in __init__
    self._metrics_agent = MetricsAgent(dashboard_agent.metrics_export_port)
  File "/home/hice1/acheng324/scratch/conda_envs/soccertwos/lib/python3.8/site-packages/ray/_private/metrics_agent.py", line 75, in __init__
    prometheus_exporter.new_stats_exporter(
  File "/home/hice1/acheng324/scratch/conda_envs/soccertwos/lib/python3.8/site-packages/ray/_private/prometheus_exporter.py", line 333, in new_stats_exporter
    exporter = PrometheusStatsExporter(
  File "/home/hice1/acheng324/scratch/conda_envs/soccertwos/lib/python3.8/site-packages/ray/_private/prometheus_exporter.py", line 266, in __init__
    self.serve_http()
  File "/home/hice1/acheng324/scratch/conda_envs/soccertwos/lib/python3.8/site-packages/ray/_private/prometheus_exporter.py", line 320, in serve_http
    start_http_server(
  File "/home/hice1/acheng324/scratch/conda_envs/soccertwos/lib/python3.8/site-packages/prometheus_client/exposition.py", line 231, in start_wsgi_server
    TmpServer.address_family, addr = _get_best_family(addr, port)
  File "/home/hice1/acheng324/scratch/conda_envs/soccertwos/lib/python3.8/site-packages/prometheus_client/exposition.py", line 169, in _get_best_family
    infos = socket.getaddrinfo(address, port, type=socket.SOCK_STREAM, flags=socket.AI_PASSIVE)
  File "/home/hice1/acheng324/scratch/conda_envs/soccertwos/lib/python3.8/socket.py", line 930, in getaddrinfo
    for res in _socket.getaddrinfo(host, port, family, type, proto, flags):
socket.gaierror: [Errno -2] Name or service not known

[2m[33m(raylet)[0m Traceback (most recent call last):
[2m[33m(raylet)[0m   File "/home/hice1/acheng324/scratch/conda_envs/soccertwos/lib/python3.8/site-packages/ray/new_dashboard/agent.py", line 338, in <module>
[2m[33m(raylet)[0m     raise e
[2m[33m(raylet)[0m   File "/home/hice1/acheng324/scratch/conda_envs/soccertwos/lib/python3.8/site-packages/ray/new_dashboard/agent.py", line 326, in <module>
[2m[33m(raylet)[0m     loop.run_until_complete(agent.run())
[2m[33m(raylet)[0m   File "/home/hice1/acheng324/scratch/conda_envs/soccertwos/lib/python3.8/asyncio/base_events.py", line 616, in run_until_complete
[2m[33m(raylet)[0m     return future.result()
[2m[33m(raylet)[0m   File "/home/hice1/acheng324/scratch/conda_envs/soccertwos/lib/python3.8/site-packages/ray/new_dashboard/agent.py", line 138, in run
[2m[33m(raylet)[0m     modules = self._load_modules()
[2m[33m(raylet)[0m   File "/home/hice1/acheng324/scratch/conda_envs/soccertwos/lib/python3.8/site-packages/ray/new_dashboard/agent.py", line 92, in _load_modules
[2m[33m(raylet)[0m     c = cls(self)
[2m[33m(raylet)[0m   File "/home/hice1/acheng324/scratch/conda_envs/soccertwos/lib/python3.8/site-packages/ray/new_dashboard/modules/reporter/reporter_agent.py", line 148, in __init__
[2m[33m(raylet)[0m     self._metrics_agent = MetricsAgent(dashboard_agent.metrics_export_port)
[2m[33m(raylet)[0m   File "/home/hice1/acheng324/scratch/conda_envs/soccertwos/lib/python3.8/site-packages/ray/_private/metrics_agent.py", line 75, in __init__
[2m[33m(raylet)[0m     prometheus_exporter.new_stats_exporter(
[2m[33m(raylet)[0m   File "/home/hice1/acheng324/scratch/conda_envs/soccertwos/lib/python3.8/site-packages/ray/_private/prometheus_exporter.py", line 333, in new_stats_exporter
[2m[33m(raylet)[0m     exporter = PrometheusStatsExporter(
[2m[33m(raylet)[0m   File "/home/hice1/acheng324/scratch/conda_envs/soccertwos/lib/python3.8/site-packages/ray/_private/prometheus_exporter.py", line 266, in __init__
[2m[33m(raylet)[0m     self.serve_http()
[2m[33m(raylet)[0m   File "/home/hice1/acheng324/scratch/conda_envs/soccertwos/lib/python3.8/site-packages/ray/_private/prometheus_exporter.py", line 320, in serve_http
[2m[33m(raylet)[0m     start_http_server(
[2m[33m(raylet)[0m   File "/home/hice1/acheng324/scratch/conda_envs/soccertwos/lib/python3.8/site-packages/prometheus_client/exposition.py", line 231, in start_wsgi_server
[2m[33m(raylet)[0m     TmpServer.address_family, addr = _get_best_family(addr, port)
[2m[33m(raylet)[0m   File "/home/hice1/acheng324/scratch/conda_envs/soccertwos/lib/python3.8/site-packages/prometheus_client/exposition.py", line 169, in _get_best_family
[2m[33m(raylet)[0m     infos = socket.getaddrinfo(address, port, type=socket.SOCK_STREAM, flags=socket.AI_PASSIVE)
[2m[33m(raylet)[0m   File "/home/hice1/acheng324/scratch/conda_envs/soccertwos/lib/python3.8/socket.py", line 930, in getaddrinfo
[2m[33m(raylet)[0m     for res in _socket.getaddrinfo(host, port, family, type, proto, flags):
[2m[33m(raylet)[0m socket.gaierror: [Errno -2] Name or service not known
[2m[33m(raylet)[0m /home/hice1/acheng324/scratch/conda_envs/soccertwos/lib/python3.8/site-packages/ray/autoscaler/_private/cli_logger.py:57: FutureWarning: Not all Ray CLI dependencies were found. In Ray 1.4+, the Ray CLI, autoscaler, and dashboard will only be usable via `pip install 'ray[default]'`. Please update your install command.
[2m[33m(raylet)[0m   warnings.warn(
2026-03-30 14:42:53,720	WARNING worker.py:1114 -- The agent on node atl1-1-02-010-1-1.pace.gatech.edu failed with the following error:
Traceback (most recent call last):
  File "/home/hice1/acheng324/scratch/conda_envs/soccertwos/lib/python3.8/site-packages/ray/new_dashboard/agent.py", line 326, in <module>
    loop.run_until_complete(agent.run())
  File "/home/hice1/acheng324/scratch/conda_envs/soccertwos/lib/python3.8/asyncio/base_events.py", line 616, in run_until_complete
    return future.result()
  File "/home/hice1/acheng324/scratch/conda_envs/soccertwos/lib/python3.8/site-packages/ray/new_dashboard/agent.py", line 138, in run
    modules = self._load_modules()
  File "/home/hice1/acheng324/scratch/conda_envs/soccertwos/lib/python3.8/site-packages/ray/new_dashboard/agent.py", line 92, in _load_modules
    c = cls(self)
  File "/home/hice1/acheng324/scratch/conda_envs/soccertwos/lib/python3.8/site-packages/ray/new_dashboard/modules/reporter/reporter_agent.py", line 148, in __init__
    self._metrics_agent = MetricsAgent(dashboard_agent.metrics_export_port)
  File "/home/hice1/acheng324/scratch/conda_envs/soccertwos/lib/python3.8/site-packages/ray/_private/metrics_agent.py", line 75, in __init__
    prometheus_exporter.new_stats_exporter(
  File "/home/hice1/acheng324/scratch/conda_envs/soccertwos/lib/python3.8/site-packages/ray/_private/prometheus_exporter.py", line 333, in new_stats_exporter
    exporter = PrometheusStatsExporter(
  File "/home/hice1/acheng324/scratch/conda_envs/soccertwos/lib/python3.8/site-packages/ray/_private/prometheus_exporter.py", line 266, in __init__
    self.serve_http()
  File "/home/hice1/acheng324/scratch/conda_envs/soccertwos/lib/python3.8/site-packages/ray/_private/prometheus_exporter.py", line 320, in serve_http
    start_http_server(
  File "/home/hice1/acheng324/scratch/conda_envs/soccertwos/lib/python3.8/site-packages/prometheus_client/exposition.py", line 231, in start_wsgi_server
    TmpServer.address_family, addr = _get_best_family(addr, port)
  File "/home/hice1/acheng324/scratch/conda_envs/soccertwos/lib/python3.8/site-packages/prometheus_client/exposition.py", line 169, in _get_best_family
    infos = socket.getaddrinfo(address, port, type=socket.SOCK_STREAM, flags=socket.AI_PASSIVE)
  File "/home/hice1/acheng324/scratch/conda_envs/soccertwos/lib/python3.8/socket.py", line 930, in getaddrinfo
    for res in _socket.getaddrinfo(host, port, family, type, proto, flags):
socket.gaierror: [Errno -2] Name or service not known

[2m[33m(raylet)[0m Traceback (most recent call last):
[2m[33m(raylet)[0m   File "/home/hice1/acheng324/scratch/conda_envs/soccertwos/lib/python3.8/site-packages/ray/new_dashboard/agent.py", line 338, in <module>
[2m[33m(raylet)[0m     raise e
[2m[33m(raylet)[0m   File "/home/hice1/acheng324/scratch/conda_envs/soccertwos/lib/python3.8/site-packages/ray/new_dashboard/agent.py", line 326, in <module>
[2m[33m(raylet)[0m     loop.run_until_complete(agent.run())
[2m[33m(raylet)[0m   File "/home/hice1/acheng324/scratch/conda_envs/soccertwos/lib/python3.8/asyncio/base_events.py", line 616, in run_until_complete
[2m[33m(raylet)[0m     return future.result()
[2m[33m(raylet)[0m   File "/home/hice1/acheng324/scratch/conda_envs/soccertwos/lib/python3.8/site-packages/ray/new_dashboard/agent.py", line 138, in run
[2m[33m(raylet)[0m     modules = self._load_modules()
[2m[33m(raylet)[0m   File "/home/hice1/acheng324/scratch/conda_envs/soccertwos/lib/python3.8/site-packages/ray/new_dashboard/agent.py", line 92, in _load_modules
[2m[33m(raylet)[0m     c = cls(self)
[2m[33m(raylet)[0m   File "/home/hice1/acheng324/scratch/conda_envs/soccertwos/lib/python3.8/site-packages/ray/new_dashboard/modules/reporter/reporter_agent.py", line 148, in __init__
[2m[33m(raylet)[0m     self._metrics_agent = MetricsAgent(dashboard_agent.metrics_export_port)
[2m[33m(raylet)[0m   File "/home/hice1/acheng324/scratch/conda_envs/soccertwos/lib/python3.8/site-packages/ray/_private/metrics_agent.py", line 75, in __init__
[2m[33m(raylet)[0m     prometheus_exporter.new_stats_exporter(
[2m[33m(raylet)[0m   File "/home/hice1/acheng324/scratch/conda_envs/soccertwos/lib/python3.8/site-packages/ray/_private/prometheus_exporter.py", line 333, in new_stats_exporter
[2m[33m(raylet)[0m     exporter = PrometheusStatsExporter(
[2m[33m(raylet)[0m   File "/home/hice1/acheng324/scratch/conda_envs/soccertwos/lib/python3.8/site-packages/ray/_private/prometheus_exporter.py", line 266, in __init__
[2m[33m(raylet)[0m     self.serve_http()
[2m[33m(raylet)[0m   File "/home/hice1/acheng324/scratch/conda_envs/soccertwos/lib/python3.8/site-packages/ray/_private/prometheus_exporter.py", line 320, in serve_http
[2m[33m(raylet)[0m     start_http_server(
[2m[33m(raylet)[0m   File "/home/hice1/acheng324/scratch/conda_envs/soccertwos/lib/python3.8/site-packages/prometheus_client/exposition.py", line 231, in start_wsgi_server
[2m[33m(raylet)[0m     TmpServer.address_family, addr = _get_best_family(addr, port)
[2m[33m(raylet)[0m   File "/home/hice1/acheng324/scratch/conda_envs/soccertwos/lib/python3.8/site-packages/prometheus_client/exposition.py", line 169, in _get_best_family
[2m[33m(raylet)[0m     infos = socket.getaddrinfo(address, port, type=socket.SOCK_STREAM, flags=socket.AI_PASSIVE)
[2m[33m(raylet)[0m   File "/home/hice1/acheng324/scratch/conda_envs/soccertwos/lib/python3.8/socket.py", line 930, in getaddrinfo
[2m[33m(raylet)[0m     for res in _socket.getaddrinfo(host, port, family, type, proto, flags):
[2m[33m(raylet)[0m socket.gaierror: [Errno -2] Name or service not known
[2m[33m(raylet)[0m /home/hice1/acheng324/scratch/conda_envs/soccertwos/lib/python3.8/site-packages/ray/autoscaler/_private/cli_logger.py:57: FutureWarning: Not all Ray CLI dependencies were found. In Ray 1.4+, the Ray CLI, autoscaler, and dashboard will only be usable via `pip install 'ray[default]'`. Please update your install command.
[2m[33m(raylet)[0m   warnings.warn(
2026-03-30 14:42:56,572	WARNING worker.py:1114 -- The agent on node atl1-1-02-010-1-1.pace.gatech.edu failed with the following error:
Traceback (most recent call last):
  File "/home/hice1/acheng324/scratch/conda_envs/soccertwos/lib/python3.8/site-packages/ray/new_dashboard/agent.py", line 326, in <module>
    loop.run_until_complete(agent.run())
  File "/home/hice1/acheng324/scratch/conda_envs/soccertwos/lib/python3.8/asyncio/base_events.py", line 616, in run_until_complete
    return future.result()
  File "/home/hice1/acheng324/scratch/conda_envs/soccertwos/lib/python3.8/site-packages/ray/new_dashboard/agent.py", line 138, in run
    modules = self._load_modules()
  File "/home/hice1/acheng324/scratch/conda_envs/soccertwos/lib/python3.8/site-packages/ray/new_dashboard/agent.py", line 92, in _load_modules
    c = cls(self)
  File "/home/hice1/acheng324/scratch/conda_envs/soccertwos/lib/python3.8/site-packages/ray/new_dashboard/modules/reporter/reporter_agent.py", line 148, in __init__
    self._metrics_agent = MetricsAgent(dashboard_agent.metrics_export_port)
  File "/home/hice1/acheng324/scratch/conda_envs/soccertwos/lib/python3.8/site-packages/ray/_private/metrics_agent.py", line 75, in __init__
    prometheus_exporter.new_stats_exporter(
  File "/home/hice1/acheng324/scratch/conda_envs/soccertwos/lib/python3.8/site-packages/ray/_private/prometheus_exporter.py", line 333, in new_stats_exporter
    exporter = PrometheusStatsExporter(
  File "/home/hice1/acheng324/scratch/conda_envs/soccertwos/lib/python3.8/site-packages/ray/_private/prometheus_exporter.py", line 266, in __init__
    self.serve_http()
  File "/home/hice1/acheng324/scratch/conda_envs/soccertwos/lib/python3.8/site-packages/ray/_private/prometheus_exporter.py", line 320, in serve_http
    start_http_server(
  File "/home/hice1/acheng324/scratch/conda_envs/soccertwos/lib/python3.8/site-packages/prometheus_client/exposition.py", line 231, in start_wsgi_server
    TmpServer.address_family, addr = _get_best_family(addr, port)
  File "/home/hice1/acheng324/scratch/conda_envs/soccertwos/lib/python3.8/site-packages/prometheus_client/exposition.py", line 169, in _get_best_family
    infos = socket.getaddrinfo(address, port, type=socket.SOCK_STREAM, flags=socket.AI_PASSIVE)
  File "/home/hice1/acheng324/scratch/conda_envs/soccertwos/lib/python3.8/socket.py", line 930, in getaddrinfo
    for res in _socket.getaddrinfo(host, port, family, type, proto, flags):
socket.gaierror: [Errno -2] Name or service not known

[2m[33m(raylet)[0m Traceback (most recent call last):
[2m[33m(raylet)[0m   File "/home/hice1/acheng324/scratch/conda_envs/soccertwos/lib/python3.8/site-packages/ray/new_dashboard/agent.py", line 338, in <module>
[2m[33m(raylet)[0m     raise e
[2m[33m(raylet)[0m   File "/home/hice1/acheng324/scratch/conda_envs/soccertwos/lib/python3.8/site-packages/ray/new_dashboard/agent.py", line 326, in <module>
[2m[33m(raylet)[0m     loop.run_until_complete(agent.run())
[2m[33m(raylet)[0m   File "/home/hice1/acheng324/scratch/conda_envs/soccertwos/lib/python3.8/asyncio/base_events.py", line 616, in run_until_complete
[2m[33m(raylet)[0m     return future.result()
[2m[33m(raylet)[0m   File "/home/hice1/acheng324/scratch/conda_envs/soccertwos/lib/python3.8/site-packages/ray/new_dashboard/agent.py", line 138, in run
[2m[33m(raylet)[0m     modules = self._load_modules()
[2m[33m(raylet)[0m   File "/home/hice1/acheng324/scratch/conda_envs/soccertwos/lib/python3.8/site-packages/ray/new_dashboard/agent.py", line 92, in _load_modules
[2m[33m(raylet)[0m     c = cls(self)
[2m[33m(raylet)[0m   File "/home/hice1/acheng324/scratch/conda_envs/soccertwos/lib/python3.8/site-packages/ray/new_dashboard/modules/reporter/reporter_agent.py", line 148, in __init__
[2m[33m(raylet)[0m     self._metrics_agent = MetricsAgent(dashboard_agent.metrics_export_port)
[2m[33m(raylet)[0m   File "/home/hice1/acheng324/scratch/conda_envs/soccertwos/lib/python3.8/site-packages/ray/_private/metrics_agent.py", line 75, in __init__
[2m[33m(raylet)[0m     prometheus_exporter.new_stats_exporter(
[2m[33m(raylet)[0m   File "/home/hice1/acheng324/scratch/conda_envs/soccertwos/lib/python3.8/site-packages/ray/_private/prometheus_exporter.py", line 333, in new_stats_exporter
[2m[33m(raylet)[0m     exporter = PrometheusStatsExporter(
[2m[33m(raylet)[0m   File "/home/hice1/acheng324/scratch/conda_envs/soccertwos/lib/python3.8/site-packages/ray/_private/prometheus_exporter.py", line 266, in __init__
[2m[33m(raylet)[0m     self.serve_http()
[2m[33m(raylet)[0m   File "/home/hice1/acheng324/scratch/conda_envs/soccertwos/lib/python3.8/site-packages/ray/_private/prometheus_exporter.py", line 320, in serve_http
[2m[33m(raylet)[0m     start_http_server(
[2m[33m(raylet)[0m   File "/home/hice1/acheng324/scratch/conda_envs/soccertwos/lib/python3.8/site-packages/prometheus_client/exposition.py", line 231, in start_wsgi_server
[2m[33m(raylet)[0m     TmpServer.address_family, addr = _get_best_family(addr, port)
[2m[33m(raylet)[0m   File "/home/hice1/acheng324/scratch/conda_envs/soccertwos/lib/python3.8/site-packages/prometheus_client/exposition.py", line 169, in _get_best_family
[2m[33m(raylet)[0m     infos = socket.getaddrinfo(address, port, type=socket.SOCK_STREAM, flags=socket.AI_PASSIVE)
[2m[33m(raylet)[0m   File "/home/hice1/acheng324/scratch/conda_envs/soccertwos/lib/python3.8/socket.py", line 930, in getaddrinfo
[2m[33m(raylet)[0m     for res in _socket.getaddrinfo(host, port, family, type, proto, flags):
[2m[33m(raylet)[0m socket.gaierror: [Errno -2] Name or service not known
[2m[33m(raylet)[0m /home/hice1/acheng324/scratch/conda_envs/soccertwos/lib/python3.8/site-packages/ray/autoscaler/_private/cli_logger.py:57: FutureWarning: Not all Ray CLI dependencies were found. In Ray 1.4+, the Ray CLI, autoscaler, and dashboard will only be usable via `pip install 'ray[default]'`. Please update your install command.
[2m[33m(raylet)[0m   warnings.warn(
2026-03-30 14:42:59,390	WARNING worker.py:1114 -- The agent on node atl1-1-02-010-1-1.pace.gatech.edu failed with the following error:
Traceback (most recent call last):
  File "/home/hice1/acheng324/scratch/conda_envs/soccertwos/lib/python3.8/site-packages/ray/new_dashboard/agent.py", line 326, in <module>
    loop.run_until_complete(agent.run())
  File "/home/hice1/acheng324/scratch/conda_envs/soccertwos/lib/python3.8/asyncio/base_events.py", line 616, in run_until_complete
    return future.result()
  File "/home/hice1/acheng324/scratch/conda_envs/soccertwos/lib/python3.8/site-packages/ray/new_dashboard/agent.py", line 138, in run
    modules = self._load_modules()
  File "/home/hice1/acheng324/scratch/conda_envs/soccertwos/lib/python3.8/site-packages/ray/new_dashboard/agent.py", line 92, in _load_modules
    c = cls(self)
  File "/home/hice1/acheng324/scratch/conda_envs/soccertwos/lib/python3.8/site-packages/ray/new_dashboard/modules/reporter/reporter_agent.py", line 148, in __init__
    self._metrics_agent = MetricsAgent(dashboard_agent.metrics_export_port)
  File "/home/hice1/acheng324/scratch/conda_envs/soccertwos/lib/python3.8/site-packages/ray/_private/metrics_agent.py", line 75, in __init__
    prometheus_exporter.new_stats_exporter(
  File "/home/hice1/acheng324/scratch/conda_envs/soccertwos/lib/python3.8/site-packages/ray/_private/prometheus_exporter.py", line 333, in new_stats_exporter
    exporter = PrometheusStatsExporter(
  File "/home/hice1/acheng324/scratch/conda_envs/soccertwos/lib/python3.8/site-packages/ray/_private/prometheus_exporter.py", line 266, in __init__
    self.serve_http()
  File "/home/hice1/acheng324/scratch/conda_envs/soccertwos/lib/python3.8/site-packages/ray/_private/prometheus_exporter.py", line 320, in serve_http
    start_http_server(
  File "/home/hice1/acheng324/scratch/conda_envs/soccertwos/lib/python3.8/site-packages/prometheus_client/exposition.py", line 231, in start_wsgi_server
    TmpServer.address_family, addr = _get_best_family(addr, port)
  File "/home/hice1/acheng324/scratch/conda_envs/soccertwos/lib/python3.8/site-packages/prometheus_client/exposition.py", line 169, in _get_best_family
    infos = socket.getaddrinfo(address, port, type=socket.SOCK_STREAM, flags=socket.AI_PASSIVE)
  File "/home/hice1/acheng324/scratch/conda_envs/soccertwos/lib/python3.8/socket.py", line 930, in getaddrinfo
    for res in _socket.getaddrinfo(host, port, family, type, proto, flags):
socket.gaierror: [Errno -2] Name or service not known

[2m[33m(raylet)[0m Traceback (most recent call last):
[2m[33m(raylet)[0m   File "/home/hice1/acheng324/scratch/conda_envs/soccertwos/lib/python3.8/site-packages/ray/new_dashboard/agent.py", line 338, in <module>
[2m[33m(raylet)[0m     raise e
[2m[33m(raylet)[0m   File "/home/hice1/acheng324/scratch/conda_envs/soccertwos/lib/python3.8/site-packages/ray/new_dashboard/agent.py", line 326, in <module>
[2m[33m(raylet)[0m     loop.run_until_complete(agent.run())
[2m[33m(raylet)[0m   File "/home/hice1/acheng324/scratch/conda_envs/soccertwos/lib/python3.8/asyncio/base_events.py", line 616, in run_until_complete
[2m[33m(raylet)[0m     return future.result()
[2m[33m(raylet)[0m   File "/home/hice1/acheng324/scratch/conda_envs/soccertwos/lib/python3.8/site-packages/ray/new_dashboard/agent.py", line 138, in run
[2m[33m(raylet)[0m     modules = self._load_modules()
[2m[33m(raylet)[0m   File "/home/hice1/acheng324/scratch/conda_envs/soccertwos/lib/python3.8/site-packages/ray/new_dashboard/agent.py", line 92, in _load_modules
[2m[33m(raylet)[0m     c = cls(self)
[2m[33m(raylet)[0m   File "/home/hice1/acheng324/scratch/conda_envs/soccertwos/lib/python3.8/site-packages/ray/new_dashboard/modules/reporter/reporter_agent.py", line 148, in __init__
[2m[33m(raylet)[0m     self._metrics_agent = MetricsAgent(dashboard_agent.metrics_export_port)
[2m[33m(raylet)[0m   File "/home/hice1/acheng324/scratch/conda_envs/soccertwos/lib/python3.8/site-packages/ray/_private/metrics_agent.py", line 75, in __init__
[2m[33m(raylet)[0m     prometheus_exporter.new_stats_exporter(
[2m[33m(raylet)[0m   File "/home/hice1/acheng324/scratch/conda_envs/soccertwos/lib/python3.8/site-packages/ray/_private/prometheus_exporter.py", line 333, in new_stats_exporter
[2m[33m(raylet)[0m     exporter = PrometheusStatsExporter(
[2m[33m(raylet)[0m   File "/home/hice1/acheng324/scratch/conda_envs/soccertwos/lib/python3.8/site-packages/ray/_private/prometheus_exporter.py", line 266, in __init__
[2m[33m(raylet)[0m     self.serve_http()
[2m[33m(raylet)[0m   File "/home/hice1/acheng324/scratch/conda_envs/soccertwos/lib/python3.8/site-packages/ray/_private/prometheus_exporter.py", line 320, in serve_http
[2m[33m(raylet)[0m     start_http_server(
[2m[33m(raylet)[0m   File "/home/hice1/acheng324/scratch/conda_envs/soccertwos/lib/python3.8/site-packages/prometheus_client/exposition.py", line 231, in start_wsgi_server
[2m[33m(raylet)[0m     TmpServer.address_family, addr = _get_best_family(addr, port)
[2m[33m(raylet)[0m   File "/home/hice1/acheng324/scratch/conda_envs/soccertwos/lib/python3.8/site-packages/prometheus_client/exposition.py", line 169, in _get_best_family
[2m[33m(raylet)[0m     infos = socket.getaddrinfo(address, port, type=socket.SOCK_STREAM, flags=socket.AI_PASSIVE)
[2m[33m(raylet)[0m   File "/home/hice1/acheng324/scratch/conda_envs/soccertwos/lib/python3.8/socket.py", line 930, in getaddrinfo
[2m[33m(raylet)[0m     for res in _socket.getaddrinfo(host, port, family, type, proto, flags):
[2m[33m(raylet)[0m socket.gaierror: [Errno -2] Name or service not known
[2m[33m(raylet)[0m /home/hice1/acheng324/scratch/conda_envs/soccertwos/lib/python3.8/site-packages/ray/autoscaler/_private/cli_logger.py:57: FutureWarning: Not all Ray CLI dependencies were found. In Ray 1.4+, the Ray CLI, autoscaler, and dashboard will only be usable via `pip install 'ray[default]'`. Please update your install command.
[2m[33m(raylet)[0m   warnings.warn(
2026-03-30 14:43:02,188	WARNING worker.py:1114 -- The agent on node atl1-1-02-010-1-1.pace.gatech.edu failed with the following error:
Traceback (most recent call last):
  File "/home/hice1/acheng324/scratch/conda_envs/soccertwos/lib/python3.8/site-packages/ray/new_dashboard/agent.py", line 326, in <module>
    loop.run_until_complete(agent.run())
  File "/home/hice1/acheng324/scratch/conda_envs/soccertwos/lib/python3.8/asyncio/base_events.py", line 616, in run_until_complete
    return future.result()
  File "/home/hice1/acheng324/scratch/conda_envs/soccertwos/lib/python3.8/site-packages/ray/new_dashboard/agent.py", line 138, in run
    modules = self._load_modules()
  File "/home/hice1/acheng324/scratch/conda_envs/soccertwos/lib/python3.8/site-packages/ray/new_dashboard/agent.py", line 92, in _load_modules
    c = cls(self)
  File "/home/hice1/acheng324/scratch/conda_envs/soccertwos/lib/python3.8/site-packages/ray/new_dashboard/modules/reporter/reporter_agent.py", line 148, in __init__
    self._metrics_agent = MetricsAgent(dashboard_agent.metrics_export_port)
  File "/home/hice1/acheng324/scratch/conda_envs/soccertwos/lib/python3.8/site-packages/ray/_private/metrics_agent.py", line 75, in __init__
    prometheus_exporter.new_stats_exporter(
  File "/home/hice1/acheng324/scratch/conda_envs/soccertwos/lib/python3.8/site-packages/ray/_private/prometheus_exporter.py", line 333, in new_stats_exporter
    exporter = PrometheusStatsExporter(
  File "/home/hice1/acheng324/scratch/conda_envs/soccertwos/lib/python3.8/site-packages/ray/_private/prometheus_exporter.py", line 266, in __init__
    self.serve_http()
  File "/home/hice1/acheng324/scratch/conda_envs/soccertwos/lib/python3.8/site-packages/ray/_private/prometheus_exporter.py", line 320, in serve_http
    start_http_server(
  File "/home/hice1/acheng324/scratch/conda_envs/soccertwos/lib/python3.8/site-packages/prometheus_client/exposition.py", line 231, in start_wsgi_server
    TmpServer.address_family, addr = _get_best_family(addr, port)
  File "/home/hice1/acheng324/scratch/conda_envs/soccertwos/lib/python3.8/site-packages/prometheus_client/exposition.py", line 169, in _get_best_family
    infos = socket.getaddrinfo(address, port, type=socket.SOCK_STREAM, flags=socket.AI_PASSIVE)
  File "/home/hice1/acheng324/scratch/conda_envs/soccertwos/lib/python3.8/socket.py", line 930, in getaddrinfo
    for res in _socket.getaddrinfo(host, port, family, type, proto, flags):
socket.gaierror: [Errno -2] Name or service not known

[2m[33m(raylet)[0m Traceback (most recent call last):
[2m[33m(raylet)[0m   File "/home/hice1/acheng324/scratch/conda_envs/soccertwos/lib/python3.8/site-packages/ray/new_dashboard/agent.py", line 338, in <module>
[2m[33m(raylet)[0m     raise e
[2m[33m(raylet)[0m   File "/home/hice1/acheng324/scratch/conda_envs/soccertwos/lib/python3.8/site-packages/ray/new_dashboard/agent.py", line 326, in <module>
[2m[33m(raylet)[0m     loop.run_until_complete(agent.run())
[2m[33m(raylet)[0m   File "/home/hice1/acheng324/scratch/conda_envs/soccertwos/lib/python3.8/asyncio/base_events.py", line 616, in run_until_complete
[2m[33m(raylet)[0m     return future.result()
[2m[33m(raylet)[0m   File "/home/hice1/acheng324/scratch/conda_envs/soccertwos/lib/python3.8/site-packages/ray/new_dashboard/agent.py", line 138, in run
[2m[33m(raylet)[0m     modules = self._load_modules()
[2m[33m(raylet)[0m   File "/home/hice1/acheng324/scratch/conda_envs/soccertwos/lib/python3.8/site-packages/ray/new_dashboard/agent.py", line 92, in _load_modules
[2m[33m(raylet)[0m     c = cls(self)
[2m[33m(raylet)[0m   File "/home/hice1/acheng324/scratch/conda_envs/soccertwos/lib/python3.8/site-packages/ray/new_dashboard/modules/reporter/reporter_agent.py", line 148, in __init__
[2m[33m(raylet)[0m     self._metrics_agent = MetricsAgent(dashboard_agent.metrics_export_port)
[2m[33m(raylet)[0m   File "/home/hice1/acheng324/scratch/conda_envs/soccertwos/lib/python3.8/site-packages/ray/_private/metrics_agent.py", line 75, in __init__
[2m[33m(raylet)[0m     prometheus_exporter.new_stats_exporter(
[2m[33m(raylet)[0m   File "/home/hice1/acheng324/scratch/conda_envs/soccertwos/lib/python3.8/site-packages/ray/_private/prometheus_exporter.py", line 333, in new_stats_exporter
[2m[33m(raylet)[0m     exporter = PrometheusStatsExporter(
[2m[33m(raylet)[0m   File "/home/hice1/acheng324/scratch/conda_envs/soccertwos/lib/python3.8/site-packages/ray/_private/prometheus_exporter.py", line 266, in __init__
[2m[33m(raylet)[0m     self.serve_http()
[2m[33m(raylet)[0m   File "/home/hice1/acheng324/scratch/conda_envs/soccertwos/lib/python3.8/site-packages/ray/_private/prometheus_exporter.py", line 320, in serve_http
[2m[33m(raylet)[0m     start_http_server(
[2m[33m(raylet)[0m   File "/home/hice1/acheng324/scratch/conda_envs/soccertwos/lib/python3.8/site-packages/prometheus_client/exposition.py", line 231, in start_wsgi_server
[2m[33m(raylet)[0m     TmpServer.address_family, addr = _get_best_family(addr, port)
[2m[33m(raylet)[0m   File "/home/hice1/acheng324/scratch/conda_envs/soccertwos/lib/python3.8/site-packages/prometheus_client/exposition.py", line 169, in _get_best_family
[2m[33m(raylet)[0m     infos = socket.getaddrinfo(address, port, type=socket.SOCK_STREAM, flags=socket.AI_PASSIVE)
[2m[33m(raylet)[0m   File "/home/hice1/acheng324/scratch/conda_envs/soccertwos/lib/python3.8/socket.py", line 930, in getaddrinfo
[2m[33m(raylet)[0m     for res in _socket.getaddrinfo(host, port, family, type, proto, flags):
[2m[33m(raylet)[0m socket.gaierror: [Errno -2] Name or service not known
[2m[33m(raylet)[0m /home/hice1/acheng324/scratch/conda_envs/soccertwos/lib/python3.8/site-packages/ray/autoscaler/_private/cli_logger.py:57: FutureWarning: Not all Ray CLI dependencies were found. In Ray 1.4+, the Ray CLI, autoscaler, and dashboard will only be usable via `pip install 'ray[default]'`. Please update your install command.
[2m[33m(raylet)[0m   warnings.warn(
2026-03-30 14:43:05,012	WARNING worker.py:1114 -- The agent on node atl1-1-02-010-1-1.pace.gatech.edu failed with the following error:
Traceback (most recent call last):
  File "/home/hice1/acheng324/scratch/conda_envs/soccertwos/lib/python3.8/site-packages/ray/new_dashboard/agent.py", line 326, in <module>
    loop.run_until_complete(agent.run())
  File "/home/hice1/acheng324/scratch/conda_envs/soccertwos/lib/python3.8/asyncio/base_events.py", line 616, in run_until_complete
    return future.result()
  File "/home/hice1/acheng324/scratch/conda_envs/soccertwos/lib/python3.8/site-packages/ray/new_dashboard/agent.py", line 138, in run
    modules = self._load_modules()
  File "/home/hice1/acheng324/scratch/conda_envs/soccertwos/lib/python3.8/site-packages/ray/new_dashboard/agent.py", line 92, in _load_modules
    c = cls(self)
  File "/home/hice1/acheng324/scratch/conda_envs/soccertwos/lib/python3.8/site-packages/ray/new_dashboard/modules/reporter/reporter_agent.py", line 148, in __init__
    self._metrics_agent = MetricsAgent(dashboard_agent.metrics_export_port)
  File "/home/hice1/acheng324/scratch/conda_envs/soccertwos/lib/python3.8/site-packages/ray/_private/metrics_agent.py", line 75, in __init__
    prometheus_exporter.new_stats_exporter(
  File "/home/hice1/acheng324/scratch/conda_envs/soccertwos/lib/python3.8/site-packages/ray/_private/prometheus_exporter.py", line 333, in new_stats_exporter
    exporter = PrometheusStatsExporter(
  File "/home/hice1/acheng324/scratch/conda_envs/soccertwos/lib/python3.8/site-packages/ray/_private/prometheus_exporter.py", line 266, in __init__
    self.serve_http()
  File "/home/hice1/acheng324/scratch/conda_envs/soccertwos/lib/python3.8/site-packages/ray/_private/prometheus_exporter.py", line 320, in serve_http
    start_http_server(
  File "/home/hice1/acheng324/scratch/conda_envs/soccertwos/lib/python3.8/site-packages/prometheus_client/exposition.py", line 231, in start_wsgi_server
    TmpServer.address_family, addr = _get_best_family(addr, port)
  File "/home/hice1/acheng324/scratch/conda_envs/soccertwos/lib/python3.8/site-packages/prometheus_client/exposition.py", line 169, in _get_best_family
    infos = socket.getaddrinfo(address, port, type=socket.SOCK_STREAM, flags=socket.AI_PASSIVE)
  File "/home/hice1/acheng324/scratch/conda_envs/soccertwos/lib/python3.8/socket.py", line 930, in getaddrinfo
    for res in _socket.getaddrinfo(host, port, family, type, proto, flags):
socket.gaierror: [Errno -2] Name or service not known

[2m[33m(raylet)[0m Traceback (most recent call last):
[2m[33m(raylet)[0m   File "/home/hice1/acheng324/scratch/conda_envs/soccertwos/lib/python3.8/site-packages/ray/new_dashboard/agent.py", line 338, in <module>
[2m[33m(raylet)[0m     raise e
[2m[33m(raylet)[0m   File "/home/hice1/acheng324/scratch/conda_envs/soccertwos/lib/python3.8/site-packages/ray/new_dashboard/agent.py", line 326, in <module>
[2m[33m(raylet)[0m     loop.run_until_complete(agent.run())
[2m[33m(raylet)[0m   File "/home/hice1/acheng324/scratch/conda_envs/soccertwos/lib/python3.8/asyncio/base_events.py", line 616, in run_until_complete
[2m[33m(raylet)[0m     return future.result()
[2m[33m(raylet)[0m   File "/home/hice1/acheng324/scratch/conda_envs/soccertwos/lib/python3.8/site-packages/ray/new_dashboard/agent.py", line 138, in run
[2m[33m(raylet)[0m     modules = self._load_modules()
[2m[33m(raylet)[0m   File "/home/hice1/acheng324/scratch/conda_envs/soccertwos/lib/python3.8/site-packages/ray/new_dashboard/agent.py", line 92, in _load_modules
[2m[33m(raylet)[0m     c = cls(self)
[2m[33m(raylet)[0m   File "/home/hice1/acheng324/scratch/conda_envs/soccertwos/lib/python3.8/site-packages/ray/new_dashboard/modules/reporter/reporter_agent.py", line 148, in __init__
[2m[33m(raylet)[0m     self._metrics_agent = MetricsAgent(dashboard_agent.metrics_export_port)
[2m[33m(raylet)[0m   File "/home/hice1/acheng324/scratch/conda_envs/soccertwos/lib/python3.8/site-packages/ray/_private/metrics_agent.py", line 75, in __init__
[2m[33m(raylet)[0m     prometheus_exporter.new_stats_exporter(
[2m[33m(raylet)[0m   File "/home/hice1/acheng324/scratch/conda_envs/soccertwos/lib/python3.8/site-packages/ray/_private/prometheus_exporter.py", line 333, in new_stats_exporter
[2m[33m(raylet)[0m     exporter = PrometheusStatsExporter(
[2m[33m(raylet)[0m   File "/home/hice1/acheng324/scratch/conda_envs/soccertwos/lib/python3.8/site-packages/ray/_private/prometheus_exporter.py", line 266, in __init__
[2m[33m(raylet)[0m     self.serve_http()
[2m[33m(raylet)[0m   File "/home/hice1/acheng324/scratch/conda_envs/soccertwos/lib/python3.8/site-packages/ray/_private/prometheus_exporter.py", line 320, in serve_http
[2m[33m(raylet)[0m     start_http_server(
[2m[33m(raylet)[0m   File "/home/hice1/acheng324/scratch/conda_envs/soccertwos/lib/python3.8/site-packages/prometheus_client/exposition.py", line 231, in start_wsgi_server
[2m[33m(raylet)[0m     TmpServer.address_family, addr = _get_best_family(addr, port)
[2m[33m(raylet)[0m   File "/home/hice1/acheng324/scratch/conda_envs/soccertwos/lib/python3.8/site-packages/prometheus_client/exposition.py", line 169, in _get_best_family
[2m[33m(raylet)[0m     infos = socket.getaddrinfo(address, port, type=socket.SOCK_STREAM, flags=socket.AI_PASSIVE)
[2m[33m(raylet)[0m   File "/home/hice1/acheng324/scratch/conda_envs/soccertwos/lib/python3.8/socket.py", line 930, in getaddrinfo
[2m[33m(raylet)[0m     for res in _socket.getaddrinfo(host, port, family, type, proto, flags):
[2m[33m(raylet)[0m socket.gaierror: [Errno -2] Name or service not known
[2m[33m(raylet)[0m /home/hice1/acheng324/scratch/conda_envs/soccertwos/lib/python3.8/site-packages/ray/autoscaler/_private/cli_logger.py:57: FutureWarning: Not all Ray CLI dependencies were found. In Ray 1.4+, the Ray CLI, autoscaler, and dashboard will only be usable via `pip install 'ray[default]'`. Please update your install command.
[2m[33m(raylet)[0m   warnings.warn(
2026-03-30 14:43:07,882	WARNING worker.py:1114 -- The agent on node atl1-1-02-010-1-1.pace.gatech.edu failed with the following error:
Traceback (most recent call last):
  File "/home/hice1/acheng324/scratch/conda_envs/soccertwos/lib/python3.8/site-packages/ray/new_dashboard/agent.py", line 326, in <module>
    loop.run_until_complete(agent.run())
  File "/home/hice1/acheng324/scratch/conda_envs/soccertwos/lib/python3.8/asyncio/base_events.py", line 616, in run_until_complete
    return future.result()
  File "/home/hice1/acheng324/scratch/conda_envs/soccertwos/lib/python3.8/site-packages/ray/new_dashboard/agent.py", line 138, in run
    modules = self._load_modules()
  File "/home/hice1/acheng324/scratch/conda_envs/soccertwos/lib/python3.8/site-packages/ray/new_dashboard/agent.py", line 92, in _load_modules
    c = cls(self)
  File "/home/hice1/acheng324/scratch/conda_envs/soccertwos/lib/python3.8/site-packages/ray/new_dashboard/modules/reporter/reporter_agent.py", line 148, in __init__
    self._metrics_agent = MetricsAgent(dashboard_agent.metrics_export_port)
  File "/home/hice1/acheng324/scratch/conda_envs/soccertwos/lib/python3.8/site-packages/ray/_private/metrics_agent.py", line 75, in __init__
    prometheus_exporter.new_stats_exporter(
  File "/home/hice1/acheng324/scratch/conda_envs/soccertwos/lib/python3.8/site-packages/ray/_private/prometheus_exporter.py", line 333, in new_stats_exporter
    exporter = PrometheusStatsExporter(
  File "/home/hice1/acheng324/scratch/conda_envs/soccertwos/lib/python3.8/site-packages/ray/_private/prometheus_exporter.py", line 266, in __init__
    self.serve_http()
  File "/home/hice1/acheng324/scratch/conda_envs/soccertwos/lib/python3.8/site-packages/ray/_private/prometheus_exporter.py", line 320, in serve_http
    start_http_server(
  File "/home/hice1/acheng324/scratch/conda_envs/soccertwos/lib/python3.8/site-packages/prometheus_client/exposition.py", line 231, in start_wsgi_server
    TmpServer.address_family, addr = _get_best_family(addr, port)
  File "/home/hice1/acheng324/scratch/conda_envs/soccertwos/lib/python3.8/site-packages/prometheus_client/exposition.py", line 169, in _get_best_family
    infos = socket.getaddrinfo(address, port, type=socket.SOCK_STREAM, flags=socket.AI_PASSIVE)
  File "/home/hice1/acheng324/scratch/conda_envs/soccertwos/lib/python3.8/socket.py", line 930, in getaddrinfo
    for res in _socket.getaddrinfo(host, port, family, type, proto, flags):
socket.gaierror: [Errno -2] Name or service not known

[2m[33m(raylet)[0m Traceback (most recent call last):
[2m[33m(raylet)[0m   File "/home/hice1/acheng324/scratch/conda_envs/soccertwos/lib/python3.8/site-packages/ray/new_dashboard/agent.py", line 338, in <module>
[2m[33m(raylet)[0m     raise e
[2m[33m(raylet)[0m   File "/home/hice1/acheng324/scratch/conda_envs/soccertwos/lib/python3.8/site-packages/ray/new_dashboard/agent.py", line 326, in <module>
[2m[33m(raylet)[0m     loop.run_until_complete(agent.run())
[2m[33m(raylet)[0m   File "/home/hice1/acheng324/scratch/conda_envs/soccertwos/lib/python3.8/asyncio/base_events.py", line 616, in run_until_complete
[2m[33m(raylet)[0m     return future.result()
[2m[33m(raylet)[0m   File "/home/hice1/acheng324/scratch/conda_envs/soccertwos/lib/python3.8/site-packages/ray/new_dashboard/agent.py", line 138, in run
[2m[33m(raylet)[0m     modules = self._load_modules()
[2m[33m(raylet)[0m   File "/home/hice1/acheng324/scratch/conda_envs/soccertwos/lib/python3.8/site-packages/ray/new_dashboard/agent.py", line 92, in _load_modules
[2m[33m(raylet)[0m     c = cls(self)
[2m[33m(raylet)[0m   File "/home/hice1/acheng324/scratch/conda_envs/soccertwos/lib/python3.8/site-packages/ray/new_dashboard/modules/reporter/reporter_agent.py", line 148, in __init__
[2m[33m(raylet)[0m     self._metrics_agent = MetricsAgent(dashboard_agent.metrics_export_port)
[2m[33m(raylet)[0m   File "/home/hice1/acheng324/scratch/conda_envs/soccertwos/lib/python3.8/site-packages/ray/_private/metrics_agent.py", line 75, in __init__
[2m[33m(raylet)[0m     prometheus_exporter.new_stats_exporter(
[2m[33m(raylet)[0m   File "/home/hice1/acheng324/scratch/conda_envs/soccertwos/lib/python3.8/site-packages/ray/_private/prometheus_exporter.py", line 333, in new_stats_exporter
[2m[33m(raylet)[0m     exporter = PrometheusStatsExporter(
[2m[33m(raylet)[0m   File "/home/hice1/acheng324/scratch/conda_envs/soccertwos/lib/python3.8/site-packages/ray/_private/prometheus_exporter.py", line 266, in __init__
[2m[33m(raylet)[0m     self.serve_http()
[2m[33m(raylet)[0m   File "/home/hice1/acheng324/scratch/conda_envs/soccertwos/lib/python3.8/site-packages/ray/_private/prometheus_exporter.py", line 320, in serve_http
[2m[33m(raylet)[0m     start_http_server(
[2m[33m(raylet)[0m   File "/home/hice1/acheng324/scratch/conda_envs/soccertwos/lib/python3.8/site-packages/prometheus_client/exposition.py", line 231, in start_wsgi_server
[2m[33m(raylet)[0m     TmpServer.address_family, addr = _get_best_family(addr, port)
[2m[33m(raylet)[0m   File "/home/hice1/acheng324/scratch/conda_envs/soccertwos/lib/python3.8/site-packages/prometheus_client/exposition.py", line 169, in _get_best_family
[2m[33m(raylet)[0m     infos = socket.getaddrinfo(address, port, type=socket.SOCK_STREAM, flags=socket.AI_PASSIVE)
[2m[33m(raylet)[0m   File "/home/hice1/acheng324/scratch/conda_envs/soccertwos/lib/python3.8/socket.py", line 930, in getaddrinfo
[2m[33m(raylet)[0m     for res in _socket.getaddrinfo(host, port, family, type, proto, flags):
[2m[33m(raylet)[0m socket.gaierror: [Errno -2] Name or service not known
[2m[33m(raylet)[0m /home/hice1/acheng324/scratch/conda_envs/soccertwos/lib/python3.8/site-packages/ray/autoscaler/_private/cli_logger.py:57: FutureWarning: Not all Ray CLI dependencies were found. In Ray 1.4+, the Ray CLI, autoscaler, and dashboard will only be usable via `pip install 'ray[default]'`. Please update your install command.
[2m[33m(raylet)[0m   warnings.warn(
2026-03-30 14:43:10,693	WARNING worker.py:1114 -- The agent on node atl1-1-02-010-1-1.pace.gatech.edu failed with the following error:
Traceback (most recent call last):
  File "/home/hice1/acheng324/scratch/conda_envs/soccertwos/lib/python3.8/site-packages/ray/new_dashboard/agent.py", line 326, in <module>
    loop.run_until_complete(agent.run())
  File "/home/hice1/acheng324/scratch/conda_envs/soccertwos/lib/python3.8/asyncio/base_events.py", line 616, in run_until_complete
    return future.result()
  File "/home/hice1/acheng324/scratch/conda_envs/soccertwos/lib/python3.8/site-packages/ray/new_dashboard/agent.py", line 138, in run
    modules = self._load_modules()
  File "/home/hice1/acheng324/scratch/conda_envs/soccertwos/lib/python3.8/site-packages/ray/new_dashboard/agent.py", line 92, in _load_modules
    c = cls(self)
  File "/home/hice1/acheng324/scratch/conda_envs/soccertwos/lib/python3.8/site-packages/ray/new_dashboard/modules/reporter/reporter_agent.py", line 148, in __init__
    self._metrics_agent = MetricsAgent(dashboard_agent.metrics_export_port)
  File "/home/hice1/acheng324/scratch/conda_envs/soccertwos/lib/python3.8/site-packages/ray/_private/metrics_agent.py", line 75, in __init__
    prometheus_exporter.new_stats_exporter(
  File "/home/hice1/acheng324/scratch/conda_envs/soccertwos/lib/python3.8/site-packages/ray/_private/prometheus_exporter.py", line 333, in new_stats_exporter
    exporter = PrometheusStatsExporter(
  File "/home/hice1/acheng324/scratch/conda_envs/soccertwos/lib/python3.8/site-packages/ray/_private/prometheus_exporter.py", line 266, in __init__
    self.serve_http()
  File "/home/hice1/acheng324/scratch/conda_envs/soccertwos/lib/python3.8/site-packages/ray/_private/prometheus_exporter.py", line 320, in serve_http
    start_http_server(
  File "/home/hice1/acheng324/scratch/conda_envs/soccertwos/lib/python3.8/site-packages/prometheus_client/exposition.py", line 231, in start_wsgi_server
    TmpServer.address_family, addr = _get_best_family(addr, port)
  File "/home/hice1/acheng324/scratch/conda_envs/soccertwos/lib/python3.8/site-packages/prometheus_client/exposition.py", line 169, in _get_best_family
    infos = socket.getaddrinfo(address, port, type=socket.SOCK_STREAM, flags=socket.AI_PASSIVE)
  File "/home/hice1/acheng324/scratch/conda_envs/soccertwos/lib/python3.8/socket.py", line 930, in getaddrinfo
    for res in _socket.getaddrinfo(host, port, family, type, proto, flags):
socket.gaierror: [Errno -2] Name or service not known

[2m[33m(raylet)[0m Traceback (most recent call last):
[2m[33m(raylet)[0m   File "/home/hice1/acheng324/scratch/conda_envs/soccertwos/lib/python3.8/site-packages/ray/new_dashboard/agent.py", line 338, in <module>
[2m[33m(raylet)[0m     raise e
[2m[33m(raylet)[0m   File "/home/hice1/acheng324/scratch/conda_envs/soccertwos/lib/python3.8/site-packages/ray/new_dashboard/agent.py", line 326, in <module>
[2m[33m(raylet)[0m     loop.run_until_complete(agent.run())
[2m[33m(raylet)[0m   File "/home/hice1/acheng324/scratch/conda_envs/soccertwos/lib/python3.8/asyncio/base_events.py", line 616, in run_until_complete
[2m[33m(raylet)[0m     return future.result()
[2m[33m(raylet)[0m   File "/home/hice1/acheng324/scratch/conda_envs/soccertwos/lib/python3.8/site-packages/ray/new_dashboard/agent.py", line 138, in run
[2m[33m(raylet)[0m     modules = self._load_modules()
[2m[33m(raylet)[0m   File "/home/hice1/acheng324/scratch/conda_envs/soccertwos/lib/python3.8/site-packages/ray/new_dashboard/agent.py", line 92, in _load_modules
[2m[33m(raylet)[0m     c = cls(self)
[2m[33m(raylet)[0m   File "/home/hice1/acheng324/scratch/conda_envs/soccertwos/lib/python3.8/site-packages/ray/new_dashboard/modules/reporter/reporter_agent.py", line 148, in __init__
[2m[33m(raylet)[0m     self._metrics_agent = MetricsAgent(dashboard_agent.metrics_export_port)
[2m[33m(raylet)[0m   File "/home/hice1/acheng324/scratch/conda_envs/soccertwos/lib/python3.8/site-packages/ray/_private/metrics_agent.py", line 75, in __init__
[2m[33m(raylet)[0m     prometheus_exporter.new_stats_exporter(
[2m[33m(raylet)[0m   File "/home/hice1/acheng324/scratch/conda_envs/soccertwos/lib/python3.8/site-packages/ray/_private/prometheus_exporter.py", line 333, in new_stats_exporter
[2m[33m(raylet)[0m     exporter = PrometheusStatsExporter(
[2m[33m(raylet)[0m   File "/home/hice1/acheng324/scratch/conda_envs/soccertwos/lib/python3.8/site-packages/ray/_private/prometheus_exporter.py", line 266, in __init__
[2m[33m(raylet)[0m     self.serve_http()
[2m[33m(raylet)[0m   File "/home/hice1/acheng324/scratch/conda_envs/soccertwos/lib/python3.8/site-packages/ray/_private/prometheus_exporter.py", line 320, in serve_http
[2m[33m(raylet)[0m     start_http_server(
[2m[33m(raylet)[0m   File "/home/hice1/acheng324/scratch/conda_envs/soccertwos/lib/python3.8/site-packages/prometheus_client/exposition.py", line 231, in start_wsgi_server
[2m[33m(raylet)[0m     TmpServer.address_family, addr = _get_best_family(addr, port)
[2m[33m(raylet)[0m   File "/home/hice1/acheng324/scratch/conda_envs/soccertwos/lib/python3.8/site-packages/prometheus_client/exposition.py", line 169, in _get_best_family
[2m[33m(raylet)[0m     infos = socket.getaddrinfo(address, port, type=socket.SOCK_STREAM, flags=socket.AI_PASSIVE)
[2m[33m(raylet)[0m   File "/home/hice1/acheng324/scratch/conda_envs/soccertwos/lib/python3.8/socket.py", line 930, in getaddrinfo
[2m[33m(raylet)[0m     for res in _socket.getaddrinfo(host, port, family, type, proto, flags):
[2m[33m(raylet)[0m socket.gaierror: [Errno -2] Name or service not known
[2m[33m(raylet)[0m /home/hice1/acheng324/scratch/conda_envs/soccertwos/lib/python3.8/site-packages/ray/autoscaler/_private/cli_logger.py:57: FutureWarning: Not all Ray CLI dependencies were found. In Ray 1.4+, the Ray CLI, autoscaler, and dashboard will only be usable via `pip install 'ray[default]'`. Please update your install command.
[2m[33m(raylet)[0m   warnings.warn(
2026-03-30 14:43:13,498	WARNING worker.py:1114 -- The agent on node atl1-1-02-010-1-1.pace.gatech.edu failed with the following error:
Traceback (most recent call last):
  File "/home/hice1/acheng324/scratch/conda_envs/soccertwos/lib/python3.8/site-packages/ray/new_dashboard/agent.py", line 326, in <module>
    loop.run_until_complete(agent.run())
  File "/home/hice1/acheng324/scratch/conda_envs/soccertwos/lib/python3.8/asyncio/base_events.py", line 616, in run_until_complete
    return future.result()
  File "/home/hice1/acheng324/scratch/conda_envs/soccertwos/lib/python3.8/site-packages/ray/new_dashboard/agent.py", line 138, in run
    modules = self._load_modules()
  File "/home/hice1/acheng324/scratch/conda_envs/soccertwos/lib/python3.8/site-packages/ray/new_dashboard/agent.py", line 92, in _load_modules
    c = cls(self)
  File "/home/hice1/acheng324/scratch/conda_envs/soccertwos/lib/python3.8/site-packages/ray/new_dashboard/modules/reporter/reporter_agent.py", line 148, in __init__
    self._metrics_agent = MetricsAgent(dashboard_agent.metrics_export_port)
  File "/home/hice1/acheng324/scratch/conda_envs/soccertwos/lib/python3.8/site-packages/ray/_private/metrics_agent.py", line 75, in __init__
    prometheus_exporter.new_stats_exporter(
  File "/home/hice1/acheng324/scratch/conda_envs/soccertwos/lib/python3.8/site-packages/ray/_private/prometheus_exporter.py", line 333, in new_stats_exporter
    exporter = PrometheusStatsExporter(
  File "/home/hice1/acheng324/scratch/conda_envs/soccertwos/lib/python3.8/site-packages/ray/_private/prometheus_exporter.py", line 266, in __init__
    self.serve_http()
  File "/home/hice1/acheng324/scratch/conda_envs/soccertwos/lib/python3.8/site-packages/ray/_private/prometheus_exporter.py", line 320, in serve_http
    start_http_server(
  File "/home/hice1/acheng324/scratch/conda_envs/soccertwos/lib/python3.8/site-packages/prometheus_client/exposition.py", line 231, in start_wsgi_server
    TmpServer.address_family, addr = _get_best_family(addr, port)
  File "/home/hice1/acheng324/scratch/conda_envs/soccertwos/lib/python3.8/site-packages/prometheus_client/exposition.py", line 169, in _get_best_family
    infos = socket.getaddrinfo(address, port, type=socket.SOCK_STREAM, flags=socket.AI_PASSIVE)
  File "/home/hice1/acheng324/scratch/conda_envs/soccertwos/lib/python3.8/socket.py", line 930, in getaddrinfo
    for res in _socket.getaddrinfo(host, port, family, type, proto, flags):
socket.gaierror: [Errno -2] Name or service not known

[2m[33m(raylet)[0m Traceback (most recent call last):
[2m[33m(raylet)[0m   File "/home/hice1/acheng324/scratch/conda_envs/soccertwos/lib/python3.8/site-packages/ray/new_dashboard/agent.py", line 338, in <module>
[2m[33m(raylet)[0m     raise e
[2m[33m(raylet)[0m   File "/home/hice1/acheng324/scratch/conda_envs/soccertwos/lib/python3.8/site-packages/ray/new_dashboard/agent.py", line 326, in <module>
[2m[33m(raylet)[0m     loop.run_until_complete(agent.run())
[2m[33m(raylet)[0m   File "/home/hice1/acheng324/scratch/conda_envs/soccertwos/lib/python3.8/asyncio/base_events.py", line 616, in run_until_complete
[2m[33m(raylet)[0m     return future.result()
[2m[33m(raylet)[0m   File "/home/hice1/acheng324/scratch/conda_envs/soccertwos/lib/python3.8/site-packages/ray/new_dashboard/agent.py", line 138, in run
[2m[33m(raylet)[0m     modules = self._load_modules()
[2m[33m(raylet)[0m   File "/home/hice1/acheng324/scratch/conda_envs/soccertwos/lib/python3.8/site-packages/ray/new_dashboard/agent.py", line 92, in _load_modules
[2m[33m(raylet)[0m     c = cls(self)
[2m[33m(raylet)[0m   File "/home/hice1/acheng324/scratch/conda_envs/soccertwos/lib/python3.8/site-packages/ray/new_dashboard/modules/reporter/reporter_agent.py", line 148, in __init__
[2m[33m(raylet)[0m     self._metrics_agent = MetricsAgent(dashboard_agent.metrics_export_port)
[2m[33m(raylet)[0m   File "/home/hice1/acheng324/scratch/conda_envs/soccertwos/lib/python3.8/site-packages/ray/_private/metrics_agent.py", line 75, in __init__
[2m[33m(raylet)[0m     prometheus_exporter.new_stats_exporter(
[2m[33m(raylet)[0m   File "/home/hice1/acheng324/scratch/conda_envs/soccertwos/lib/python3.8/site-packages/ray/_private/prometheus_exporter.py", line 333, in new_stats_exporter
[2m[33m(raylet)[0m     exporter = PrometheusStatsExporter(
[2m[33m(raylet)[0m   File "/home/hice1/acheng324/scratch/conda_envs/soccertwos/lib/python3.8/site-packages/ray/_private/prometheus_exporter.py", line 266, in __init__
[2m[33m(raylet)[0m     self.serve_http()
[2m[33m(raylet)[0m   File "/home/hice1/acheng324/scratch/conda_envs/soccertwos/lib/python3.8/site-packages/ray/_private/prometheus_exporter.py", line 320, in serve_http
[2m[33m(raylet)[0m     start_http_server(
[2m[33m(raylet)[0m   File "/home/hice1/acheng324/scratch/conda_envs/soccertwos/lib/python3.8/site-packages/prometheus_client/exposition.py", line 231, in start_wsgi_server
[2m[33m(raylet)[0m     TmpServer.address_family, addr = _get_best_family(addr, port)
[2m[33m(raylet)[0m   File "/home/hice1/acheng324/scratch/conda_envs/soccertwos/lib/python3.8/site-packages/prometheus_client/exposition.py", line 169, in _get_best_family
[2m[33m(raylet)[0m     infos = socket.getaddrinfo(address, port, type=socket.SOCK_STREAM, flags=socket.AI_PASSIVE)
[2m[33m(raylet)[0m   File "/home/hice1/acheng324/scratch/conda_envs/soccertwos/lib/python3.8/socket.py", line 930, in getaddrinfo
[2m[33m(raylet)[0m     for res in _socket.getaddrinfo(host, port, family, type, proto, flags):
[2m[33m(raylet)[0m socket.gaierror: [Errno -2] Name or service not known
[2m[33m(raylet)[0m /home/hice1/acheng324/scratch/conda_envs/soccertwos/lib/python3.8/site-packages/ray/autoscaler/_private/cli_logger.py:57: FutureWarning: Not all Ray CLI dependencies were found. In Ray 1.4+, the Ray CLI, autoscaler, and dashboard will only be usable via `pip install 'ray[default]'`. Please update your install command.
[2m[33m(raylet)[0m   warnings.warn(
2026-03-30 14:43:16,353	WARNING worker.py:1114 -- The agent on node atl1-1-02-010-1-1.pace.gatech.edu failed with the following error:
Traceback (most recent call last):
  File "/home/hice1/acheng324/scratch/conda_envs/soccertwos/lib/python3.8/site-packages/ray/new_dashboard/agent.py", line 326, in <module>
    loop.run_until_complete(agent.run())
  File "/home/hice1/acheng324/scratch/conda_envs/soccertwos/lib/python3.8/asyncio/base_events.py", line 616, in run_until_complete
    return future.result()
  File "/home/hice1/acheng324/scratch/conda_envs/soccertwos/lib/python3.8/site-packages/ray/new_dashboard/agent.py", line 138, in run
    modules = self._load_modules()
  File "/home/hice1/acheng324/scratch/conda_envs/soccertwos/lib/python3.8/site-packages/ray/new_dashboard/agent.py", line 92, in _load_modules
    c = cls(self)
  File "/home/hice1/acheng324/scratch/conda_envs/soccertwos/lib/python3.8/site-packages/ray/new_dashboard/modules/reporter/reporter_agent.py", line 148, in __init__
    self._metrics_agent = MetricsAgent(dashboard_agent.metrics_export_port)
  File "/home/hice1/acheng324/scratch/conda_envs/soccertwos/lib/python3.8/site-packages/ray/_private/metrics_agent.py", line 75, in __init__
    prometheus_exporter.new_stats_exporter(
  File "/home/hice1/acheng324/scratch/conda_envs/soccertwos/lib/python3.8/site-packages/ray/_private/prometheus_exporter.py", line 333, in new_stats_exporter
    exporter = PrometheusStatsExporter(
  File "/home/hice1/acheng324/scratch/conda_envs/soccertwos/lib/python3.8/site-packages/ray/_private/prometheus_exporter.py", line 266, in __init__
    self.serve_http()
  File "/home/hice1/acheng324/scratch/conda_envs/soccertwos/lib/python3.8/site-packages/ray/_private/prometheus_exporter.py", line 320, in serve_http
    start_http_server(
  File "/home/hice1/acheng324/scratch/conda_envs/soccertwos/lib/python3.8/site-packages/prometheus_client/exposition.py", line 231, in start_wsgi_server
    TmpServer.address_family, addr = _get_best_family(addr, port)
  File "/home/hice1/acheng324/scratch/conda_envs/soccertwos/lib/python3.8/site-packages/prometheus_client/exposition.py", line 169, in _get_best_family
    infos = socket.getaddrinfo(address, port, type=socket.SOCK_STREAM, flags=socket.AI_PASSIVE)
  File "/home/hice1/acheng324/scratch/conda_envs/soccertwos/lib/python3.8/socket.py", line 930, in getaddrinfo
    for res in _socket.getaddrinfo(host, port, family, type, proto, flags):
socket.gaierror: [Errno -2] Name or service not known

[2m[33m(raylet)[0m Traceback (most recent call last):
[2m[33m(raylet)[0m   File "/home/hice1/acheng324/scratch/conda_envs/soccertwos/lib/python3.8/site-packages/ray/new_dashboard/agent.py", line 338, in <module>
[2m[33m(raylet)[0m     raise e
[2m[33m(raylet)[0m   File "/home/hice1/acheng324/scratch/conda_envs/soccertwos/lib/python3.8/site-packages/ray/new_dashboard/agent.py", line 326, in <module>
[2m[33m(raylet)[0m     loop.run_until_complete(agent.run())
[2m[33m(raylet)[0m   File "/home/hice1/acheng324/scratch/conda_envs/soccertwos/lib/python3.8/asyncio/base_events.py", line 616, in run_until_complete
[2m[33m(raylet)[0m     return future.result()
[2m[33m(raylet)[0m   File "/home/hice1/acheng324/scratch/conda_envs/soccertwos/lib/python3.8/site-packages/ray/new_dashboard/agent.py", line 138, in run
[2m[33m(raylet)[0m     modules = self._load_modules()
[2m[33m(raylet)[0m   File "/home/hice1/acheng324/scratch/conda_envs/soccertwos/lib/python3.8/site-packages/ray/new_dashboard/agent.py", line 92, in _load_modules
[2m[33m(raylet)[0m     c = cls(self)
[2m[33m(raylet)[0m   File "/home/hice1/acheng324/scratch/conda_envs/soccertwos/lib/python3.8/site-packages/ray/new_dashboard/modules/reporter/reporter_agent.py", line 148, in __init__
[2m[33m(raylet)[0m     self._metrics_agent = MetricsAgent(dashboard_agent.metrics_export_port)
[2m[33m(raylet)[0m   File "/home/hice1/acheng324/scratch/conda_envs/soccertwos/lib/python3.8/site-packages/ray/_private/metrics_agent.py", line 75, in __init__
[2m[33m(raylet)[0m     prometheus_exporter.new_stats_exporter(
[2m[33m(raylet)[0m   File "/home/hice1/acheng324/scratch/conda_envs/soccertwos/lib/python3.8/site-packages/ray/_private/prometheus_exporter.py", line 333, in new_stats_exporter
[2m[33m(raylet)[0m     exporter = PrometheusStatsExporter(
[2m[33m(raylet)[0m   File "/home/hice1/acheng324/scratch/conda_envs/soccertwos/lib/python3.8/site-packages/ray/_private/prometheus_exporter.py", line 266, in __init__
[2m[33m(raylet)[0m     self.serve_http()
[2m[33m(raylet)[0m   File "/home/hice1/acheng324/scratch/conda_envs/soccertwos/lib/python3.8/site-packages/ray/_private/prometheus_exporter.py", line 320, in serve_http
[2m[33m(raylet)[0m     start_http_server(
[2m[33m(raylet)[0m   File "/home/hice1/acheng324/scratch/conda_envs/soccertwos/lib/python3.8/site-packages/prometheus_client/exposition.py", line 231, in start_wsgi_server
[2m[33m(raylet)[0m     TmpServer.address_family, addr = _get_best_family(addr, port)
[2m[33m(raylet)[0m   File "/home/hice1/acheng324/scratch/conda_envs/soccertwos/lib/python3.8/site-packages/prometheus_client/exposition.py", line 169, in _get_best_family
[2m[33m(raylet)[0m     infos = socket.getaddrinfo(address, port, type=socket.SOCK_STREAM, flags=socket.AI_PASSIVE)
[2m[33m(raylet)[0m   File "/home/hice1/acheng324/scratch/conda_envs/soccertwos/lib/python3.8/socket.py", line 930, in getaddrinfo
[2m[33m(raylet)[0m     for res in _socket.getaddrinfo(host, port, family, type, proto, flags):
[2m[33m(raylet)[0m socket.gaierror: [Errno -2] Name or service not known
[2m[33m(raylet)[0m /home/hice1/acheng324/scratch/conda_envs/soccertwos/lib/python3.8/site-packages/ray/autoscaler/_private/cli_logger.py:57: FutureWarning: Not all Ray CLI dependencies were found. In Ray 1.4+, the Ray CLI, autoscaler, and dashboard will only be usable via `pip install 'ray[default]'`. Please update your install command.
[2m[33m(raylet)[0m   warnings.warn(
2026-03-30 14:43:19,175	WARNING worker.py:1114 -- The agent on node atl1-1-02-010-1-1.pace.gatech.edu failed with the following error:
Traceback (most recent call last):
  File "/home/hice1/acheng324/scratch/conda_envs/soccertwos/lib/python3.8/site-packages/ray/new_dashboard/agent.py", line 326, in <module>
    loop.run_until_complete(agent.run())
  File "/home/hice1/acheng324/scratch/conda_envs/soccertwos/lib/python3.8/asyncio/base_events.py", line 616, in run_until_complete
    return future.result()
  File "/home/hice1/acheng324/scratch/conda_envs/soccertwos/lib/python3.8/site-packages/ray/new_dashboard/agent.py", line 138, in run
    modules = self._load_modules()
  File "/home/hice1/acheng324/scratch/conda_envs/soccertwos/lib/python3.8/site-packages/ray/new_dashboard/agent.py", line 92, in _load_modules
    c = cls(self)
  File "/home/hice1/acheng324/scratch/conda_envs/soccertwos/lib/python3.8/site-packages/ray/new_dashboard/modules/reporter/reporter_agent.py", line 148, in __init__
    self._metrics_agent = MetricsAgent(dashboard_agent.metrics_export_port)
  File "/home/hice1/acheng324/scratch/conda_envs/soccertwos/lib/python3.8/site-packages/ray/_private/metrics_agent.py", line 75, in __init__
    prometheus_exporter.new_stats_exporter(
  File "/home/hice1/acheng324/scratch/conda_envs/soccertwos/lib/python3.8/site-packages/ray/_private/prometheus_exporter.py", line 333, in new_stats_exporter
    exporter = PrometheusStatsExporter(
  File "/home/hice1/acheng324/scratch/conda_envs/soccertwos/lib/python3.8/site-packages/ray/_private/prometheus_exporter.py", line 266, in __init__
    self.serve_http()
  File "/home/hice1/acheng324/scratch/conda_envs/soccertwos/lib/python3.8/site-packages/ray/_private/prometheus_exporter.py", line 320, in serve_http
    start_http_server(
  File "/home/hice1/acheng324/scratch/conda_envs/soccertwos/lib/python3.8/site-packages/prometheus_client/exposition.py", line 231, in start_wsgi_server
    TmpServer.address_family, addr = _get_best_family(addr, port)
  File "/home/hice1/acheng324/scratch/conda_envs/soccertwos/lib/python3.8/site-packages/prometheus_client/exposition.py", line 169, in _get_best_family
    infos = socket.getaddrinfo(address, port, type=socket.SOCK_STREAM, flags=socket.AI_PASSIVE)
  File "/home/hice1/acheng324/scratch/conda_envs/soccertwos/lib/python3.8/socket.py", line 930, in getaddrinfo
    for res in _socket.getaddrinfo(host, port, family, type, proto, flags):
socket.gaierror: [Errno -2] Name or service not known

[2m[33m(raylet)[0m Traceback (most recent call last):
[2m[33m(raylet)[0m   File "/home/hice1/acheng324/scratch/conda_envs/soccertwos/lib/python3.8/site-packages/ray/new_dashboard/agent.py", line 338, in <module>
[2m[33m(raylet)[0m     raise e
[2m[33m(raylet)[0m   File "/home/hice1/acheng324/scratch/conda_envs/soccertwos/lib/python3.8/site-packages/ray/new_dashboard/agent.py", line 326, in <module>
[2m[33m(raylet)[0m     loop.run_until_complete(agent.run())
[2m[33m(raylet)[0m   File "/home/hice1/acheng324/scratch/conda_envs/soccertwos/lib/python3.8/asyncio/base_events.py", line 616, in run_until_complete
[2m[33m(raylet)[0m     return future.result()
[2m[33m(raylet)[0m   File "/home/hice1/acheng324/scratch/conda_envs/soccertwos/lib/python3.8/site-packages/ray/new_dashboard/agent.py", line 138, in run
[2m[33m(raylet)[0m     modules = self._load_modules()
[2m[33m(raylet)[0m   File "/home/hice1/acheng324/scratch/conda_envs/soccertwos/lib/python3.8/site-packages/ray/new_dashboard/agent.py", line 92, in _load_modules
[2m[33m(raylet)[0m     c = cls(self)
[2m[33m(raylet)[0m   File "/home/hice1/acheng324/scratch/conda_envs/soccertwos/lib/python3.8/site-packages/ray/new_dashboard/modules/reporter/reporter_agent.py", line 148, in __init__
[2m[33m(raylet)[0m     self._metrics_agent = MetricsAgent(dashboard_agent.metrics_export_port)
[2m[33m(raylet)[0m   File "/home/hice1/acheng324/scratch/conda_envs/soccertwos/lib/python3.8/site-packages/ray/_private/metrics_agent.py", line 75, in __init__
[2m[33m(raylet)[0m     prometheus_exporter.new_stats_exporter(
[2m[33m(raylet)[0m   File "/home/hice1/acheng324/scratch/conda_envs/soccertwos/lib/python3.8/site-packages/ray/_private/prometheus_exporter.py", line 333, in new_stats_exporter
[2m[33m(raylet)[0m     exporter = PrometheusStatsExporter(
[2m[33m(raylet)[0m   File "/home/hice1/acheng324/scratch/conda_envs/soccertwos/lib/python3.8/site-packages/ray/_private/prometheus_exporter.py", line 266, in __init__
[2m[33m(raylet)[0m     self.serve_http()
[2m[33m(raylet)[0m   File "/home/hice1/acheng324/scratch/conda_envs/soccertwos/lib/python3.8/site-packages/ray/_private/prometheus_exporter.py", line 320, in serve_http
[2m[33m(raylet)[0m     start_http_server(
[2m[33m(raylet)[0m   File "/home/hice1/acheng324/scratch/conda_envs/soccertwos/lib/python3.8/site-packages/prometheus_client/exposition.py", line 231, in start_wsgi_server
[2m[33m(raylet)[0m     TmpServer.address_family, addr = _get_best_family(addr, port)
[2m[33m(raylet)[0m   File "/home/hice1/acheng324/scratch/conda_envs/soccertwos/lib/python3.8/site-packages/prometheus_client/exposition.py", line 169, in _get_best_family
[2m[33m(raylet)[0m     infos = socket.getaddrinfo(address, port, type=socket.SOCK_STREAM, flags=socket.AI_PASSIVE)
[2m[33m(raylet)[0m   File "/home/hice1/acheng324/scratch/conda_envs/soccertwos/lib/python3.8/socket.py", line 930, in getaddrinfo
[2m[33m(raylet)[0m     for res in _socket.getaddrinfo(host, port, family, type, proto, flags):
[2m[33m(raylet)[0m socket.gaierror: [Errno -2] Name or service not known
[2m[33m(raylet)[0m /home/hice1/acheng324/scratch/conda_envs/soccertwos/lib/python3.8/site-packages/ray/autoscaler/_private/cli_logger.py:57: FutureWarning: Not all Ray CLI dependencies were found. In Ray 1.4+, the Ray CLI, autoscaler, and dashboard will only be usable via `pip install 'ray[default]'`. Please update your install command.
[2m[33m(raylet)[0m   warnings.warn(
2026-03-30 14:43:21,981	WARNING worker.py:1114 -- The agent on node atl1-1-02-010-1-1.pace.gatech.edu failed with the following error:
Traceback (most recent call last):
  File "/home/hice1/acheng324/scratch/conda_envs/soccertwos/lib/python3.8/site-packages/ray/new_dashboard/agent.py", line 326, in <module>
    loop.run_until_complete(agent.run())
  File "/home/hice1/acheng324/scratch/conda_envs/soccertwos/lib/python3.8/asyncio/base_events.py", line 616, in run_until_complete
    return future.result()
  File "/home/hice1/acheng324/scratch/conda_envs/soccertwos/lib/python3.8/site-packages/ray/new_dashboard/agent.py", line 138, in run
    modules = self._load_modules()
  File "/home/hice1/acheng324/scratch/conda_envs/soccertwos/lib/python3.8/site-packages/ray/new_dashboard/agent.py", line 92, in _load_modules
    c = cls(self)
  File "/home/hice1/acheng324/scratch/conda_envs/soccertwos/lib/python3.8/site-packages/ray/new_dashboard/modules/reporter/reporter_agent.py", line 148, in __init__
    self._metrics_agent = MetricsAgent(dashboard_agent.metrics_export_port)
  File "/home/hice1/acheng324/scratch/conda_envs/soccertwos/lib/python3.8/site-packages/ray/_private/metrics_agent.py", line 75, in __init__
    prometheus_exporter.new_stats_exporter(
  File "/home/hice1/acheng324/scratch/conda_envs/soccertwos/lib/python3.8/site-packages/ray/_private/prometheus_exporter.py", line 333, in new_stats_exporter
    exporter = PrometheusStatsExporter(
  File "/home/hice1/acheng324/scratch/conda_envs/soccertwos/lib/python3.8/site-packages/ray/_private/prometheus_exporter.py", line 266, in __init__
    self.serve_http()
  File "/home/hice1/acheng324/scratch/conda_envs/soccertwos/lib/python3.8/site-packages/ray/_private/prometheus_exporter.py", line 320, in serve_http
    start_http_server(
  File "/home/hice1/acheng324/scratch/conda_envs/soccertwos/lib/python3.8/site-packages/prometheus_client/exposition.py", line 231, in start_wsgi_server
    TmpServer.address_family, addr = _get_best_family(addr, port)
  File "/home/hice1/acheng324/scratch/conda_envs/soccertwos/lib/python3.8/site-packages/prometheus_client/exposition.py", line 169, in _get_best_family
    infos = socket.getaddrinfo(address, port, type=socket.SOCK_STREAM, flags=socket.AI_PASSIVE)
  File "/home/hice1/acheng324/scratch/conda_envs/soccertwos/lib/python3.8/socket.py", line 930, in getaddrinfo
    for res in _socket.getaddrinfo(host, port, family, type, proto, flags):
socket.gaierror: [Errno -2] Name or service not known

[2m[33m(raylet)[0m Traceback (most recent call last):
[2m[33m(raylet)[0m   File "/home/hice1/acheng324/scratch/conda_envs/soccertwos/lib/python3.8/site-packages/ray/new_dashboard/agent.py", line 338, in <module>
[2m[33m(raylet)[0m     raise e
[2m[33m(raylet)[0m   File "/home/hice1/acheng324/scratch/conda_envs/soccertwos/lib/python3.8/site-packages/ray/new_dashboard/agent.py", line 326, in <module>
[2m[33m(raylet)[0m     loop.run_until_complete(agent.run())
[2m[33m(raylet)[0m   File "/home/hice1/acheng324/scratch/conda_envs/soccertwos/lib/python3.8/asyncio/base_events.py", line 616, in run_until_complete
[2m[33m(raylet)[0m     return future.result()
[2m[33m(raylet)[0m   File "/home/hice1/acheng324/scratch/conda_envs/soccertwos/lib/python3.8/site-packages/ray/new_dashboard/agent.py", line 138, in run
[2m[33m(raylet)[0m     modules = self._load_modules()
[2m[33m(raylet)[0m   File "/home/hice1/acheng324/scratch/conda_envs/soccertwos/lib/python3.8/site-packages/ray/new_dashboard/agent.py", line 92, in _load_modules
[2m[33m(raylet)[0m     c = cls(self)
[2m[33m(raylet)[0m   File "/home/hice1/acheng324/scratch/conda_envs/soccertwos/lib/python3.8/site-packages/ray/new_dashboard/modules/reporter/reporter_agent.py", line 148, in __init__
[2m[33m(raylet)[0m     self._metrics_agent = MetricsAgent(dashboard_agent.metrics_export_port)
[2m[33m(raylet)[0m   File "/home/hice1/acheng324/scratch/conda_envs/soccertwos/lib/python3.8/site-packages/ray/_private/metrics_agent.py", line 75, in __init__
[2m[33m(raylet)[0m     prometheus_exporter.new_stats_exporter(
[2m[33m(raylet)[0m   File "/home/hice1/acheng324/scratch/conda_envs/soccertwos/lib/python3.8/site-packages/ray/_private/prometheus_exporter.py", line 333, in new_stats_exporter
[2m[33m(raylet)[0m     exporter = PrometheusStatsExporter(
[2m[33m(raylet)[0m   File "/home/hice1/acheng324/scratch/conda_envs/soccertwos/lib/python3.8/site-packages/ray/_private/prometheus_exporter.py", line 266, in __init__
[2m[33m(raylet)[0m     self.serve_http()
[2m[33m(raylet)[0m   File "/home/hice1/acheng324/scratch/conda_envs/soccertwos/lib/python3.8/site-packages/ray/_private/prometheus_exporter.py", line 320, in serve_http
[2m[33m(raylet)[0m     start_http_server(
[2m[33m(raylet)[0m   File "/home/hice1/acheng324/scratch/conda_envs/soccertwos/lib/python3.8/site-packages/prometheus_client/exposition.py", line 231, in start_wsgi_server
[2m[33m(raylet)[0m     TmpServer.address_family, addr = _get_best_family(addr, port)
[2m[33m(raylet)[0m   File "/home/hice1/acheng324/scratch/conda_envs/soccertwos/lib/python3.8/site-packages/prometheus_client/exposition.py", line 169, in _get_best_family
[2m[33m(raylet)[0m     infos = socket.getaddrinfo(address, port, type=socket.SOCK_STREAM, flags=socket.AI_PASSIVE)
[2m[33m(raylet)[0m   File "/home/hice1/acheng324/scratch/conda_envs/soccertwos/lib/python3.8/socket.py", line 930, in getaddrinfo
[2m[33m(raylet)[0m     for res in _socket.getaddrinfo(host, port, family, type, proto, flags):
[2m[33m(raylet)[0m socket.gaierror: [Errno -2] Name or service not known
[2m[33m(raylet)[0m /home/hice1/acheng324/scratch/conda_envs/soccertwos/lib/python3.8/site-packages/ray/autoscaler/_private/cli_logger.py:57: FutureWarning: Not all Ray CLI dependencies were found. In Ray 1.4+, the Ray CLI, autoscaler, and dashboard will only be usable via `pip install 'ray[default]'`. Please update your install command.
[2m[33m(raylet)[0m   warnings.warn(
2026-03-30 14:43:24,783	WARNING worker.py:1114 -- The agent on node atl1-1-02-010-1-1.pace.gatech.edu failed with the following error:
Traceback (most recent call last):
  File "/home/hice1/acheng324/scratch/conda_envs/soccertwos/lib/python3.8/site-packages/ray/new_dashboard/agent.py", line 326, in <module>
    loop.run_until_complete(agent.run())
  File "/home/hice1/acheng324/scratch/conda_envs/soccertwos/lib/python3.8/asyncio/base_events.py", line 616, in run_until_complete
    return future.result()
  File "/home/hice1/acheng324/scratch/conda_envs/soccertwos/lib/python3.8/site-packages/ray/new_dashboard/agent.py", line 138, in run
    modules = self._load_modules()
  File "/home/hice1/acheng324/scratch/conda_envs/soccertwos/lib/python3.8/site-packages/ray/new_dashboard/agent.py", line 92, in _load_modules
    c = cls(self)
  File "/home/hice1/acheng324/scratch/conda_envs/soccertwos/lib/python3.8/site-packages/ray/new_dashboard/modules/reporter/reporter_agent.py", line 148, in __init__
    self._metrics_agent = MetricsAgent(dashboard_agent.metrics_export_port)
  File "/home/hice1/acheng324/scratch/conda_envs/soccertwos/lib/python3.8/site-packages/ray/_private/metrics_agent.py", line 75, in __init__
    prometheus_exporter.new_stats_exporter(
  File "/home/hice1/acheng324/scratch/conda_envs/soccertwos/lib/python3.8/site-packages/ray/_private/prometheus_exporter.py", line 333, in new_stats_exporter
    exporter = PrometheusStatsExporter(
  File "/home/hice1/acheng324/scratch/conda_envs/soccertwos/lib/python3.8/site-packages/ray/_private/prometheus_exporter.py", line 266, in __init__
    self.serve_http()
  File "/home/hice1/acheng324/scratch/conda_envs/soccertwos/lib/python3.8/site-packages/ray/_private/prometheus_exporter.py", line 320, in serve_http
    start_http_server(
  File "/home/hice1/acheng324/scratch/conda_envs/soccertwos/lib/python3.8/site-packages/prometheus_client/exposition.py", line 231, in start_wsgi_server
    TmpServer.address_family, addr = _get_best_family(addr, port)
  File "/home/hice1/acheng324/scratch/conda_envs/soccertwos/lib/python3.8/site-packages/prometheus_client/exposition.py", line 169, in _get_best_family
    infos = socket.getaddrinfo(address, port, type=socket.SOCK_STREAM, flags=socket.AI_PASSIVE)
  File "/home/hice1/acheng324/scratch/conda_envs/soccertwos/lib/python3.8/socket.py", line 930, in getaddrinfo
    for res in _socket.getaddrinfo(host, port, family, type, proto, flags):
socket.gaierror: [Errno -2] Name or service not known

[2m[33m(raylet)[0m Traceback (most recent call last):
[2m[33m(raylet)[0m   File "/home/hice1/acheng324/scratch/conda_envs/soccertwos/lib/python3.8/site-packages/ray/new_dashboard/agent.py", line 338, in <module>
[2m[33m(raylet)[0m     raise e
[2m[33m(raylet)[0m   File "/home/hice1/acheng324/scratch/conda_envs/soccertwos/lib/python3.8/site-packages/ray/new_dashboard/agent.py", line 326, in <module>
[2m[33m(raylet)[0m     loop.run_until_complete(agent.run())
[2m[33m(raylet)[0m   File "/home/hice1/acheng324/scratch/conda_envs/soccertwos/lib/python3.8/asyncio/base_events.py", line 616, in run_until_complete
[2m[33m(raylet)[0m     return future.result()
[2m[33m(raylet)[0m   File "/home/hice1/acheng324/scratch/conda_envs/soccertwos/lib/python3.8/site-packages/ray/new_dashboard/agent.py", line 138, in run
[2m[33m(raylet)[0m     modules = self._load_modules()
[2m[33m(raylet)[0m   File "/home/hice1/acheng324/scratch/conda_envs/soccertwos/lib/python3.8/site-packages/ray/new_dashboard/agent.py", line 92, in _load_modules
[2m[33m(raylet)[0m     c = cls(self)
[2m[33m(raylet)[0m   File "/home/hice1/acheng324/scratch/conda_envs/soccertwos/lib/python3.8/site-packages/ray/new_dashboard/modules/reporter/reporter_agent.py", line 148, in __init__
[2m[33m(raylet)[0m     self._metrics_agent = MetricsAgent(dashboard_agent.metrics_export_port)
[2m[33m(raylet)[0m   File "/home/hice1/acheng324/scratch/conda_envs/soccertwos/lib/python3.8/site-packages/ray/_private/metrics_agent.py", line 75, in __init__
[2m[33m(raylet)[0m     prometheus_exporter.new_stats_exporter(
[2m[33m(raylet)[0m   File "/home/hice1/acheng324/scratch/conda_envs/soccertwos/lib/python3.8/site-packages/ray/_private/prometheus_exporter.py", line 333, in new_stats_exporter
[2m[33m(raylet)[0m     exporter = PrometheusStatsExporter(
[2m[33m(raylet)[0m   File "/home/hice1/acheng324/scratch/conda_envs/soccertwos/lib/python3.8/site-packages/ray/_private/prometheus_exporter.py", line 266, in __init__
[2m[33m(raylet)[0m     self.serve_http()
[2m[33m(raylet)[0m   File "/home/hice1/acheng324/scratch/conda_envs/soccertwos/lib/python3.8/site-packages/ray/_private/prometheus_exporter.py", line 320, in serve_http
[2m[33m(raylet)[0m     start_http_server(
[2m[33m(raylet)[0m   File "/home/hice1/acheng324/scratch/conda_envs/soccertwos/lib/python3.8/site-packages/prometheus_client/exposition.py", line 231, in start_wsgi_server
[2m[33m(raylet)[0m     TmpServer.address_family, addr = _get_best_family(addr, port)
[2m[33m(raylet)[0m   File "/home/hice1/acheng324/scratch/conda_envs/soccertwos/lib/python3.8/site-packages/prometheus_client/exposition.py", line 169, in _get_best_family
[2m[33m(raylet)[0m     infos = socket.getaddrinfo(address, port, type=socket.SOCK_STREAM, flags=socket.AI_PASSIVE)
[2m[33m(raylet)[0m   File "/home/hice1/acheng324/scratch/conda_envs/soccertwos/lib/python3.8/socket.py", line 930, in getaddrinfo
[2m[33m(raylet)[0m     for res in _socket.getaddrinfo(host, port, family, type, proto, flags):
[2m[33m(raylet)[0m socket.gaierror: [Errno -2] Name or service not known
[2m[33m(raylet)[0m /home/hice1/acheng324/scratch/conda_envs/soccertwos/lib/python3.8/site-packages/ray/autoscaler/_private/cli_logger.py:57: FutureWarning: Not all Ray CLI dependencies were found. In Ray 1.4+, the Ray CLI, autoscaler, and dashboard will only be usable via `pip install 'ray[default]'`. Please update your install command.
[2m[33m(raylet)[0m   warnings.warn(
2026-03-30 14:43:27,599	WARNING worker.py:1114 -- The agent on node atl1-1-02-010-1-1.pace.gatech.edu failed with the following error:
Traceback (most recent call last):
  File "/home/hice1/acheng324/scratch/conda_envs/soccertwos/lib/python3.8/site-packages/ray/new_dashboard/agent.py", line 326, in <module>
    loop.run_until_complete(agent.run())
  File "/home/hice1/acheng324/scratch/conda_envs/soccertwos/lib/python3.8/asyncio/base_events.py", line 616, in run_until_complete
    return future.result()
  File "/home/hice1/acheng324/scratch/conda_envs/soccertwos/lib/python3.8/site-packages/ray/new_dashboard/agent.py", line 138, in run
    modules = self._load_modules()
  File "/home/hice1/acheng324/scratch/conda_envs/soccertwos/lib/python3.8/site-packages/ray/new_dashboard/agent.py", line 92, in _load_modules
    c = cls(self)
  File "/home/hice1/acheng324/scratch/conda_envs/soccertwos/lib/python3.8/site-packages/ray/new_dashboard/modules/reporter/reporter_agent.py", line 148, in __init__
    self._metrics_agent = MetricsAgent(dashboard_agent.metrics_export_port)
  File "/home/hice1/acheng324/scratch/conda_envs/soccertwos/lib/python3.8/site-packages/ray/_private/metrics_agent.py", line 75, in __init__
    prometheus_exporter.new_stats_exporter(
  File "/home/hice1/acheng324/scratch/conda_envs/soccertwos/lib/python3.8/site-packages/ray/_private/prometheus_exporter.py", line 333, in new_stats_exporter
    exporter = PrometheusStatsExporter(
  File "/home/hice1/acheng324/scratch/conda_envs/soccertwos/lib/python3.8/site-packages/ray/_private/prometheus_exporter.py", line 266, in __init__
    self.serve_http()
  File "/home/hice1/acheng324/scratch/conda_envs/soccertwos/lib/python3.8/site-packages/ray/_private/prometheus_exporter.py", line 320, in serve_http
    start_http_server(
  File "/home/hice1/acheng324/scratch/conda_envs/soccertwos/lib/python3.8/site-packages/prometheus_client/exposition.py", line 231, in start_wsgi_server
    TmpServer.address_family, addr = _get_best_family(addr, port)
  File "/home/hice1/acheng324/scratch/conda_envs/soccertwos/lib/python3.8/site-packages/prometheus_client/exposition.py", line 169, in _get_best_family
    infos = socket.getaddrinfo(address, port, type=socket.SOCK_STREAM, flags=socket.AI_PASSIVE)
  File "/home/hice1/acheng324/scratch/conda_envs/soccertwos/lib/python3.8/socket.py", line 930, in getaddrinfo
    for res in _socket.getaddrinfo(host, port, family, type, proto, flags):
socket.gaierror: [Errno -2] Name or service not known

[2m[33m(raylet)[0m Traceback (most recent call last):
[2m[33m(raylet)[0m   File "/home/hice1/acheng324/scratch/conda_envs/soccertwos/lib/python3.8/site-packages/ray/new_dashboard/agent.py", line 338, in <module>
[2m[33m(raylet)[0m     raise e
[2m[33m(raylet)[0m   File "/home/hice1/acheng324/scratch/conda_envs/soccertwos/lib/python3.8/site-packages/ray/new_dashboard/agent.py", line 326, in <module>
[2m[33m(raylet)[0m     loop.run_until_complete(agent.run())
[2m[33m(raylet)[0m   File "/home/hice1/acheng324/scratch/conda_envs/soccertwos/lib/python3.8/asyncio/base_events.py", line 616, in run_until_complete
[2m[33m(raylet)[0m     return future.result()
[2m[33m(raylet)[0m   File "/home/hice1/acheng324/scratch/conda_envs/soccertwos/lib/python3.8/site-packages/ray/new_dashboard/agent.py", line 138, in run
[2m[33m(raylet)[0m     modules = self._load_modules()
[2m[33m(raylet)[0m   File "/home/hice1/acheng324/scratch/conda_envs/soccertwos/lib/python3.8/site-packages/ray/new_dashboard/agent.py", line 92, in _load_modules
[2m[33m(raylet)[0m     c = cls(self)
[2m[33m(raylet)[0m   File "/home/hice1/acheng324/scratch/conda_envs/soccertwos/lib/python3.8/site-packages/ray/new_dashboard/modules/reporter/reporter_agent.py", line 148, in __init__
[2m[33m(raylet)[0m     self._metrics_agent = MetricsAgent(dashboard_agent.metrics_export_port)
[2m[33m(raylet)[0m   File "/home/hice1/acheng324/scratch/conda_envs/soccertwos/lib/python3.8/site-packages/ray/_private/metrics_agent.py", line 75, in __init__
[2m[33m(raylet)[0m     prometheus_exporter.new_stats_exporter(
[2m[33m(raylet)[0m   File "/home/hice1/acheng324/scratch/conda_envs/soccertwos/lib/python3.8/site-packages/ray/_private/prometheus_exporter.py", line 333, in new_stats_exporter
[2m[33m(raylet)[0m     exporter = PrometheusStatsExporter(
[2m[33m(raylet)[0m   File "/home/hice1/acheng324/scratch/conda_envs/soccertwos/lib/python3.8/site-packages/ray/_private/prometheus_exporter.py", line 266, in __init__
[2m[33m(raylet)[0m     self.serve_http()
[2m[33m(raylet)[0m   File "/home/hice1/acheng324/scratch/conda_envs/soccertwos/lib/python3.8/site-packages/ray/_private/prometheus_exporter.py", line 320, in serve_http
[2m[33m(raylet)[0m     start_http_server(
[2m[33m(raylet)[0m   File "/home/hice1/acheng324/scratch/conda_envs/soccertwos/lib/python3.8/site-packages/prometheus_client/exposition.py", line 231, in start_wsgi_server
[2m[33m(raylet)[0m     TmpServer.address_family, addr = _get_best_family(addr, port)
[2m[33m(raylet)[0m   File "/home/hice1/acheng324/scratch/conda_envs/soccertwos/lib/python3.8/site-packages/prometheus_client/exposition.py", line 169, in _get_best_family
[2m[33m(raylet)[0m     infos = socket.getaddrinfo(address, port, type=socket.SOCK_STREAM, flags=socket.AI_PASSIVE)
[2m[33m(raylet)[0m   File "/home/hice1/acheng324/scratch/conda_envs/soccertwos/lib/python3.8/socket.py", line 930, in getaddrinfo
[2m[33m(raylet)[0m     for res in _socket.getaddrinfo(host, port, family, type, proto, flags):
[2m[33m(raylet)[0m socket.gaierror: [Errno -2] Name or service not known
[2m[33m(raylet)[0m /home/hice1/acheng324/scratch/conda_envs/soccertwos/lib/python3.8/site-packages/ray/autoscaler/_private/cli_logger.py:57: FutureWarning: Not all Ray CLI dependencies were found. In Ray 1.4+, the Ray CLI, autoscaler, and dashboard will only be usable via `pip install 'ray[default]'`. Please update your install command.
[2m[33m(raylet)[0m   warnings.warn(
2026-03-30 14:43:30,421	WARNING worker.py:1114 -- The agent on node atl1-1-02-010-1-1.pace.gatech.edu failed with the following error:
Traceback (most recent call last):
  File "/home/hice1/acheng324/scratch/conda_envs/soccertwos/lib/python3.8/site-packages/ray/new_dashboard/agent.py", line 326, in <module>
    loop.run_until_complete(agent.run())
  File "/home/hice1/acheng324/scratch/conda_envs/soccertwos/lib/python3.8/asyncio/base_events.py", line 616, in run_until_complete
    return future.result()
  File "/home/hice1/acheng324/scratch/conda_envs/soccertwos/lib/python3.8/site-packages/ray/new_dashboard/agent.py", line 138, in run
    modules = self._load_modules()
  File "/home/hice1/acheng324/scratch/conda_envs/soccertwos/lib/python3.8/site-packages/ray/new_dashboard/agent.py", line 92, in _load_modules
    c = cls(self)
  File "/home/hice1/acheng324/scratch/conda_envs/soccertwos/lib/python3.8/site-packages/ray/new_dashboard/modules/reporter/reporter_agent.py", line 148, in __init__
    self._metrics_agent = MetricsAgent(dashboard_agent.metrics_export_port)
  File "/home/hice1/acheng324/scratch/conda_envs/soccertwos/lib/python3.8/site-packages/ray/_private/metrics_agent.py", line 75, in __init__
    prometheus_exporter.new_stats_exporter(
  File "/home/hice1/acheng324/scratch/conda_envs/soccertwos/lib/python3.8/site-packages/ray/_private/prometheus_exporter.py", line 333, in new_stats_exporter
    exporter = PrometheusStatsExporter(
  File "/home/hice1/acheng324/scratch/conda_envs/soccertwos/lib/python3.8/site-packages/ray/_private/prometheus_exporter.py", line 266, in __init__
    self.serve_http()
  File "/home/hice1/acheng324/scratch/conda_envs/soccertwos/lib/python3.8/site-packages/ray/_private/prometheus_exporter.py", line 320, in serve_http
    start_http_server(
  File "/home/hice1/acheng324/scratch/conda_envs/soccertwos/lib/python3.8/site-packages/prometheus_client/exposition.py", line 231, in start_wsgi_server
    TmpServer.address_family, addr = _get_best_family(addr, port)
  File "/home/hice1/acheng324/scratch/conda_envs/soccertwos/lib/python3.8/site-packages/prometheus_client/exposition.py", line 169, in _get_best_family
    infos = socket.getaddrinfo(address, port, type=socket.SOCK_STREAM, flags=socket.AI_PASSIVE)
  File "/home/hice1/acheng324/scratch/conda_envs/soccertwos/lib/python3.8/socket.py", line 930, in getaddrinfo
    for res in _socket.getaddrinfo(host, port, family, type, proto, flags):
socket.gaierror: [Errno -2] Name or service not known

[2m[33m(raylet)[0m Traceback (most recent call last):
[2m[33m(raylet)[0m   File "/home/hice1/acheng324/scratch/conda_envs/soccertwos/lib/python3.8/site-packages/ray/new_dashboard/agent.py", line 338, in <module>
[2m[33m(raylet)[0m     raise e
[2m[33m(raylet)[0m   File "/home/hice1/acheng324/scratch/conda_envs/soccertwos/lib/python3.8/site-packages/ray/new_dashboard/agent.py", line 326, in <module>
[2m[33m(raylet)[0m     loop.run_until_complete(agent.run())
[2m[33m(raylet)[0m   File "/home/hice1/acheng324/scratch/conda_envs/soccertwos/lib/python3.8/asyncio/base_events.py", line 616, in run_until_complete
[2m[33m(raylet)[0m     return future.result()
[2m[33m(raylet)[0m   File "/home/hice1/acheng324/scratch/conda_envs/soccertwos/lib/python3.8/site-packages/ray/new_dashboard/agent.py", line 138, in run
[2m[33m(raylet)[0m     modules = self._load_modules()
[2m[33m(raylet)[0m   File "/home/hice1/acheng324/scratch/conda_envs/soccertwos/lib/python3.8/site-packages/ray/new_dashboard/agent.py", line 92, in _load_modules
[2m[33m(raylet)[0m     c = cls(self)
[2m[33m(raylet)[0m   File "/home/hice1/acheng324/scratch/conda_envs/soccertwos/lib/python3.8/site-packages/ray/new_dashboard/modules/reporter/reporter_agent.py", line 148, in __init__
[2m[33m(raylet)[0m     self._metrics_agent = MetricsAgent(dashboard_agent.metrics_export_port)
[2m[33m(raylet)[0m   File "/home/hice1/acheng324/scratch/conda_envs/soccertwos/lib/python3.8/site-packages/ray/_private/metrics_agent.py", line 75, in __init__
[2m[33m(raylet)[0m     prometheus_exporter.new_stats_exporter(
[2m[33m(raylet)[0m   File "/home/hice1/acheng324/scratch/conda_envs/soccertwos/lib/python3.8/site-packages/ray/_private/prometheus_exporter.py", line 333, in new_stats_exporter
[2m[33m(raylet)[0m     exporter = PrometheusStatsExporter(
[2m[33m(raylet)[0m   File "/home/hice1/acheng324/scratch/conda_envs/soccertwos/lib/python3.8/site-packages/ray/_private/prometheus_exporter.py", line 266, in __init__
[2m[33m(raylet)[0m     self.serve_http()
[2m[33m(raylet)[0m   File "/home/hice1/acheng324/scratch/conda_envs/soccertwos/lib/python3.8/site-packages/ray/_private/prometheus_exporter.py", line 320, in serve_http
[2m[33m(raylet)[0m     start_http_server(
[2m[33m(raylet)[0m   File "/home/hice1/acheng324/scratch/conda_envs/soccertwos/lib/python3.8/site-packages/prometheus_client/exposition.py", line 231, in start_wsgi_server
[2m[33m(raylet)[0m     TmpServer.address_family, addr = _get_best_family(addr, port)
[2m[33m(raylet)[0m   File "/home/hice1/acheng324/scratch/conda_envs/soccertwos/lib/python3.8/site-packages/prometheus_client/exposition.py", line 169, in _get_best_family
[2m[33m(raylet)[0m     infos = socket.getaddrinfo(address, port, type=socket.SOCK_STREAM, flags=socket.AI_PASSIVE)
[2m[33m(raylet)[0m   File "/home/hice1/acheng324/scratch/conda_envs/soccertwos/lib/python3.8/socket.py", line 930, in getaddrinfo
[2m[33m(raylet)[0m     for res in _socket.getaddrinfo(host, port, family, type, proto, flags):
[2m[33m(raylet)[0m socket.gaierror: [Errno -2] Name or service not known
[2m[33m(raylet)[0m /home/hice1/acheng324/scratch/conda_envs/soccertwos/lib/python3.8/site-packages/ray/autoscaler/_private/cli_logger.py:57: FutureWarning: Not all Ray CLI dependencies were found. In Ray 1.4+, the Ray CLI, autoscaler, and dashboard will only be usable via `pip install 'ray[default]'`. Please update your install command.
[2m[33m(raylet)[0m   warnings.warn(
2026-03-30 14:43:33,230	WARNING worker.py:1114 -- The agent on node atl1-1-02-010-1-1.pace.gatech.edu failed with the following error:
Traceback (most recent call last):
  File "/home/hice1/acheng324/scratch/conda_envs/soccertwos/lib/python3.8/site-packages/ray/new_dashboard/agent.py", line 326, in <module>
    loop.run_until_complete(agent.run())
  File "/home/hice1/acheng324/scratch/conda_envs/soccertwos/lib/python3.8/asyncio/base_events.py", line 616, in run_until_complete
    return future.result()
  File "/home/hice1/acheng324/scratch/conda_envs/soccertwos/lib/python3.8/site-packages/ray/new_dashboard/agent.py", line 138, in run
    modules = self._load_modules()
  File "/home/hice1/acheng324/scratch/conda_envs/soccertwos/lib/python3.8/site-packages/ray/new_dashboard/agent.py", line 92, in _load_modules
    c = cls(self)
  File "/home/hice1/acheng324/scratch/conda_envs/soccertwos/lib/python3.8/site-packages/ray/new_dashboard/modules/reporter/reporter_agent.py", line 148, in __init__
    self._metrics_agent = MetricsAgent(dashboard_agent.metrics_export_port)
  File "/home/hice1/acheng324/scratch/conda_envs/soccertwos/lib/python3.8/site-packages/ray/_private/metrics_agent.py", line 75, in __init__
    prometheus_exporter.new_stats_exporter(
  File "/home/hice1/acheng324/scratch/conda_envs/soccertwos/lib/python3.8/site-packages/ray/_private/prometheus_exporter.py", line 333, in new_stats_exporter
    exporter = PrometheusStatsExporter(
  File "/home/hice1/acheng324/scratch/conda_envs/soccertwos/lib/python3.8/site-packages/ray/_private/prometheus_exporter.py", line 266, in __init__
    self.serve_http()
  File "/home/hice1/acheng324/scratch/conda_envs/soccertwos/lib/python3.8/site-packages/ray/_private/prometheus_exporter.py", line 320, in serve_http
    start_http_server(
  File "/home/hice1/acheng324/scratch/conda_envs/soccertwos/lib/python3.8/site-packages/prometheus_client/exposition.py", line 231, in start_wsgi_server
    TmpServer.address_family, addr = _get_best_family(addr, port)
  File "/home/hice1/acheng324/scratch/conda_envs/soccertwos/lib/python3.8/site-packages/prometheus_client/exposition.py", line 169, in _get_best_family
    infos = socket.getaddrinfo(address, port, type=socket.SOCK_STREAM, flags=socket.AI_PASSIVE)
  File "/home/hice1/acheng324/scratch/conda_envs/soccertwos/lib/python3.8/socket.py", line 930, in getaddrinfo
    for res in _socket.getaddrinfo(host, port, family, type, proto, flags):
socket.gaierror: [Errno -2] Name or service not known

[2m[33m(raylet)[0m Traceback (most recent call last):
[2m[33m(raylet)[0m   File "/home/hice1/acheng324/scratch/conda_envs/soccertwos/lib/python3.8/site-packages/ray/new_dashboard/agent.py", line 338, in <module>
[2m[33m(raylet)[0m     raise e
[2m[33m(raylet)[0m   File "/home/hice1/acheng324/scratch/conda_envs/soccertwos/lib/python3.8/site-packages/ray/new_dashboard/agent.py", line 326, in <module>
[2m[33m(raylet)[0m     loop.run_until_complete(agent.run())
[2m[33m(raylet)[0m   File "/home/hice1/acheng324/scratch/conda_envs/soccertwos/lib/python3.8/asyncio/base_events.py", line 616, in run_until_complete
[2m[33m(raylet)[0m     return future.result()
[2m[33m(raylet)[0m   File "/home/hice1/acheng324/scratch/conda_envs/soccertwos/lib/python3.8/site-packages/ray/new_dashboard/agent.py", line 138, in run
[2m[33m(raylet)[0m     modules = self._load_modules()
[2m[33m(raylet)[0m   File "/home/hice1/acheng324/scratch/conda_envs/soccertwos/lib/python3.8/site-packages/ray/new_dashboard/agent.py", line 92, in _load_modules
[2m[33m(raylet)[0m     c = cls(self)
[2m[33m(raylet)[0m   File "/home/hice1/acheng324/scratch/conda_envs/soccertwos/lib/python3.8/site-packages/ray/new_dashboard/modules/reporter/reporter_agent.py", line 148, in __init__
[2m[33m(raylet)[0m     self._metrics_agent = MetricsAgent(dashboard_agent.metrics_export_port)
[2m[33m(raylet)[0m   File "/home/hice1/acheng324/scratch/conda_envs/soccertwos/lib/python3.8/site-packages/ray/_private/metrics_agent.py", line 75, in __init__
[2m[33m(raylet)[0m     prometheus_exporter.new_stats_exporter(
[2m[33m(raylet)[0m   File "/home/hice1/acheng324/scratch/conda_envs/soccertwos/lib/python3.8/site-packages/ray/_private/prometheus_exporter.py", line 333, in new_stats_exporter
[2m[33m(raylet)[0m     exporter = PrometheusStatsExporter(
[2m[33m(raylet)[0m   File "/home/hice1/acheng324/scratch/conda_envs/soccertwos/lib/python3.8/site-packages/ray/_private/prometheus_exporter.py", line 266, in __init__
[2m[33m(raylet)[0m     self.serve_http()
[2m[33m(raylet)[0m   File "/home/hice1/acheng324/scratch/conda_envs/soccertwos/lib/python3.8/site-packages/ray/_private/prometheus_exporter.py", line 320, in serve_http
[2m[33m(raylet)[0m     start_http_server(
[2m[33m(raylet)[0m   File "/home/hice1/acheng324/scratch/conda_envs/soccertwos/lib/python3.8/site-packages/prometheus_client/exposition.py", line 231, in start_wsgi_server
[2m[33m(raylet)[0m     TmpServer.address_family, addr = _get_best_family(addr, port)
[2m[33m(raylet)[0m   File "/home/hice1/acheng324/scratch/conda_envs/soccertwos/lib/python3.8/site-packages/prometheus_client/exposition.py", line 169, in _get_best_family
[2m[33m(raylet)[0m     infos = socket.getaddrinfo(address, port, type=socket.SOCK_STREAM, flags=socket.AI_PASSIVE)
[2m[33m(raylet)[0m   File "/home/hice1/acheng324/scratch/conda_envs/soccertwos/lib/python3.8/socket.py", line 930, in getaddrinfo
[2m[33m(raylet)[0m     for res in _socket.getaddrinfo(host, port, family, type, proto, flags):
[2m[33m(raylet)[0m socket.gaierror: [Errno -2] Name or service not known
[2m[33m(raylet)[0m /home/hice1/acheng324/scratch/conda_envs/soccertwos/lib/python3.8/site-packages/ray/autoscaler/_private/cli_logger.py:57: FutureWarning: Not all Ray CLI dependencies were found. In Ray 1.4+, the Ray CLI, autoscaler, and dashboard will only be usable via `pip install 'ray[default]'`. Please update your install command.
[2m[33m(raylet)[0m   warnings.warn(
2026-03-30 14:43:36,069	WARNING worker.py:1114 -- The agent on node atl1-1-02-010-1-1.pace.gatech.edu failed with the following error:
Traceback (most recent call last):
  File "/home/hice1/acheng324/scratch/conda_envs/soccertwos/lib/python3.8/site-packages/ray/new_dashboard/agent.py", line 326, in <module>
    loop.run_until_complete(agent.run())
  File "/home/hice1/acheng324/scratch/conda_envs/soccertwos/lib/python3.8/asyncio/base_events.py", line 616, in run_until_complete
    return future.result()
  File "/home/hice1/acheng324/scratch/conda_envs/soccertwos/lib/python3.8/site-packages/ray/new_dashboard/agent.py", line 138, in run
    modules = self._load_modules()
  File "/home/hice1/acheng324/scratch/conda_envs/soccertwos/lib/python3.8/site-packages/ray/new_dashboard/agent.py", line 92, in _load_modules
    c = cls(self)
  File "/home/hice1/acheng324/scratch/conda_envs/soccertwos/lib/python3.8/site-packages/ray/new_dashboard/modules/reporter/reporter_agent.py", line 148, in __init__
    self._metrics_agent = MetricsAgent(dashboard_agent.metrics_export_port)
  File "/home/hice1/acheng324/scratch/conda_envs/soccertwos/lib/python3.8/site-packages/ray/_private/metrics_agent.py", line 75, in __init__
    prometheus_exporter.new_stats_exporter(
  File "/home/hice1/acheng324/scratch/conda_envs/soccertwos/lib/python3.8/site-packages/ray/_private/prometheus_exporter.py", line 333, in new_stats_exporter
    exporter = PrometheusStatsExporter(
  File "/home/hice1/acheng324/scratch/conda_envs/soccertwos/lib/python3.8/site-packages/ray/_private/prometheus_exporter.py", line 266, in __init__
    self.serve_http()
  File "/home/hice1/acheng324/scratch/conda_envs/soccertwos/lib/python3.8/site-packages/ray/_private/prometheus_exporter.py", line 320, in serve_http
    start_http_server(
  File "/home/hice1/acheng324/scratch/conda_envs/soccertwos/lib/python3.8/site-packages/prometheus_client/exposition.py", line 231, in start_wsgi_server
    TmpServer.address_family, addr = _get_best_family(addr, port)
  File "/home/hice1/acheng324/scratch/conda_envs/soccertwos/lib/python3.8/site-packages/prometheus_client/exposition.py", line 169, in _get_best_family
    infos = socket.getaddrinfo(address, port, type=socket.SOCK_STREAM, flags=socket.AI_PASSIVE)
  File "/home/hice1/acheng324/scratch/conda_envs/soccertwos/lib/python3.8/socket.py", line 930, in getaddrinfo
    for res in _socket.getaddrinfo(host, port, family, type, proto, flags):
socket.gaierror: [Errno -2] Name or service not known

[2m[33m(raylet)[0m Traceback (most recent call last):
[2m[33m(raylet)[0m   File "/home/hice1/acheng324/scratch/conda_envs/soccertwos/lib/python3.8/site-packages/ray/new_dashboard/agent.py", line 338, in <module>
[2m[33m(raylet)[0m     raise e
[2m[33m(raylet)[0m   File "/home/hice1/acheng324/scratch/conda_envs/soccertwos/lib/python3.8/site-packages/ray/new_dashboard/agent.py", line 326, in <module>
[2m[33m(raylet)[0m     loop.run_until_complete(agent.run())
[2m[33m(raylet)[0m   File "/home/hice1/acheng324/scratch/conda_envs/soccertwos/lib/python3.8/asyncio/base_events.py", line 616, in run_until_complete
[2m[33m(raylet)[0m     return future.result()
[2m[33m(raylet)[0m   File "/home/hice1/acheng324/scratch/conda_envs/soccertwos/lib/python3.8/site-packages/ray/new_dashboard/agent.py", line 138, in run
[2m[33m(raylet)[0m     modules = self._load_modules()
[2m[33m(raylet)[0m   File "/home/hice1/acheng324/scratch/conda_envs/soccertwos/lib/python3.8/site-packages/ray/new_dashboard/agent.py", line 92, in _load_modules
[2m[33m(raylet)[0m     c = cls(self)
[2m[33m(raylet)[0m   File "/home/hice1/acheng324/scratch/conda_envs/soccertwos/lib/python3.8/site-packages/ray/new_dashboard/modules/reporter/reporter_agent.py", line 148, in __init__
[2m[33m(raylet)[0m     self._metrics_agent = MetricsAgent(dashboard_agent.metrics_export_port)
[2m[33m(raylet)[0m   File "/home/hice1/acheng324/scratch/conda_envs/soccertwos/lib/python3.8/site-packages/ray/_private/metrics_agent.py", line 75, in __init__
[2m[33m(raylet)[0m     prometheus_exporter.new_stats_exporter(
[2m[33m(raylet)[0m   File "/home/hice1/acheng324/scratch/conda_envs/soccertwos/lib/python3.8/site-packages/ray/_private/prometheus_exporter.py", line 333, in new_stats_exporter
[2m[33m(raylet)[0m     exporter = PrometheusStatsExporter(
[2m[33m(raylet)[0m   File "/home/hice1/acheng324/scratch/conda_envs/soccertwos/lib/python3.8/site-packages/ray/_private/prometheus_exporter.py", line 266, in __init__
[2m[33m(raylet)[0m     self.serve_http()
[2m[33m(raylet)[0m   File "/home/hice1/acheng324/scratch/conda_envs/soccertwos/lib/python3.8/site-packages/ray/_private/prometheus_exporter.py", line 320, in serve_http
[2m[33m(raylet)[0m     start_http_server(
[2m[33m(raylet)[0m   File "/home/hice1/acheng324/scratch/conda_envs/soccertwos/lib/python3.8/site-packages/prometheus_client/exposition.py", line 231, in start_wsgi_server
[2m[33m(raylet)[0m     TmpServer.address_family, addr = _get_best_family(addr, port)
[2m[33m(raylet)[0m   File "/home/hice1/acheng324/scratch/conda_envs/soccertwos/lib/python3.8/site-packages/prometheus_client/exposition.py", line 169, in _get_best_family
[2m[33m(raylet)[0m     infos = socket.getaddrinfo(address, port, type=socket.SOCK_STREAM, flags=socket.AI_PASSIVE)
[2m[33m(raylet)[0m   File "/home/hice1/acheng324/scratch/conda_envs/soccertwos/lib/python3.8/socket.py", line 930, in getaddrinfo
[2m[33m(raylet)[0m     for res in _socket.getaddrinfo(host, port, family, type, proto, flags):
[2m[33m(raylet)[0m socket.gaierror: [Errno -2] Name or service not known
[2m[33m(raylet)[0m /home/hice1/acheng324/scratch/conda_envs/soccertwos/lib/python3.8/site-packages/ray/autoscaler/_private/cli_logger.py:57: FutureWarning: Not all Ray CLI dependencies were found. In Ray 1.4+, the Ray CLI, autoscaler, and dashboard will only be usable via `pip install 'ray[default]'`. Please update your install command.
[2m[33m(raylet)[0m   warnings.warn(
2026-03-30 14:43:38,884	WARNING worker.py:1114 -- The agent on node atl1-1-02-010-1-1.pace.gatech.edu failed with the following error:
Traceback (most recent call last):
  File "/home/hice1/acheng324/scratch/conda_envs/soccertwos/lib/python3.8/site-packages/ray/new_dashboard/agent.py", line 326, in <module>
    loop.run_until_complete(agent.run())
  File "/home/hice1/acheng324/scratch/conda_envs/soccertwos/lib/python3.8/asyncio/base_events.py", line 616, in run_until_complete
    return future.result()
  File "/home/hice1/acheng324/scratch/conda_envs/soccertwos/lib/python3.8/site-packages/ray/new_dashboard/agent.py", line 138, in run
    modules = self._load_modules()
  File "/home/hice1/acheng324/scratch/conda_envs/soccertwos/lib/python3.8/site-packages/ray/new_dashboard/agent.py", line 92, in _load_modules
    c = cls(self)
  File "/home/hice1/acheng324/scratch/conda_envs/soccertwos/lib/python3.8/site-packages/ray/new_dashboard/modules/reporter/reporter_agent.py", line 148, in __init__
    self._metrics_agent = MetricsAgent(dashboard_agent.metrics_export_port)
  File "/home/hice1/acheng324/scratch/conda_envs/soccertwos/lib/python3.8/site-packages/ray/_private/metrics_agent.py", line 75, in __init__
    prometheus_exporter.new_stats_exporter(
  File "/home/hice1/acheng324/scratch/conda_envs/soccertwos/lib/python3.8/site-packages/ray/_private/prometheus_exporter.py", line 333, in new_stats_exporter
    exporter = PrometheusStatsExporter(
  File "/home/hice1/acheng324/scratch/conda_envs/soccertwos/lib/python3.8/site-packages/ray/_private/prometheus_exporter.py", line 266, in __init__
    self.serve_http()
  File "/home/hice1/acheng324/scratch/conda_envs/soccertwos/lib/python3.8/site-packages/ray/_private/prometheus_exporter.py", line 320, in serve_http
    start_http_server(
  File "/home/hice1/acheng324/scratch/conda_envs/soccertwos/lib/python3.8/site-packages/prometheus_client/exposition.py", line 231, in start_wsgi_server
    TmpServer.address_family, addr = _get_best_family(addr, port)
  File "/home/hice1/acheng324/scratch/conda_envs/soccertwos/lib/python3.8/site-packages/prometheus_client/exposition.py", line 169, in _get_best_family
    infos = socket.getaddrinfo(address, port, type=socket.SOCK_STREAM, flags=socket.AI_PASSIVE)
  File "/home/hice1/acheng324/scratch/conda_envs/soccertwos/lib/python3.8/socket.py", line 930, in getaddrinfo
    for res in _socket.getaddrinfo(host, port, family, type, proto, flags):
socket.gaierror: [Errno -2] Name or service not known

[2m[33m(raylet)[0m Traceback (most recent call last):
[2m[33m(raylet)[0m   File "/home/hice1/acheng324/scratch/conda_envs/soccertwos/lib/python3.8/site-packages/ray/new_dashboard/agent.py", line 338, in <module>
[2m[33m(raylet)[0m     raise e
[2m[33m(raylet)[0m   File "/home/hice1/acheng324/scratch/conda_envs/soccertwos/lib/python3.8/site-packages/ray/new_dashboard/agent.py", line 326, in <module>
[2m[33m(raylet)[0m     loop.run_until_complete(agent.run())
[2m[33m(raylet)[0m   File "/home/hice1/acheng324/scratch/conda_envs/soccertwos/lib/python3.8/asyncio/base_events.py", line 616, in run_until_complete
[2m[33m(raylet)[0m     return future.result()
[2m[33m(raylet)[0m   File "/home/hice1/acheng324/scratch/conda_envs/soccertwos/lib/python3.8/site-packages/ray/new_dashboard/agent.py", line 138, in run
[2m[33m(raylet)[0m     modules = self._load_modules()
[2m[33m(raylet)[0m   File "/home/hice1/acheng324/scratch/conda_envs/soccertwos/lib/python3.8/site-packages/ray/new_dashboard/agent.py", line 92, in _load_modules
[2m[33m(raylet)[0m     c = cls(self)
[2m[33m(raylet)[0m   File "/home/hice1/acheng324/scratch/conda_envs/soccertwos/lib/python3.8/site-packages/ray/new_dashboard/modules/reporter/reporter_agent.py", line 148, in __init__
[2m[33m(raylet)[0m     self._metrics_agent = MetricsAgent(dashboard_agent.metrics_export_port)
[2m[33m(raylet)[0m   File "/home/hice1/acheng324/scratch/conda_envs/soccertwos/lib/python3.8/site-packages/ray/_private/metrics_agent.py", line 75, in __init__
[2m[33m(raylet)[0m     prometheus_exporter.new_stats_exporter(
[2m[33m(raylet)[0m   File "/home/hice1/acheng324/scratch/conda_envs/soccertwos/lib/python3.8/site-packages/ray/_private/prometheus_exporter.py", line 333, in new_stats_exporter
[2m[33m(raylet)[0m     exporter = PrometheusStatsExporter(
[2m[33m(raylet)[0m   File "/home/hice1/acheng324/scratch/conda_envs/soccertwos/lib/python3.8/site-packages/ray/_private/prometheus_exporter.py", line 266, in __init__
[2m[33m(raylet)[0m     self.serve_http()
[2m[33m(raylet)[0m   File "/home/hice1/acheng324/scratch/conda_envs/soccertwos/lib/python3.8/site-packages/ray/_private/prometheus_exporter.py", line 320, in serve_http
[2m[33m(raylet)[0m     start_http_server(
[2m[33m(raylet)[0m   File "/home/hice1/acheng324/scratch/conda_envs/soccertwos/lib/python3.8/site-packages/prometheus_client/exposition.py", line 231, in start_wsgi_server
[2m[33m(raylet)[0m     TmpServer.address_family, addr = _get_best_family(addr, port)
[2m[33m(raylet)[0m   File "/home/hice1/acheng324/scratch/conda_envs/soccertwos/lib/python3.8/site-packages/prometheus_client/exposition.py", line 169, in _get_best_family
[2m[33m(raylet)[0m     infos = socket.getaddrinfo(address, port, type=socket.SOCK_STREAM, flags=socket.AI_PASSIVE)
[2m[33m(raylet)[0m   File "/home/hice1/acheng324/scratch/conda_envs/soccertwos/lib/python3.8/socket.py", line 930, in getaddrinfo
[2m[33m(raylet)[0m     for res in _socket.getaddrinfo(host, port, family, type, proto, flags):
[2m[33m(raylet)[0m socket.gaierror: [Errno -2] Name or service not known
[2m[33m(raylet)[0m /home/hice1/acheng324/scratch/conda_envs/soccertwos/lib/python3.8/site-packages/ray/autoscaler/_private/cli_logger.py:57: FutureWarning: Not all Ray CLI dependencies were found. In Ray 1.4+, the Ray CLI, autoscaler, and dashboard will only be usable via `pip install 'ray[default]'`. Please update your install command.
[2m[33m(raylet)[0m   warnings.warn(
2026-03-30 14:43:41,696	WARNING worker.py:1114 -- The agent on node atl1-1-02-010-1-1.pace.gatech.edu failed with the following error:
Traceback (most recent call last):
  File "/home/hice1/acheng324/scratch/conda_envs/soccertwos/lib/python3.8/site-packages/ray/new_dashboard/agent.py", line 326, in <module>
    loop.run_until_complete(agent.run())
  File "/home/hice1/acheng324/scratch/conda_envs/soccertwos/lib/python3.8/asyncio/base_events.py", line 616, in run_until_complete
    return future.result()
  File "/home/hice1/acheng324/scratch/conda_envs/soccertwos/lib/python3.8/site-packages/ray/new_dashboard/agent.py", line 138, in run
    modules = self._load_modules()
  File "/home/hice1/acheng324/scratch/conda_envs/soccertwos/lib/python3.8/site-packages/ray/new_dashboard/agent.py", line 92, in _load_modules
    c = cls(self)
  File "/home/hice1/acheng324/scratch/conda_envs/soccertwos/lib/python3.8/site-packages/ray/new_dashboard/modules/reporter/reporter_agent.py", line 148, in __init__
    self._metrics_agent = MetricsAgent(dashboard_agent.metrics_export_port)
  File "/home/hice1/acheng324/scratch/conda_envs/soccertwos/lib/python3.8/site-packages/ray/_private/metrics_agent.py", line 75, in __init__
    prometheus_exporter.new_stats_exporter(
  File "/home/hice1/acheng324/scratch/conda_envs/soccertwos/lib/python3.8/site-packages/ray/_private/prometheus_exporter.py", line 333, in new_stats_exporter
    exporter = PrometheusStatsExporter(
  File "/home/hice1/acheng324/scratch/conda_envs/soccertwos/lib/python3.8/site-packages/ray/_private/prometheus_exporter.py", line 266, in __init__
    self.serve_http()
  File "/home/hice1/acheng324/scratch/conda_envs/soccertwos/lib/python3.8/site-packages/ray/_private/prometheus_exporter.py", line 320, in serve_http
    start_http_server(
  File "/home/hice1/acheng324/scratch/conda_envs/soccertwos/lib/python3.8/site-packages/prometheus_client/exposition.py", line 231, in start_wsgi_server
    TmpServer.address_family, addr = _get_best_family(addr, port)
  File "/home/hice1/acheng324/scratch/conda_envs/soccertwos/lib/python3.8/site-packages/prometheus_client/exposition.py", line 169, in _get_best_family
    infos = socket.getaddrinfo(address, port, type=socket.SOCK_STREAM, flags=socket.AI_PASSIVE)
  File "/home/hice1/acheng324/scratch/conda_envs/soccertwos/lib/python3.8/socket.py", line 930, in getaddrinfo
    for res in _socket.getaddrinfo(host, port, family, type, proto, flags):
socket.gaierror: [Errno -2] Name or service not known

[2m[33m(raylet)[0m Traceback (most recent call last):
[2m[33m(raylet)[0m   File "/home/hice1/acheng324/scratch/conda_envs/soccertwos/lib/python3.8/site-packages/ray/new_dashboard/agent.py", line 338, in <module>
[2m[33m(raylet)[0m     raise e
[2m[33m(raylet)[0m   File "/home/hice1/acheng324/scratch/conda_envs/soccertwos/lib/python3.8/site-packages/ray/new_dashboard/agent.py", line 326, in <module>
[2m[33m(raylet)[0m     loop.run_until_complete(agent.run())
[2m[33m(raylet)[0m   File "/home/hice1/acheng324/scratch/conda_envs/soccertwos/lib/python3.8/asyncio/base_events.py", line 616, in run_until_complete
[2m[33m(raylet)[0m     return future.result()
[2m[33m(raylet)[0m   File "/home/hice1/acheng324/scratch/conda_envs/soccertwos/lib/python3.8/site-packages/ray/new_dashboard/agent.py", line 138, in run
[2m[33m(raylet)[0m     modules = self._load_modules()
[2m[33m(raylet)[0m   File "/home/hice1/acheng324/scratch/conda_envs/soccertwos/lib/python3.8/site-packages/ray/new_dashboard/agent.py", line 92, in _load_modules
[2m[33m(raylet)[0m     c = cls(self)
[2m[33m(raylet)[0m   File "/home/hice1/acheng324/scratch/conda_envs/soccertwos/lib/python3.8/site-packages/ray/new_dashboard/modules/reporter/reporter_agent.py", line 148, in __init__
[2m[33m(raylet)[0m     self._metrics_agent = MetricsAgent(dashboard_agent.metrics_export_port)
[2m[33m(raylet)[0m   File "/home/hice1/acheng324/scratch/conda_envs/soccertwos/lib/python3.8/site-packages/ray/_private/metrics_agent.py", line 75, in __init__
[2m[33m(raylet)[0m     prometheus_exporter.new_stats_exporter(
[2m[33m(raylet)[0m   File "/home/hice1/acheng324/scratch/conda_envs/soccertwos/lib/python3.8/site-packages/ray/_private/prometheus_exporter.py", line 333, in new_stats_exporter
[2m[33m(raylet)[0m     exporter = PrometheusStatsExporter(
[2m[33m(raylet)[0m   File "/home/hice1/acheng324/scratch/conda_envs/soccertwos/lib/python3.8/site-packages/ray/_private/prometheus_exporter.py", line 266, in __init__
[2m[33m(raylet)[0m     self.serve_http()
[2m[33m(raylet)[0m   File "/home/hice1/acheng324/scratch/conda_envs/soccertwos/lib/python3.8/site-packages/ray/_private/prometheus_exporter.py", line 320, in serve_http
[2m[33m(raylet)[0m     start_http_server(
[2m[33m(raylet)[0m   File "/home/hice1/acheng324/scratch/conda_envs/soccertwos/lib/python3.8/site-packages/prometheus_client/exposition.py", line 231, in start_wsgi_server
[2m[33m(raylet)[0m     TmpServer.address_family, addr = _get_best_family(addr, port)
[2m[33m(raylet)[0m   File "/home/hice1/acheng324/scratch/conda_envs/soccertwos/lib/python3.8/site-packages/prometheus_client/exposition.py", line 169, in _get_best_family
[2m[33m(raylet)[0m     infos = socket.getaddrinfo(address, port, type=socket.SOCK_STREAM, flags=socket.AI_PASSIVE)
[2m[33m(raylet)[0m   File "/home/hice1/acheng324/scratch/conda_envs/soccertwos/lib/python3.8/socket.py", line 930, in getaddrinfo
[2m[33m(raylet)[0m     for res in _socket.getaddrinfo(host, port, family, type, proto, flags):
[2m[33m(raylet)[0m socket.gaierror: [Errno -2] Name or service not known
[2m[33m(raylet)[0m /home/hice1/acheng324/scratch/conda_envs/soccertwos/lib/python3.8/site-packages/ray/autoscaler/_private/cli_logger.py:57: FutureWarning: Not all Ray CLI dependencies were found. In Ray 1.4+, the Ray CLI, autoscaler, and dashboard will only be usable via `pip install 'ray[default]'`. Please update your install command.
[2m[33m(raylet)[0m   warnings.warn(
2026-03-30 14:43:44,506	WARNING worker.py:1114 -- The agent on node atl1-1-02-010-1-1.pace.gatech.edu failed with the following error:
Traceback (most recent call last):
  File "/home/hice1/acheng324/scratch/conda_envs/soccertwos/lib/python3.8/site-packages/ray/new_dashboard/agent.py", line 326, in <module>
    loop.run_until_complete(agent.run())
  File "/home/hice1/acheng324/scratch/conda_envs/soccertwos/lib/python3.8/asyncio/base_events.py", line 616, in run_until_complete
    return future.result()
  File "/home/hice1/acheng324/scratch/conda_envs/soccertwos/lib/python3.8/site-packages/ray/new_dashboard/agent.py", line 138, in run
    modules = self._load_modules()
  File "/home/hice1/acheng324/scratch/conda_envs/soccertwos/lib/python3.8/site-packages/ray/new_dashboard/agent.py", line 92, in _load_modules
    c = cls(self)
  File "/home/hice1/acheng324/scratch/conda_envs/soccertwos/lib/python3.8/site-packages/ray/new_dashboard/modules/reporter/reporter_agent.py", line 148, in __init__
    self._metrics_agent = MetricsAgent(dashboard_agent.metrics_export_port)
  File "/home/hice1/acheng324/scratch/conda_envs/soccertwos/lib/python3.8/site-packages/ray/_private/metrics_agent.py", line 75, in __init__
    prometheus_exporter.new_stats_exporter(
  File "/home/hice1/acheng324/scratch/conda_envs/soccertwos/lib/python3.8/site-packages/ray/_private/prometheus_exporter.py", line 333, in new_stats_exporter
    exporter = PrometheusStatsExporter(
  File "/home/hice1/acheng324/scratch/conda_envs/soccertwos/lib/python3.8/site-packages/ray/_private/prometheus_exporter.py", line 266, in __init__
    self.serve_http()
  File "/home/hice1/acheng324/scratch/conda_envs/soccertwos/lib/python3.8/site-packages/ray/_private/prometheus_exporter.py", line 320, in serve_http
    start_http_server(
  File "/home/hice1/acheng324/scratch/conda_envs/soccertwos/lib/python3.8/site-packages/prometheus_client/exposition.py", line 231, in start_wsgi_server
    TmpServer.address_family, addr = _get_best_family(addr, port)
  File "/home/hice1/acheng324/scratch/conda_envs/soccertwos/lib/python3.8/site-packages/prometheus_client/exposition.py", line 169, in _get_best_family
    infos = socket.getaddrinfo(address, port, type=socket.SOCK_STREAM, flags=socket.AI_PASSIVE)
  File "/home/hice1/acheng324/scratch/conda_envs/soccertwos/lib/python3.8/socket.py", line 930, in getaddrinfo
    for res in _socket.getaddrinfo(host, port, family, type, proto, flags):
socket.gaierror: [Errno -2] Name or service not known

[2m[33m(raylet)[0m Traceback (most recent call last):
[2m[33m(raylet)[0m   File "/home/hice1/acheng324/scratch/conda_envs/soccertwos/lib/python3.8/site-packages/ray/new_dashboard/agent.py", line 338, in <module>
[2m[33m(raylet)[0m     raise e
[2m[33m(raylet)[0m   File "/home/hice1/acheng324/scratch/conda_envs/soccertwos/lib/python3.8/site-packages/ray/new_dashboard/agent.py", line 326, in <module>
[2m[33m(raylet)[0m     loop.run_until_complete(agent.run())
[2m[33m(raylet)[0m   File "/home/hice1/acheng324/scratch/conda_envs/soccertwos/lib/python3.8/asyncio/base_events.py", line 616, in run_until_complete
[2m[33m(raylet)[0m     return future.result()
[2m[33m(raylet)[0m   File "/home/hice1/acheng324/scratch/conda_envs/soccertwos/lib/python3.8/site-packages/ray/new_dashboard/agent.py", line 138, in run
[2m[33m(raylet)[0m     modules = self._load_modules()
[2m[33m(raylet)[0m   File "/home/hice1/acheng324/scratch/conda_envs/soccertwos/lib/python3.8/site-packages/ray/new_dashboard/agent.py", line 92, in _load_modules
[2m[33m(raylet)[0m     c = cls(self)
[2m[33m(raylet)[0m   File "/home/hice1/acheng324/scratch/conda_envs/soccertwos/lib/python3.8/site-packages/ray/new_dashboard/modules/reporter/reporter_agent.py", line 148, in __init__
[2m[33m(raylet)[0m     self._metrics_agent = MetricsAgent(dashboard_agent.metrics_export_port)
[2m[33m(raylet)[0m   File "/home/hice1/acheng324/scratch/conda_envs/soccertwos/lib/python3.8/site-packages/ray/_private/metrics_agent.py", line 75, in __init__
[2m[33m(raylet)[0m     prometheus_exporter.new_stats_exporter(
[2m[33m(raylet)[0m   File "/home/hice1/acheng324/scratch/conda_envs/soccertwos/lib/python3.8/site-packages/ray/_private/prometheus_exporter.py", line 333, in new_stats_exporter
[2m[33m(raylet)[0m     exporter = PrometheusStatsExporter(
[2m[33m(raylet)[0m   File "/home/hice1/acheng324/scratch/conda_envs/soccertwos/lib/python3.8/site-packages/ray/_private/prometheus_exporter.py", line 266, in __init__
[2m[33m(raylet)[0m     self.serve_http()
[2m[33m(raylet)[0m   File "/home/hice1/acheng324/scratch/conda_envs/soccertwos/lib/python3.8/site-packages/ray/_private/prometheus_exporter.py", line 320, in serve_http
[2m[33m(raylet)[0m     start_http_server(
[2m[33m(raylet)[0m   File "/home/hice1/acheng324/scratch/conda_envs/soccertwos/lib/python3.8/site-packages/prometheus_client/exposition.py", line 231, in start_wsgi_server
[2m[33m(raylet)[0m     TmpServer.address_family, addr = _get_best_family(addr, port)
[2m[33m(raylet)[0m   File "/home/hice1/acheng324/scratch/conda_envs/soccertwos/lib/python3.8/site-packages/prometheus_client/exposition.py", line 169, in _get_best_family
[2m[33m(raylet)[0m     infos = socket.getaddrinfo(address, port, type=socket.SOCK_STREAM, flags=socket.AI_PASSIVE)
[2m[33m(raylet)[0m   File "/home/hice1/acheng324/scratch/conda_envs/soccertwos/lib/python3.8/socket.py", line 930, in getaddrinfo
[2m[33m(raylet)[0m     for res in _socket.getaddrinfo(host, port, family, type, proto, flags):
[2m[33m(raylet)[0m socket.gaierror: [Errno -2] Name or service not known
[2m[33m(raylet)[0m /home/hice1/acheng324/scratch/conda_envs/soccertwos/lib/python3.8/site-packages/ray/autoscaler/_private/cli_logger.py:57: FutureWarning: Not all Ray CLI dependencies were found. In Ray 1.4+, the Ray CLI, autoscaler, and dashboard will only be usable via `pip install 'ray[default]'`. Please update your install command.
[2m[33m(raylet)[0m   warnings.warn(
2026-03-30 14:43:47,319	WARNING worker.py:1114 -- The agent on node atl1-1-02-010-1-1.pace.gatech.edu failed with the following error:
Traceback (most recent call last):
  File "/home/hice1/acheng324/scratch/conda_envs/soccertwos/lib/python3.8/site-packages/ray/new_dashboard/agent.py", line 326, in <module>
    loop.run_until_complete(agent.run())
  File "/home/hice1/acheng324/scratch/conda_envs/soccertwos/lib/python3.8/asyncio/base_events.py", line 616, in run_until_complete
    return future.result()
  File "/home/hice1/acheng324/scratch/conda_envs/soccertwos/lib/python3.8/site-packages/ray/new_dashboard/agent.py", line 138, in run
    modules = self._load_modules()
  File "/home/hice1/acheng324/scratch/conda_envs/soccertwos/lib/python3.8/site-packages/ray/new_dashboard/agent.py", line 92, in _load_modules
    c = cls(self)
  File "/home/hice1/acheng324/scratch/conda_envs/soccertwos/lib/python3.8/site-packages/ray/new_dashboard/modules/reporter/reporter_agent.py", line 148, in __init__
    self._metrics_agent = MetricsAgent(dashboard_agent.metrics_export_port)
  File "/home/hice1/acheng324/scratch/conda_envs/soccertwos/lib/python3.8/site-packages/ray/_private/metrics_agent.py", line 75, in __init__
    prometheus_exporter.new_stats_exporter(
  File "/home/hice1/acheng324/scratch/conda_envs/soccertwos/lib/python3.8/site-packages/ray/_private/prometheus_exporter.py", line 333, in new_stats_exporter
    exporter = PrometheusStatsExporter(
  File "/home/hice1/acheng324/scratch/conda_envs/soccertwos/lib/python3.8/site-packages/ray/_private/prometheus_exporter.py", line 266, in __init__
    self.serve_http()
  File "/home/hice1/acheng324/scratch/conda_envs/soccertwos/lib/python3.8/site-packages/ray/_private/prometheus_exporter.py", line 320, in serve_http
    start_http_server(
  File "/home/hice1/acheng324/scratch/conda_envs/soccertwos/lib/python3.8/site-packages/prometheus_client/exposition.py", line 231, in start_wsgi_server
    TmpServer.address_family, addr = _get_best_family(addr, port)
  File "/home/hice1/acheng324/scratch/conda_envs/soccertwos/lib/python3.8/site-packages/prometheus_client/exposition.py", line 169, in _get_best_family
    infos = socket.getaddrinfo(address, port, type=socket.SOCK_STREAM, flags=socket.AI_PASSIVE)
  File "/home/hice1/acheng324/scratch/conda_envs/soccertwos/lib/python3.8/socket.py", line 930, in getaddrinfo
    for res in _socket.getaddrinfo(host, port, family, type, proto, flags):
socket.gaierror: [Errno -2] Name or service not known

[2m[33m(raylet)[0m Traceback (most recent call last):
[2m[33m(raylet)[0m   File "/home/hice1/acheng324/scratch/conda_envs/soccertwos/lib/python3.8/site-packages/ray/new_dashboard/agent.py", line 338, in <module>
[2m[33m(raylet)[0m     raise e
[2m[33m(raylet)[0m   File "/home/hice1/acheng324/scratch/conda_envs/soccertwos/lib/python3.8/site-packages/ray/new_dashboard/agent.py", line 326, in <module>
[2m[33m(raylet)[0m     loop.run_until_complete(agent.run())
[2m[33m(raylet)[0m   File "/home/hice1/acheng324/scratch/conda_envs/soccertwos/lib/python3.8/asyncio/base_events.py", line 616, in run_until_complete
[2m[33m(raylet)[0m     return future.result()
[2m[33m(raylet)[0m   File "/home/hice1/acheng324/scratch/conda_envs/soccertwos/lib/python3.8/site-packages/ray/new_dashboard/agent.py", line 138, in run
[2m[33m(raylet)[0m     modules = self._load_modules()
[2m[33m(raylet)[0m   File "/home/hice1/acheng324/scratch/conda_envs/soccertwos/lib/python3.8/site-packages/ray/new_dashboard/agent.py", line 92, in _load_modules
[2m[33m(raylet)[0m     c = cls(self)
[2m[33m(raylet)[0m   File "/home/hice1/acheng324/scratch/conda_envs/soccertwos/lib/python3.8/site-packages/ray/new_dashboard/modules/reporter/reporter_agent.py", line 148, in __init__
[2m[33m(raylet)[0m     self._metrics_agent = MetricsAgent(dashboard_agent.metrics_export_port)
[2m[33m(raylet)[0m   File "/home/hice1/acheng324/scratch/conda_envs/soccertwos/lib/python3.8/site-packages/ray/_private/metrics_agent.py", line 75, in __init__
[2m[33m(raylet)[0m     prometheus_exporter.new_stats_exporter(
[2m[33m(raylet)[0m   File "/home/hice1/acheng324/scratch/conda_envs/soccertwos/lib/python3.8/site-packages/ray/_private/prometheus_exporter.py", line 333, in new_stats_exporter
[2m[33m(raylet)[0m     exporter = PrometheusStatsExporter(
[2m[33m(raylet)[0m   File "/home/hice1/acheng324/scratch/conda_envs/soccertwos/lib/python3.8/site-packages/ray/_private/prometheus_exporter.py", line 266, in __init__
[2m[33m(raylet)[0m     self.serve_http()
[2m[33m(raylet)[0m   File "/home/hice1/acheng324/scratch/conda_envs/soccertwos/lib/python3.8/site-packages/ray/_private/prometheus_exporter.py", line 320, in serve_http
[2m[33m(raylet)[0m     start_http_server(
[2m[33m(raylet)[0m   File "/home/hice1/acheng324/scratch/conda_envs/soccertwos/lib/python3.8/site-packages/prometheus_client/exposition.py", line 231, in start_wsgi_server
[2m[33m(raylet)[0m     TmpServer.address_family, addr = _get_best_family(addr, port)
[2m[33m(raylet)[0m   File "/home/hice1/acheng324/scratch/conda_envs/soccertwos/lib/python3.8/site-packages/prometheus_client/exposition.py", line 169, in _get_best_family
[2m[33m(raylet)[0m     infos = socket.getaddrinfo(address, port, type=socket.SOCK_STREAM, flags=socket.AI_PASSIVE)
[2m[33m(raylet)[0m   File "/home/hice1/acheng324/scratch/conda_envs/soccertwos/lib/python3.8/socket.py", line 930, in getaddrinfo
[2m[33m(raylet)[0m     for res in _socket.getaddrinfo(host, port, family, type, proto, flags):
[2m[33m(raylet)[0m socket.gaierror: [Errno -2] Name or service not known
[2m[33m(raylet)[0m /home/hice1/acheng324/scratch/conda_envs/soccertwos/lib/python3.8/site-packages/ray/autoscaler/_private/cli_logger.py:57: FutureWarning: Not all Ray CLI dependencies were found. In Ray 1.4+, the Ray CLI, autoscaler, and dashboard will only be usable via `pip install 'ray[default]'`. Please update your install command.
[2m[33m(raylet)[0m   warnings.warn(
2026-03-30 14:43:50,130	WARNING worker.py:1114 -- The agent on node atl1-1-02-010-1-1.pace.gatech.edu failed with the following error:
Traceback (most recent call last):
  File "/home/hice1/acheng324/scratch/conda_envs/soccertwos/lib/python3.8/site-packages/ray/new_dashboard/agent.py", line 326, in <module>
    loop.run_until_complete(agent.run())
  File "/home/hice1/acheng324/scratch/conda_envs/soccertwos/lib/python3.8/asyncio/base_events.py", line 616, in run_until_complete
    return future.result()
  File "/home/hice1/acheng324/scratch/conda_envs/soccertwos/lib/python3.8/site-packages/ray/new_dashboard/agent.py", line 138, in run
    modules = self._load_modules()
  File "/home/hice1/acheng324/scratch/conda_envs/soccertwos/lib/python3.8/site-packages/ray/new_dashboard/agent.py", line 92, in _load_modules
    c = cls(self)
  File "/home/hice1/acheng324/scratch/conda_envs/soccertwos/lib/python3.8/site-packages/ray/new_dashboard/modules/reporter/reporter_agent.py", line 148, in __init__
    self._metrics_agent = MetricsAgent(dashboard_agent.metrics_export_port)
  File "/home/hice1/acheng324/scratch/conda_envs/soccertwos/lib/python3.8/site-packages/ray/_private/metrics_agent.py", line 75, in __init__
    prometheus_exporter.new_stats_exporter(
  File "/home/hice1/acheng324/scratch/conda_envs/soccertwos/lib/python3.8/site-packages/ray/_private/prometheus_exporter.py", line 333, in new_stats_exporter
    exporter = PrometheusStatsExporter(
  File "/home/hice1/acheng324/scratch/conda_envs/soccertwos/lib/python3.8/site-packages/ray/_private/prometheus_exporter.py", line 266, in __init__
    self.serve_http()
  File "/home/hice1/acheng324/scratch/conda_envs/soccertwos/lib/python3.8/site-packages/ray/_private/prometheus_exporter.py", line 320, in serve_http
    start_http_server(
  File "/home/hice1/acheng324/scratch/conda_envs/soccertwos/lib/python3.8/site-packages/prometheus_client/exposition.py", line 231, in start_wsgi_server
    TmpServer.address_family, addr = _get_best_family(addr, port)
  File "/home/hice1/acheng324/scratch/conda_envs/soccertwos/lib/python3.8/site-packages/prometheus_client/exposition.py", line 169, in _get_best_family
    infos = socket.getaddrinfo(address, port, type=socket.SOCK_STREAM, flags=socket.AI_PASSIVE)
  File "/home/hice1/acheng324/scratch/conda_envs/soccertwos/lib/python3.8/socket.py", line 930, in getaddrinfo
    for res in _socket.getaddrinfo(host, port, family, type, proto, flags):
socket.gaierror: [Errno -2] Name or service not known

[2m[33m(raylet)[0m Traceback (most recent call last):
[2m[33m(raylet)[0m   File "/home/hice1/acheng324/scratch/conda_envs/soccertwos/lib/python3.8/site-packages/ray/new_dashboard/agent.py", line 338, in <module>
[2m[33m(raylet)[0m     raise e
[2m[33m(raylet)[0m   File "/home/hice1/acheng324/scratch/conda_envs/soccertwos/lib/python3.8/site-packages/ray/new_dashboard/agent.py", line 326, in <module>
[2m[33m(raylet)[0m     loop.run_until_complete(agent.run())
[2m[33m(raylet)[0m   File "/home/hice1/acheng324/scratch/conda_envs/soccertwos/lib/python3.8/asyncio/base_events.py", line 616, in run_until_complete
[2m[33m(raylet)[0m     return future.result()
[2m[33m(raylet)[0m   File "/home/hice1/acheng324/scratch/conda_envs/soccertwos/lib/python3.8/site-packages/ray/new_dashboard/agent.py", line 138, in run
[2m[33m(raylet)[0m     modules = self._load_modules()
[2m[33m(raylet)[0m   File "/home/hice1/acheng324/scratch/conda_envs/soccertwos/lib/python3.8/site-packages/ray/new_dashboard/agent.py", line 92, in _load_modules
[2m[33m(raylet)[0m     c = cls(self)
[2m[33m(raylet)[0m   File "/home/hice1/acheng324/scratch/conda_envs/soccertwos/lib/python3.8/site-packages/ray/new_dashboard/modules/reporter/reporter_agent.py", line 148, in __init__
[2m[33m(raylet)[0m     self._metrics_agent = MetricsAgent(dashboard_agent.metrics_export_port)
[2m[33m(raylet)[0m   File "/home/hice1/acheng324/scratch/conda_envs/soccertwos/lib/python3.8/site-packages/ray/_private/metrics_agent.py", line 75, in __init__
[2m[33m(raylet)[0m     prometheus_exporter.new_stats_exporter(
[2m[33m(raylet)[0m   File "/home/hice1/acheng324/scratch/conda_envs/soccertwos/lib/python3.8/site-packages/ray/_private/prometheus_exporter.py", line 333, in new_stats_exporter
[2m[33m(raylet)[0m     exporter = PrometheusStatsExporter(
[2m[33m(raylet)[0m   File "/home/hice1/acheng324/scratch/conda_envs/soccertwos/lib/python3.8/site-packages/ray/_private/prometheus_exporter.py", line 266, in __init__
[2m[33m(raylet)[0m     self.serve_http()
[2m[33m(raylet)[0m   File "/home/hice1/acheng324/scratch/conda_envs/soccertwos/lib/python3.8/site-packages/ray/_private/prometheus_exporter.py", line 320, in serve_http
[2m[33m(raylet)[0m     start_http_server(
[2m[33m(raylet)[0m   File "/home/hice1/acheng324/scratch/conda_envs/soccertwos/lib/python3.8/site-packages/prometheus_client/exposition.py", line 231, in start_wsgi_server
[2m[33m(raylet)[0m     TmpServer.address_family, addr = _get_best_family(addr, port)
[2m[33m(raylet)[0m   File "/home/hice1/acheng324/scratch/conda_envs/soccertwos/lib/python3.8/site-packages/prometheus_client/exposition.py", line 169, in _get_best_family
[2m[33m(raylet)[0m     infos = socket.getaddrinfo(address, port, type=socket.SOCK_STREAM, flags=socket.AI_PASSIVE)
[2m[33m(raylet)[0m   File "/home/hice1/acheng324/scratch/conda_envs/soccertwos/lib/python3.8/socket.py", line 930, in getaddrinfo
[2m[33m(raylet)[0m     for res in _socket.getaddrinfo(host, port, family, type, proto, flags):
[2m[33m(raylet)[0m socket.gaierror: [Errno -2] Name or service not known
[2m[33m(raylet)[0m /home/hice1/acheng324/scratch/conda_envs/soccertwos/lib/python3.8/site-packages/ray/autoscaler/_private/cli_logger.py:57: FutureWarning: Not all Ray CLI dependencies were found. In Ray 1.4+, the Ray CLI, autoscaler, and dashboard will only be usable via `pip install 'ray[default]'`. Please update your install command.
[2m[33m(raylet)[0m   warnings.warn(
2026-03-30 14:43:52,939	WARNING worker.py:1114 -- The agent on node atl1-1-02-010-1-1.pace.gatech.edu failed with the following error:
Traceback (most recent call last):
  File "/home/hice1/acheng324/scratch/conda_envs/soccertwos/lib/python3.8/site-packages/ray/new_dashboard/agent.py", line 326, in <module>
    loop.run_until_complete(agent.run())
  File "/home/hice1/acheng324/scratch/conda_envs/soccertwos/lib/python3.8/asyncio/base_events.py", line 616, in run_until_complete
    return future.result()
  File "/home/hice1/acheng324/scratch/conda_envs/soccertwos/lib/python3.8/site-packages/ray/new_dashboard/agent.py", line 138, in run
    modules = self._load_modules()
  File "/home/hice1/acheng324/scratch/conda_envs/soccertwos/lib/python3.8/site-packages/ray/new_dashboard/agent.py", line 92, in _load_modules
    c = cls(self)
  File "/home/hice1/acheng324/scratch/conda_envs/soccertwos/lib/python3.8/site-packages/ray/new_dashboard/modules/reporter/reporter_agent.py", line 148, in __init__
    self._metrics_agent = MetricsAgent(dashboard_agent.metrics_export_port)
  File "/home/hice1/acheng324/scratch/conda_envs/soccertwos/lib/python3.8/site-packages/ray/_private/metrics_agent.py", line 75, in __init__
    prometheus_exporter.new_stats_exporter(
  File "/home/hice1/acheng324/scratch/conda_envs/soccertwos/lib/python3.8/site-packages/ray/_private/prometheus_exporter.py", line 333, in new_stats_exporter
    exporter = PrometheusStatsExporter(
  File "/home/hice1/acheng324/scratch/conda_envs/soccertwos/lib/python3.8/site-packages/ray/_private/prometheus_exporter.py", line 266, in __init__
    self.serve_http()
  File "/home/hice1/acheng324/scratch/conda_envs/soccertwos/lib/python3.8/site-packages/ray/_private/prometheus_exporter.py", line 320, in serve_http
    start_http_server(
  File "/home/hice1/acheng324/scratch/conda_envs/soccertwos/lib/python3.8/site-packages/prometheus_client/exposition.py", line 231, in start_wsgi_server
    TmpServer.address_family, addr = _get_best_family(addr, port)
  File "/home/hice1/acheng324/scratch/conda_envs/soccertwos/lib/python3.8/site-packages/prometheus_client/exposition.py", line 169, in _get_best_family
    infos = socket.getaddrinfo(address, port, type=socket.SOCK_STREAM, flags=socket.AI_PASSIVE)
  File "/home/hice1/acheng324/scratch/conda_envs/soccertwos/lib/python3.8/socket.py", line 930, in getaddrinfo
    for res in _socket.getaddrinfo(host, port, family, type, proto, flags):
socket.gaierror: [Errno -2] Name or service not known

[2m[33m(raylet)[0m Traceback (most recent call last):
[2m[33m(raylet)[0m   File "/home/hice1/acheng324/scratch/conda_envs/soccertwos/lib/python3.8/site-packages/ray/new_dashboard/agent.py", line 338, in <module>
[2m[33m(raylet)[0m     raise e
[2m[33m(raylet)[0m   File "/home/hice1/acheng324/scratch/conda_envs/soccertwos/lib/python3.8/site-packages/ray/new_dashboard/agent.py", line 326, in <module>
[2m[33m(raylet)[0m     loop.run_until_complete(agent.run())
[2m[33m(raylet)[0m   File "/home/hice1/acheng324/scratch/conda_envs/soccertwos/lib/python3.8/asyncio/base_events.py", line 616, in run_until_complete
[2m[33m(raylet)[0m     return future.result()
[2m[33m(raylet)[0m   File "/home/hice1/acheng324/scratch/conda_envs/soccertwos/lib/python3.8/site-packages/ray/new_dashboard/agent.py", line 138, in run
[2m[33m(raylet)[0m     modules = self._load_modules()
[2m[33m(raylet)[0m   File "/home/hice1/acheng324/scratch/conda_envs/soccertwos/lib/python3.8/site-packages/ray/new_dashboard/agent.py", line 92, in _load_modules
[2m[33m(raylet)[0m     c = cls(self)
[2m[33m(raylet)[0m   File "/home/hice1/acheng324/scratch/conda_envs/soccertwos/lib/python3.8/site-packages/ray/new_dashboard/modules/reporter/reporter_agent.py", line 148, in __init__
[2m[33m(raylet)[0m     self._metrics_agent = MetricsAgent(dashboard_agent.metrics_export_port)
[2m[33m(raylet)[0m   File "/home/hice1/acheng324/scratch/conda_envs/soccertwos/lib/python3.8/site-packages/ray/_private/metrics_agent.py", line 75, in __init__
[2m[33m(raylet)[0m     prometheus_exporter.new_stats_exporter(
[2m[33m(raylet)[0m   File "/home/hice1/acheng324/scratch/conda_envs/soccertwos/lib/python3.8/site-packages/ray/_private/prometheus_exporter.py", line 333, in new_stats_exporter
[2m[33m(raylet)[0m     exporter = PrometheusStatsExporter(
[2m[33m(raylet)[0m   File "/home/hice1/acheng324/scratch/conda_envs/soccertwos/lib/python3.8/site-packages/ray/_private/prometheus_exporter.py", line 266, in __init__
[2m[33m(raylet)[0m     self.serve_http()
[2m[33m(raylet)[0m   File "/home/hice1/acheng324/scratch/conda_envs/soccertwos/lib/python3.8/site-packages/ray/_private/prometheus_exporter.py", line 320, in serve_http
[2m[33m(raylet)[0m     start_http_server(
[2m[33m(raylet)[0m   File "/home/hice1/acheng324/scratch/conda_envs/soccertwos/lib/python3.8/site-packages/prometheus_client/exposition.py", line 231, in start_wsgi_server
[2m[33m(raylet)[0m     TmpServer.address_family, addr = _get_best_family(addr, port)
[2m[33m(raylet)[0m   File "/home/hice1/acheng324/scratch/conda_envs/soccertwos/lib/python3.8/site-packages/prometheus_client/exposition.py", line 169, in _get_best_family
[2m[33m(raylet)[0m     infos = socket.getaddrinfo(address, port, type=socket.SOCK_STREAM, flags=socket.AI_PASSIVE)
[2m[33m(raylet)[0m   File "/home/hice1/acheng324/scratch/conda_envs/soccertwos/lib/python3.8/socket.py", line 930, in getaddrinfo
[2m[33m(raylet)[0m     for res in _socket.getaddrinfo(host, port, family, type, proto, flags):
[2m[33m(raylet)[0m socket.gaierror: [Errno -2] Name or service not known
[2m[33m(raylet)[0m /home/hice1/acheng324/scratch/conda_envs/soccertwos/lib/python3.8/site-packages/ray/autoscaler/_private/cli_logger.py:57: FutureWarning: Not all Ray CLI dependencies were found. In Ray 1.4+, the Ray CLI, autoscaler, and dashboard will only be usable via `pip install 'ray[default]'`. Please update your install command.
[2m[33m(raylet)[0m   warnings.warn(
2026-03-30 14:43:55,760	WARNING worker.py:1114 -- The agent on node atl1-1-02-010-1-1.pace.gatech.edu failed with the following error:
Traceback (most recent call last):
  File "/home/hice1/acheng324/scratch/conda_envs/soccertwos/lib/python3.8/site-packages/ray/new_dashboard/agent.py", line 326, in <module>
    loop.run_until_complete(agent.run())
  File "/home/hice1/acheng324/scratch/conda_envs/soccertwos/lib/python3.8/asyncio/base_events.py", line 616, in run_until_complete
    return future.result()
  File "/home/hice1/acheng324/scratch/conda_envs/soccertwos/lib/python3.8/site-packages/ray/new_dashboard/agent.py", line 138, in run
    modules = self._load_modules()
  File "/home/hice1/acheng324/scratch/conda_envs/soccertwos/lib/python3.8/site-packages/ray/new_dashboard/agent.py", line 92, in _load_modules
    c = cls(self)
  File "/home/hice1/acheng324/scratch/conda_envs/soccertwos/lib/python3.8/site-packages/ray/new_dashboard/modules/reporter/reporter_agent.py", line 148, in __init__
    self._metrics_agent = MetricsAgent(dashboard_agent.metrics_export_port)
  File "/home/hice1/acheng324/scratch/conda_envs/soccertwos/lib/python3.8/site-packages/ray/_private/metrics_agent.py", line 75, in __init__
    prometheus_exporter.new_stats_exporter(
  File "/home/hice1/acheng324/scratch/conda_envs/soccertwos/lib/python3.8/site-packages/ray/_private/prometheus_exporter.py", line 333, in new_stats_exporter
    exporter = PrometheusStatsExporter(
  File "/home/hice1/acheng324/scratch/conda_envs/soccertwos/lib/python3.8/site-packages/ray/_private/prometheus_exporter.py", line 266, in __init__
    self.serve_http()
  File "/home/hice1/acheng324/scratch/conda_envs/soccertwos/lib/python3.8/site-packages/ray/_private/prometheus_exporter.py", line 320, in serve_http
    start_http_server(
  File "/home/hice1/acheng324/scratch/conda_envs/soccertwos/lib/python3.8/site-packages/prometheus_client/exposition.py", line 231, in start_wsgi_server
    TmpServer.address_family, addr = _get_best_family(addr, port)
  File "/home/hice1/acheng324/scratch/conda_envs/soccertwos/lib/python3.8/site-packages/prometheus_client/exposition.py", line 169, in _get_best_family
    infos = socket.getaddrinfo(address, port, type=socket.SOCK_STREAM, flags=socket.AI_PASSIVE)
  File "/home/hice1/acheng324/scratch/conda_envs/soccertwos/lib/python3.8/socket.py", line 930, in getaddrinfo
    for res in _socket.getaddrinfo(host, port, family, type, proto, flags):
socket.gaierror: [Errno -2] Name or service not known

[2m[33m(raylet)[0m Traceback (most recent call last):
[2m[33m(raylet)[0m   File "/home/hice1/acheng324/scratch/conda_envs/soccertwos/lib/python3.8/site-packages/ray/new_dashboard/agent.py", line 338, in <module>
[2m[33m(raylet)[0m     raise e
[2m[33m(raylet)[0m   File "/home/hice1/acheng324/scratch/conda_envs/soccertwos/lib/python3.8/site-packages/ray/new_dashboard/agent.py", line 326, in <module>
[2m[33m(raylet)[0m     loop.run_until_complete(agent.run())
[2m[33m(raylet)[0m   File "/home/hice1/acheng324/scratch/conda_envs/soccertwos/lib/python3.8/asyncio/base_events.py", line 616, in run_until_complete
[2m[33m(raylet)[0m     return future.result()
[2m[33m(raylet)[0m   File "/home/hice1/acheng324/scratch/conda_envs/soccertwos/lib/python3.8/site-packages/ray/new_dashboard/agent.py", line 138, in run
[2m[33m(raylet)[0m     modules = self._load_modules()
[2m[33m(raylet)[0m   File "/home/hice1/acheng324/scratch/conda_envs/soccertwos/lib/python3.8/site-packages/ray/new_dashboard/agent.py", line 92, in _load_modules
[2m[33m(raylet)[0m     c = cls(self)
[2m[33m(raylet)[0m   File "/home/hice1/acheng324/scratch/conda_envs/soccertwos/lib/python3.8/site-packages/ray/new_dashboard/modules/reporter/reporter_agent.py", line 148, in __init__
[2m[33m(raylet)[0m     self._metrics_agent = MetricsAgent(dashboard_agent.metrics_export_port)
[2m[33m(raylet)[0m   File "/home/hice1/acheng324/scratch/conda_envs/soccertwos/lib/python3.8/site-packages/ray/_private/metrics_agent.py", line 75, in __init__
[2m[33m(raylet)[0m     prometheus_exporter.new_stats_exporter(
[2m[33m(raylet)[0m   File "/home/hice1/acheng324/scratch/conda_envs/soccertwos/lib/python3.8/site-packages/ray/_private/prometheus_exporter.py", line 333, in new_stats_exporter
[2m[33m(raylet)[0m     exporter = PrometheusStatsExporter(
[2m[33m(raylet)[0m   File "/home/hice1/acheng324/scratch/conda_envs/soccertwos/lib/python3.8/site-packages/ray/_private/prometheus_exporter.py", line 266, in __init__
[2m[33m(raylet)[0m     self.serve_http()
[2m[33m(raylet)[0m   File "/home/hice1/acheng324/scratch/conda_envs/soccertwos/lib/python3.8/site-packages/ray/_private/prometheus_exporter.py", line 320, in serve_http
[2m[33m(raylet)[0m     start_http_server(
[2m[33m(raylet)[0m   File "/home/hice1/acheng324/scratch/conda_envs/soccertwos/lib/python3.8/site-packages/prometheus_client/exposition.py", line 231, in start_wsgi_server
[2m[33m(raylet)[0m     TmpServer.address_family, addr = _get_best_family(addr, port)
[2m[33m(raylet)[0m   File "/home/hice1/acheng324/scratch/conda_envs/soccertwos/lib/python3.8/site-packages/prometheus_client/exposition.py", line 169, in _get_best_family
[2m[33m(raylet)[0m     infos = socket.getaddrinfo(address, port, type=socket.SOCK_STREAM, flags=socket.AI_PASSIVE)
[2m[33m(raylet)[0m   File "/home/hice1/acheng324/scratch/conda_envs/soccertwos/lib/python3.8/socket.py", line 930, in getaddrinfo
[2m[33m(raylet)[0m     for res in _socket.getaddrinfo(host, port, family, type, proto, flags):
[2m[33m(raylet)[0m socket.gaierror: [Errno -2] Name or service not known
[2m[33m(raylet)[0m /home/hice1/acheng324/scratch/conda_envs/soccertwos/lib/python3.8/site-packages/ray/autoscaler/_private/cli_logger.py:57: FutureWarning: Not all Ray CLI dependencies were found. In Ray 1.4+, the Ray CLI, autoscaler, and dashboard will only be usable via `pip install 'ray[default]'`. Please update your install command.
[2m[33m(raylet)[0m   warnings.warn(
2026-03-30 14:43:58,570	WARNING worker.py:1114 -- The agent on node atl1-1-02-010-1-1.pace.gatech.edu failed with the following error:
Traceback (most recent call last):
  File "/home/hice1/acheng324/scratch/conda_envs/soccertwos/lib/python3.8/site-packages/ray/new_dashboard/agent.py", line 326, in <module>
    loop.run_until_complete(agent.run())
  File "/home/hice1/acheng324/scratch/conda_envs/soccertwos/lib/python3.8/asyncio/base_events.py", line 616, in run_until_complete
    return future.result()
  File "/home/hice1/acheng324/scratch/conda_envs/soccertwos/lib/python3.8/site-packages/ray/new_dashboard/agent.py", line 138, in run
    modules = self._load_modules()
  File "/home/hice1/acheng324/scratch/conda_envs/soccertwos/lib/python3.8/site-packages/ray/new_dashboard/agent.py", line 92, in _load_modules
    c = cls(self)
  File "/home/hice1/acheng324/scratch/conda_envs/soccertwos/lib/python3.8/site-packages/ray/new_dashboard/modules/reporter/reporter_agent.py", line 148, in __init__
    self._metrics_agent = MetricsAgent(dashboard_agent.metrics_export_port)
  File "/home/hice1/acheng324/scratch/conda_envs/soccertwos/lib/python3.8/site-packages/ray/_private/metrics_agent.py", line 75, in __init__
    prometheus_exporter.new_stats_exporter(
  File "/home/hice1/acheng324/scratch/conda_envs/soccertwos/lib/python3.8/site-packages/ray/_private/prometheus_exporter.py", line 333, in new_stats_exporter
    exporter = PrometheusStatsExporter(
  File "/home/hice1/acheng324/scratch/conda_envs/soccertwos/lib/python3.8/site-packages/ray/_private/prometheus_exporter.py", line 266, in __init__
    self.serve_http()
  File "/home/hice1/acheng324/scratch/conda_envs/soccertwos/lib/python3.8/site-packages/ray/_private/prometheus_exporter.py", line 320, in serve_http
    start_http_server(
  File "/home/hice1/acheng324/scratch/conda_envs/soccertwos/lib/python3.8/site-packages/prometheus_client/exposition.py", line 231, in start_wsgi_server
    TmpServer.address_family, addr = _get_best_family(addr, port)
  File "/home/hice1/acheng324/scratch/conda_envs/soccertwos/lib/python3.8/site-packages/prometheus_client/exposition.py", line 169, in _get_best_family
    infos = socket.getaddrinfo(address, port, type=socket.SOCK_STREAM, flags=socket.AI_PASSIVE)
  File "/home/hice1/acheng324/scratch/conda_envs/soccertwos/lib/python3.8/socket.py", line 930, in getaddrinfo
    for res in _socket.getaddrinfo(host, port, family, type, proto, flags):
socket.gaierror: [Errno -2] Name or service not known

[2m[33m(raylet)[0m Traceback (most recent call last):
[2m[33m(raylet)[0m   File "/home/hice1/acheng324/scratch/conda_envs/soccertwos/lib/python3.8/site-packages/ray/new_dashboard/agent.py", line 338, in <module>
[2m[33m(raylet)[0m     raise e
[2m[33m(raylet)[0m   File "/home/hice1/acheng324/scratch/conda_envs/soccertwos/lib/python3.8/site-packages/ray/new_dashboard/agent.py", line 326, in <module>
[2m[33m(raylet)[0m     loop.run_until_complete(agent.run())
[2m[33m(raylet)[0m   File "/home/hice1/acheng324/scratch/conda_envs/soccertwos/lib/python3.8/asyncio/base_events.py", line 616, in run_until_complete
[2m[33m(raylet)[0m     return future.result()
[2m[33m(raylet)[0m   File "/home/hice1/acheng324/scratch/conda_envs/soccertwos/lib/python3.8/site-packages/ray/new_dashboard/agent.py", line 138, in run
[2m[33m(raylet)[0m     modules = self._load_modules()
[2m[33m(raylet)[0m   File "/home/hice1/acheng324/scratch/conda_envs/soccertwos/lib/python3.8/site-packages/ray/new_dashboard/agent.py", line 92, in _load_modules
[2m[33m(raylet)[0m     c = cls(self)
[2m[33m(raylet)[0m   File "/home/hice1/acheng324/scratch/conda_envs/soccertwos/lib/python3.8/site-packages/ray/new_dashboard/modules/reporter/reporter_agent.py", line 148, in __init__
[2m[33m(raylet)[0m     self._metrics_agent = MetricsAgent(dashboard_agent.metrics_export_port)
[2m[33m(raylet)[0m   File "/home/hice1/acheng324/scratch/conda_envs/soccertwos/lib/python3.8/site-packages/ray/_private/metrics_agent.py", line 75, in __init__
[2m[33m(raylet)[0m     prometheus_exporter.new_stats_exporter(
[2m[33m(raylet)[0m   File "/home/hice1/acheng324/scratch/conda_envs/soccertwos/lib/python3.8/site-packages/ray/_private/prometheus_exporter.py", line 333, in new_stats_exporter
[2m[33m(raylet)[0m     exporter = PrometheusStatsExporter(
[2m[33m(raylet)[0m   File "/home/hice1/acheng324/scratch/conda_envs/soccertwos/lib/python3.8/site-packages/ray/_private/prometheus_exporter.py", line 266, in __init__
[2m[33m(raylet)[0m     self.serve_http()
[2m[33m(raylet)[0m   File "/home/hice1/acheng324/scratch/conda_envs/soccertwos/lib/python3.8/site-packages/ray/_private/prometheus_exporter.py", line 320, in serve_http
[2m[33m(raylet)[0m     start_http_server(
[2m[33m(raylet)[0m   File "/home/hice1/acheng324/scratch/conda_envs/soccertwos/lib/python3.8/site-packages/prometheus_client/exposition.py", line 231, in start_wsgi_server
[2m[33m(raylet)[0m     TmpServer.address_family, addr = _get_best_family(addr, port)
[2m[33m(raylet)[0m   File "/home/hice1/acheng324/scratch/conda_envs/soccertwos/lib/python3.8/site-packages/prometheus_client/exposition.py", line 169, in _get_best_family
[2m[33m(raylet)[0m     infos = socket.getaddrinfo(address, port, type=socket.SOCK_STREAM, flags=socket.AI_PASSIVE)
[2m[33m(raylet)[0m   File "/home/hice1/acheng324/scratch/conda_envs/soccertwos/lib/python3.8/socket.py", line 930, in getaddrinfo
[2m[33m(raylet)[0m     for res in _socket.getaddrinfo(host, port, family, type, proto, flags):
[2m[33m(raylet)[0m socket.gaierror: [Errno -2] Name or service not known
[2m[33m(raylet)[0m /home/hice1/acheng324/scratch/conda_envs/soccertwos/lib/python3.8/site-packages/ray/autoscaler/_private/cli_logger.py:57: FutureWarning: Not all Ray CLI dependencies were found. In Ray 1.4+, the Ray CLI, autoscaler, and dashboard will only be usable via `pip install 'ray[default]'`. Please update your install command.
[2m[33m(raylet)[0m   warnings.warn(
2026-03-30 14:44:01,387	WARNING worker.py:1114 -- The agent on node atl1-1-02-010-1-1.pace.gatech.edu failed with the following error:
Traceback (most recent call last):
  File "/home/hice1/acheng324/scratch/conda_envs/soccertwos/lib/python3.8/site-packages/ray/new_dashboard/agent.py", line 326, in <module>
    loop.run_until_complete(agent.run())
  File "/home/hice1/acheng324/scratch/conda_envs/soccertwos/lib/python3.8/asyncio/base_events.py", line 616, in run_until_complete
    return future.result()
  File "/home/hice1/acheng324/scratch/conda_envs/soccertwos/lib/python3.8/site-packages/ray/new_dashboard/agent.py", line 138, in run
    modules = self._load_modules()
  File "/home/hice1/acheng324/scratch/conda_envs/soccertwos/lib/python3.8/site-packages/ray/new_dashboard/agent.py", line 92, in _load_modules
    c = cls(self)
  File "/home/hice1/acheng324/scratch/conda_envs/soccertwos/lib/python3.8/site-packages/ray/new_dashboard/modules/reporter/reporter_agent.py", line 148, in __init__
    self._metrics_agent = MetricsAgent(dashboard_agent.metrics_export_port)
  File "/home/hice1/acheng324/scratch/conda_envs/soccertwos/lib/python3.8/site-packages/ray/_private/metrics_agent.py", line 75, in __init__
    prometheus_exporter.new_stats_exporter(
  File "/home/hice1/acheng324/scratch/conda_envs/soccertwos/lib/python3.8/site-packages/ray/_private/prometheus_exporter.py", line 333, in new_stats_exporter
    exporter = PrometheusStatsExporter(
  File "/home/hice1/acheng324/scratch/conda_envs/soccertwos/lib/python3.8/site-packages/ray/_private/prometheus_exporter.py", line 266, in __init__
    self.serve_http()
  File "/home/hice1/acheng324/scratch/conda_envs/soccertwos/lib/python3.8/site-packages/ray/_private/prometheus_exporter.py", line 320, in serve_http
    start_http_server(
  File "/home/hice1/acheng324/scratch/conda_envs/soccertwos/lib/python3.8/site-packages/prometheus_client/exposition.py", line 231, in start_wsgi_server
    TmpServer.address_family, addr = _get_best_family(addr, port)
  File "/home/hice1/acheng324/scratch/conda_envs/soccertwos/lib/python3.8/site-packages/prometheus_client/exposition.py", line 169, in _get_best_family
    infos = socket.getaddrinfo(address, port, type=socket.SOCK_STREAM, flags=socket.AI_PASSIVE)
  File "/home/hice1/acheng324/scratch/conda_envs/soccertwos/lib/python3.8/socket.py", line 930, in getaddrinfo
    for res in _socket.getaddrinfo(host, port, family, type, proto, flags):
socket.gaierror: [Errno -2] Name or service not known

[2m[33m(raylet)[0m Traceback (most recent call last):
[2m[33m(raylet)[0m   File "/home/hice1/acheng324/scratch/conda_envs/soccertwos/lib/python3.8/site-packages/ray/new_dashboard/agent.py", line 338, in <module>
[2m[33m(raylet)[0m     raise e
[2m[33m(raylet)[0m   File "/home/hice1/acheng324/scratch/conda_envs/soccertwos/lib/python3.8/site-packages/ray/new_dashboard/agent.py", line 326, in <module>
[2m[33m(raylet)[0m     loop.run_until_complete(agent.run())
[2m[33m(raylet)[0m   File "/home/hice1/acheng324/scratch/conda_envs/soccertwos/lib/python3.8/asyncio/base_events.py", line 616, in run_until_complete
[2m[33m(raylet)[0m     return future.result()
[2m[33m(raylet)[0m   File "/home/hice1/acheng324/scratch/conda_envs/soccertwos/lib/python3.8/site-packages/ray/new_dashboard/agent.py", line 138, in run
[2m[33m(raylet)[0m     modules = self._load_modules()
[2m[33m(raylet)[0m   File "/home/hice1/acheng324/scratch/conda_envs/soccertwos/lib/python3.8/site-packages/ray/new_dashboard/agent.py", line 92, in _load_modules
[2m[33m(raylet)[0m     c = cls(self)
[2m[33m(raylet)[0m   File "/home/hice1/acheng324/scratch/conda_envs/soccertwos/lib/python3.8/site-packages/ray/new_dashboard/modules/reporter/reporter_agent.py", line 148, in __init__
[2m[33m(raylet)[0m     self._metrics_agent = MetricsAgent(dashboard_agent.metrics_export_port)
[2m[33m(raylet)[0m   File "/home/hice1/acheng324/scratch/conda_envs/soccertwos/lib/python3.8/site-packages/ray/_private/metrics_agent.py", line 75, in __init__
[2m[33m(raylet)[0m     prometheus_exporter.new_stats_exporter(
[2m[33m(raylet)[0m   File "/home/hice1/acheng324/scratch/conda_envs/soccertwos/lib/python3.8/site-packages/ray/_private/prometheus_exporter.py", line 333, in new_stats_exporter
[2m[33m(raylet)[0m     exporter = PrometheusStatsExporter(
[2m[33m(raylet)[0m   File "/home/hice1/acheng324/scratch/conda_envs/soccertwos/lib/python3.8/site-packages/ray/_private/prometheus_exporter.py", line 266, in __init__
[2m[33m(raylet)[0m     self.serve_http()
[2m[33m(raylet)[0m   File "/home/hice1/acheng324/scratch/conda_envs/soccertwos/lib/python3.8/site-packages/ray/_private/prometheus_exporter.py", line 320, in serve_http
[2m[33m(raylet)[0m     start_http_server(
[2m[33m(raylet)[0m   File "/home/hice1/acheng324/scratch/conda_envs/soccertwos/lib/python3.8/site-packages/prometheus_client/exposition.py", line 231, in start_wsgi_server
[2m[33m(raylet)[0m     TmpServer.address_family, addr = _get_best_family(addr, port)
[2m[33m(raylet)[0m   File "/home/hice1/acheng324/scratch/conda_envs/soccertwos/lib/python3.8/site-packages/prometheus_client/exposition.py", line 169, in _get_best_family
[2m[33m(raylet)[0m     infos = socket.getaddrinfo(address, port, type=socket.SOCK_STREAM, flags=socket.AI_PASSIVE)
[2m[33m(raylet)[0m   File "/home/hice1/acheng324/scratch/conda_envs/soccertwos/lib/python3.8/socket.py", line 930, in getaddrinfo
[2m[33m(raylet)[0m     for res in _socket.getaddrinfo(host, port, family, type, proto, flags):
[2m[33m(raylet)[0m socket.gaierror: [Errno -2] Name or service not known
[2m[33m(raylet)[0m /home/hice1/acheng324/scratch/conda_envs/soccertwos/lib/python3.8/site-packages/ray/autoscaler/_private/cli_logger.py:57: FutureWarning: Not all Ray CLI dependencies were found. In Ray 1.4+, the Ray CLI, autoscaler, and dashboard will only be usable via `pip install 'ray[default]'`. Please update your install command.
[2m[33m(raylet)[0m   warnings.warn(
2026-03-30 14:44:04,194	WARNING worker.py:1114 -- The agent on node atl1-1-02-010-1-1.pace.gatech.edu failed with the following error:
Traceback (most recent call last):
  File "/home/hice1/acheng324/scratch/conda_envs/soccertwos/lib/python3.8/site-packages/ray/new_dashboard/agent.py", line 326, in <module>
    loop.run_until_complete(agent.run())
  File "/home/hice1/acheng324/scratch/conda_envs/soccertwos/lib/python3.8/asyncio/base_events.py", line 616, in run_until_complete
    return future.result()
  File "/home/hice1/acheng324/scratch/conda_envs/soccertwos/lib/python3.8/site-packages/ray/new_dashboard/agent.py", line 138, in run
    modules = self._load_modules()
  File "/home/hice1/acheng324/scratch/conda_envs/soccertwos/lib/python3.8/site-packages/ray/new_dashboard/agent.py", line 92, in _load_modules
    c = cls(self)
  File "/home/hice1/acheng324/scratch/conda_envs/soccertwos/lib/python3.8/site-packages/ray/new_dashboard/modules/reporter/reporter_agent.py", line 148, in __init__
    self._metrics_agent = MetricsAgent(dashboard_agent.metrics_export_port)
  File "/home/hice1/acheng324/scratch/conda_envs/soccertwos/lib/python3.8/site-packages/ray/_private/metrics_agent.py", line 75, in __init__
    prometheus_exporter.new_stats_exporter(
  File "/home/hice1/acheng324/scratch/conda_envs/soccertwos/lib/python3.8/site-packages/ray/_private/prometheus_exporter.py", line 333, in new_stats_exporter
    exporter = PrometheusStatsExporter(
  File "/home/hice1/acheng324/scratch/conda_envs/soccertwos/lib/python3.8/site-packages/ray/_private/prometheus_exporter.py", line 266, in __init__
    self.serve_http()
  File "/home/hice1/acheng324/scratch/conda_envs/soccertwos/lib/python3.8/site-packages/ray/_private/prometheus_exporter.py", line 320, in serve_http
    start_http_server(
  File "/home/hice1/acheng324/scratch/conda_envs/soccertwos/lib/python3.8/site-packages/prometheus_client/exposition.py", line 231, in start_wsgi_server
    TmpServer.address_family, addr = _get_best_family(addr, port)
  File "/home/hice1/acheng324/scratch/conda_envs/soccertwos/lib/python3.8/site-packages/prometheus_client/exposition.py", line 169, in _get_best_family
    infos = socket.getaddrinfo(address, port, type=socket.SOCK_STREAM, flags=socket.AI_PASSIVE)
  File "/home/hice1/acheng324/scratch/conda_envs/soccertwos/lib/python3.8/socket.py", line 930, in getaddrinfo
    for res in _socket.getaddrinfo(host, port, family, type, proto, flags):
socket.gaierror: [Errno -2] Name or service not known

[2m[33m(raylet)[0m Traceback (most recent call last):
[2m[33m(raylet)[0m   File "/home/hice1/acheng324/scratch/conda_envs/soccertwos/lib/python3.8/site-packages/ray/new_dashboard/agent.py", line 338, in <module>
[2m[33m(raylet)[0m     raise e
[2m[33m(raylet)[0m   File "/home/hice1/acheng324/scratch/conda_envs/soccertwos/lib/python3.8/site-packages/ray/new_dashboard/agent.py", line 326, in <module>
[2m[33m(raylet)[0m     loop.run_until_complete(agent.run())
[2m[33m(raylet)[0m   File "/home/hice1/acheng324/scratch/conda_envs/soccertwos/lib/python3.8/asyncio/base_events.py", line 616, in run_until_complete
[2m[33m(raylet)[0m     return future.result()
[2m[33m(raylet)[0m   File "/home/hice1/acheng324/scratch/conda_envs/soccertwos/lib/python3.8/site-packages/ray/new_dashboard/agent.py", line 138, in run
[2m[33m(raylet)[0m     modules = self._load_modules()
[2m[33m(raylet)[0m   File "/home/hice1/acheng324/scratch/conda_envs/soccertwos/lib/python3.8/site-packages/ray/new_dashboard/agent.py", line 92, in _load_modules
[2m[33m(raylet)[0m     c = cls(self)
[2m[33m(raylet)[0m   File "/home/hice1/acheng324/scratch/conda_envs/soccertwos/lib/python3.8/site-packages/ray/new_dashboard/modules/reporter/reporter_agent.py", line 148, in __init__
[2m[33m(raylet)[0m     self._metrics_agent = MetricsAgent(dashboard_agent.metrics_export_port)
[2m[33m(raylet)[0m   File "/home/hice1/acheng324/scratch/conda_envs/soccertwos/lib/python3.8/site-packages/ray/_private/metrics_agent.py", line 75, in __init__
[2m[33m(raylet)[0m     prometheus_exporter.new_stats_exporter(
[2m[33m(raylet)[0m   File "/home/hice1/acheng324/scratch/conda_envs/soccertwos/lib/python3.8/site-packages/ray/_private/prometheus_exporter.py", line 333, in new_stats_exporter
[2m[33m(raylet)[0m     exporter = PrometheusStatsExporter(
[2m[33m(raylet)[0m   File "/home/hice1/acheng324/scratch/conda_envs/soccertwos/lib/python3.8/site-packages/ray/_private/prometheus_exporter.py", line 266, in __init__
[2m[33m(raylet)[0m     self.serve_http()
[2m[33m(raylet)[0m   File "/home/hice1/acheng324/scratch/conda_envs/soccertwos/lib/python3.8/site-packages/ray/_private/prometheus_exporter.py", line 320, in serve_http
[2m[33m(raylet)[0m     start_http_server(
[2m[33m(raylet)[0m   File "/home/hice1/acheng324/scratch/conda_envs/soccertwos/lib/python3.8/site-packages/prometheus_client/exposition.py", line 231, in start_wsgi_server
[2m[33m(raylet)[0m     TmpServer.address_family, addr = _get_best_family(addr, port)
[2m[33m(raylet)[0m   File "/home/hice1/acheng324/scratch/conda_envs/soccertwos/lib/python3.8/site-packages/prometheus_client/exposition.py", line 169, in _get_best_family
[2m[33m(raylet)[0m     infos = socket.getaddrinfo(address, port, type=socket.SOCK_STREAM, flags=socket.AI_PASSIVE)
[2m[33m(raylet)[0m   File "/home/hice1/acheng324/scratch/conda_envs/soccertwos/lib/python3.8/socket.py", line 930, in getaddrinfo
[2m[33m(raylet)[0m     for res in _socket.getaddrinfo(host, port, family, type, proto, flags):
[2m[33m(raylet)[0m socket.gaierror: [Errno -2] Name or service not known
[2m[33m(raylet)[0m /home/hice1/acheng324/scratch/conda_envs/soccertwos/lib/python3.8/site-packages/ray/autoscaler/_private/cli_logger.py:57: FutureWarning: Not all Ray CLI dependencies were found. In Ray 1.4+, the Ray CLI, autoscaler, and dashboard will only be usable via `pip install 'ray[default]'`. Please update your install command.
[2m[33m(raylet)[0m   warnings.warn(
2026-03-30 14:44:07,037	WARNING worker.py:1114 -- The agent on node atl1-1-02-010-1-1.pace.gatech.edu failed with the following error:
Traceback (most recent call last):
  File "/home/hice1/acheng324/scratch/conda_envs/soccertwos/lib/python3.8/site-packages/ray/new_dashboard/agent.py", line 326, in <module>
    loop.run_until_complete(agent.run())
  File "/home/hice1/acheng324/scratch/conda_envs/soccertwos/lib/python3.8/asyncio/base_events.py", line 616, in run_until_complete
    return future.result()
  File "/home/hice1/acheng324/scratch/conda_envs/soccertwos/lib/python3.8/site-packages/ray/new_dashboard/agent.py", line 138, in run
    modules = self._load_modules()
  File "/home/hice1/acheng324/scratch/conda_envs/soccertwos/lib/python3.8/site-packages/ray/new_dashboard/agent.py", line 92, in _load_modules
    c = cls(self)
  File "/home/hice1/acheng324/scratch/conda_envs/soccertwos/lib/python3.8/site-packages/ray/new_dashboard/modules/reporter/reporter_agent.py", line 148, in __init__
    self._metrics_agent = MetricsAgent(dashboard_agent.metrics_export_port)
  File "/home/hice1/acheng324/scratch/conda_envs/soccertwos/lib/python3.8/site-packages/ray/_private/metrics_agent.py", line 75, in __init__
    prometheus_exporter.new_stats_exporter(
  File "/home/hice1/acheng324/scratch/conda_envs/soccertwos/lib/python3.8/site-packages/ray/_private/prometheus_exporter.py", line 333, in new_stats_exporter
    exporter = PrometheusStatsExporter(
  File "/home/hice1/acheng324/scratch/conda_envs/soccertwos/lib/python3.8/site-packages/ray/_private/prometheus_exporter.py", line 266, in __init__
    self.serve_http()
  File "/home/hice1/acheng324/scratch/conda_envs/soccertwos/lib/python3.8/site-packages/ray/_private/prometheus_exporter.py", line 320, in serve_http
    start_http_server(
  File "/home/hice1/acheng324/scratch/conda_envs/soccertwos/lib/python3.8/site-packages/prometheus_client/exposition.py", line 231, in start_wsgi_server
    TmpServer.address_family, addr = _get_best_family(addr, port)
  File "/home/hice1/acheng324/scratch/conda_envs/soccertwos/lib/python3.8/site-packages/prometheus_client/exposition.py", line 169, in _get_best_family
    infos = socket.getaddrinfo(address, port, type=socket.SOCK_STREAM, flags=socket.AI_PASSIVE)
  File "/home/hice1/acheng324/scratch/conda_envs/soccertwos/lib/python3.8/socket.py", line 930, in getaddrinfo
    for res in _socket.getaddrinfo(host, port, family, type, proto, flags):
socket.gaierror: [Errno -2] Name or service not known

[2m[33m(raylet)[0m Traceback (most recent call last):
[2m[33m(raylet)[0m   File "/home/hice1/acheng324/scratch/conda_envs/soccertwos/lib/python3.8/site-packages/ray/new_dashboard/agent.py", line 338, in <module>
[2m[33m(raylet)[0m     raise e
[2m[33m(raylet)[0m   File "/home/hice1/acheng324/scratch/conda_envs/soccertwos/lib/python3.8/site-packages/ray/new_dashboard/agent.py", line 326, in <module>
[2m[33m(raylet)[0m     loop.run_until_complete(agent.run())
[2m[33m(raylet)[0m   File "/home/hice1/acheng324/scratch/conda_envs/soccertwos/lib/python3.8/asyncio/base_events.py", line 616, in run_until_complete
[2m[33m(raylet)[0m     return future.result()
[2m[33m(raylet)[0m   File "/home/hice1/acheng324/scratch/conda_envs/soccertwos/lib/python3.8/site-packages/ray/new_dashboard/agent.py", line 138, in run
[2m[33m(raylet)[0m     modules = self._load_modules()
[2m[33m(raylet)[0m   File "/home/hice1/acheng324/scratch/conda_envs/soccertwos/lib/python3.8/site-packages/ray/new_dashboard/agent.py", line 92, in _load_modules
[2m[33m(raylet)[0m     c = cls(self)
[2m[33m(raylet)[0m   File "/home/hice1/acheng324/scratch/conda_envs/soccertwos/lib/python3.8/site-packages/ray/new_dashboard/modules/reporter/reporter_agent.py", line 148, in __init__
[2m[33m(raylet)[0m     self._metrics_agent = MetricsAgent(dashboard_agent.metrics_export_port)
[2m[33m(raylet)[0m   File "/home/hice1/acheng324/scratch/conda_envs/soccertwos/lib/python3.8/site-packages/ray/_private/metrics_agent.py", line 75, in __init__
[2m[33m(raylet)[0m     prometheus_exporter.new_stats_exporter(
[2m[33m(raylet)[0m   File "/home/hice1/acheng324/scratch/conda_envs/soccertwos/lib/python3.8/site-packages/ray/_private/prometheus_exporter.py", line 333, in new_stats_exporter
[2m[33m(raylet)[0m     exporter = PrometheusStatsExporter(
[2m[33m(raylet)[0m   File "/home/hice1/acheng324/scratch/conda_envs/soccertwos/lib/python3.8/site-packages/ray/_private/prometheus_exporter.py", line 266, in __init__
[2m[33m(raylet)[0m     self.serve_http()
[2m[33m(raylet)[0m   File "/home/hice1/acheng324/scratch/conda_envs/soccertwos/lib/python3.8/site-packages/ray/_private/prometheus_exporter.py", line 320, in serve_http
[2m[33m(raylet)[0m     start_http_server(
[2m[33m(raylet)[0m   File "/home/hice1/acheng324/scratch/conda_envs/soccertwos/lib/python3.8/site-packages/prometheus_client/exposition.py", line 231, in start_wsgi_server
[2m[33m(raylet)[0m     TmpServer.address_family, addr = _get_best_family(addr, port)
[2m[33m(raylet)[0m   File "/home/hice1/acheng324/scratch/conda_envs/soccertwos/lib/python3.8/site-packages/prometheus_client/exposition.py", line 169, in _get_best_family
[2m[33m(raylet)[0m     infos = socket.getaddrinfo(address, port, type=socket.SOCK_STREAM, flags=socket.AI_PASSIVE)
[2m[33m(raylet)[0m   File "/home/hice1/acheng324/scratch/conda_envs/soccertwos/lib/python3.8/socket.py", line 930, in getaddrinfo
[2m[33m(raylet)[0m     for res in _socket.getaddrinfo(host, port, family, type, proto, flags):
[2m[33m(raylet)[0m socket.gaierror: [Errno -2] Name or service not known
[2m[33m(raylet)[0m /home/hice1/acheng324/scratch/conda_envs/soccertwos/lib/python3.8/site-packages/ray/autoscaler/_private/cli_logger.py:57: FutureWarning: Not all Ray CLI dependencies were found. In Ray 1.4+, the Ray CLI, autoscaler, and dashboard will only be usable via `pip install 'ray[default]'`. Please update your install command.
[2m[33m(raylet)[0m   warnings.warn(
2026-03-30 14:44:09,848	WARNING worker.py:1114 -- The agent on node atl1-1-02-010-1-1.pace.gatech.edu failed with the following error:
Traceback (most recent call last):
  File "/home/hice1/acheng324/scratch/conda_envs/soccertwos/lib/python3.8/site-packages/ray/new_dashboard/agent.py", line 326, in <module>
    loop.run_until_complete(agent.run())
  File "/home/hice1/acheng324/scratch/conda_envs/soccertwos/lib/python3.8/asyncio/base_events.py", line 616, in run_until_complete
    return future.result()
  File "/home/hice1/acheng324/scratch/conda_envs/soccertwos/lib/python3.8/site-packages/ray/new_dashboard/agent.py", line 138, in run
    modules = self._load_modules()
  File "/home/hice1/acheng324/scratch/conda_envs/soccertwos/lib/python3.8/site-packages/ray/new_dashboard/agent.py", line 92, in _load_modules
    c = cls(self)
  File "/home/hice1/acheng324/scratch/conda_envs/soccertwos/lib/python3.8/site-packages/ray/new_dashboard/modules/reporter/reporter_agent.py", line 148, in __init__
    self._metrics_agent = MetricsAgent(dashboard_agent.metrics_export_port)
  File "/home/hice1/acheng324/scratch/conda_envs/soccertwos/lib/python3.8/site-packages/ray/_private/metrics_agent.py", line 75, in __init__
    prometheus_exporter.new_stats_exporter(
  File "/home/hice1/acheng324/scratch/conda_envs/soccertwos/lib/python3.8/site-packages/ray/_private/prometheus_exporter.py", line 333, in new_stats_exporter
    exporter = PrometheusStatsExporter(
  File "/home/hice1/acheng324/scratch/conda_envs/soccertwos/lib/python3.8/site-packages/ray/_private/prometheus_exporter.py", line 266, in __init__
    self.serve_http()
  File "/home/hice1/acheng324/scratch/conda_envs/soccertwos/lib/python3.8/site-packages/ray/_private/prometheus_exporter.py", line 320, in serve_http
    start_http_server(
  File "/home/hice1/acheng324/scratch/conda_envs/soccertwos/lib/python3.8/site-packages/prometheus_client/exposition.py", line 231, in start_wsgi_server
    TmpServer.address_family, addr = _get_best_family(addr, port)
  File "/home/hice1/acheng324/scratch/conda_envs/soccertwos/lib/python3.8/site-packages/prometheus_client/exposition.py", line 169, in _get_best_family
    infos = socket.getaddrinfo(address, port, type=socket.SOCK_STREAM, flags=socket.AI_PASSIVE)
  File "/home/hice1/acheng324/scratch/conda_envs/soccertwos/lib/python3.8/socket.py", line 930, in getaddrinfo
    for res in _socket.getaddrinfo(host, port, family, type, proto, flags):
socket.gaierror: [Errno -2] Name or service not known

[2m[33m(raylet)[0m Traceback (most recent call last):
[2m[33m(raylet)[0m   File "/home/hice1/acheng324/scratch/conda_envs/soccertwos/lib/python3.8/site-packages/ray/new_dashboard/agent.py", line 338, in <module>
[2m[33m(raylet)[0m     raise e
[2m[33m(raylet)[0m   File "/home/hice1/acheng324/scratch/conda_envs/soccertwos/lib/python3.8/site-packages/ray/new_dashboard/agent.py", line 326, in <module>
[2m[33m(raylet)[0m     loop.run_until_complete(agent.run())
[2m[33m(raylet)[0m   File "/home/hice1/acheng324/scratch/conda_envs/soccertwos/lib/python3.8/asyncio/base_events.py", line 616, in run_until_complete
[2m[33m(raylet)[0m     return future.result()
[2m[33m(raylet)[0m   File "/home/hice1/acheng324/scratch/conda_envs/soccertwos/lib/python3.8/site-packages/ray/new_dashboard/agent.py", line 138, in run
[2m[33m(raylet)[0m     modules = self._load_modules()
[2m[33m(raylet)[0m   File "/home/hice1/acheng324/scratch/conda_envs/soccertwos/lib/python3.8/site-packages/ray/new_dashboard/agent.py", line 92, in _load_modules
[2m[33m(raylet)[0m     c = cls(self)
[2m[33m(raylet)[0m   File "/home/hice1/acheng324/scratch/conda_envs/soccertwos/lib/python3.8/site-packages/ray/new_dashboard/modules/reporter/reporter_agent.py", line 148, in __init__
[2m[33m(raylet)[0m     self._metrics_agent = MetricsAgent(dashboard_agent.metrics_export_port)
[2m[33m(raylet)[0m   File "/home/hice1/acheng324/scratch/conda_envs/soccertwos/lib/python3.8/site-packages/ray/_private/metrics_agent.py", line 75, in __init__
[2m[33m(raylet)[0m     prometheus_exporter.new_stats_exporter(
[2m[33m(raylet)[0m   File "/home/hice1/acheng324/scratch/conda_envs/soccertwos/lib/python3.8/site-packages/ray/_private/prometheus_exporter.py", line 333, in new_stats_exporter
[2m[33m(raylet)[0m     exporter = PrometheusStatsExporter(
[2m[33m(raylet)[0m   File "/home/hice1/acheng324/scratch/conda_envs/soccertwos/lib/python3.8/site-packages/ray/_private/prometheus_exporter.py", line 266, in __init__
[2m[33m(raylet)[0m     self.serve_http()
[2m[33m(raylet)[0m   File "/home/hice1/acheng324/scratch/conda_envs/soccertwos/lib/python3.8/site-packages/ray/_private/prometheus_exporter.py", line 320, in serve_http
[2m[33m(raylet)[0m     start_http_server(
[2m[33m(raylet)[0m   File "/home/hice1/acheng324/scratch/conda_envs/soccertwos/lib/python3.8/site-packages/prometheus_client/exposition.py", line 231, in start_wsgi_server
[2m[33m(raylet)[0m     TmpServer.address_family, addr = _get_best_family(addr, port)
[2m[33m(raylet)[0m   File "/home/hice1/acheng324/scratch/conda_envs/soccertwos/lib/python3.8/site-packages/prometheus_client/exposition.py", line 169, in _get_best_family
[2m[33m(raylet)[0m     infos = socket.getaddrinfo(address, port, type=socket.SOCK_STREAM, flags=socket.AI_PASSIVE)
[2m[33m(raylet)[0m   File "/home/hice1/acheng324/scratch/conda_envs/soccertwos/lib/python3.8/socket.py", line 930, in getaddrinfo
[2m[33m(raylet)[0m     for res in _socket.getaddrinfo(host, port, family, type, proto, flags):
[2m[33m(raylet)[0m socket.gaierror: [Errno -2] Name or service not known
[2m[33m(raylet)[0m /home/hice1/acheng324/scratch/conda_envs/soccertwos/lib/python3.8/site-packages/ray/autoscaler/_private/cli_logger.py:57: FutureWarning: Not all Ray CLI dependencies were found. In Ray 1.4+, the Ray CLI, autoscaler, and dashboard will only be usable via `pip install 'ray[default]'`. Please update your install command.
[2m[33m(raylet)[0m   warnings.warn(
2026-03-30 14:44:12,674	WARNING worker.py:1114 -- The agent on node atl1-1-02-010-1-1.pace.gatech.edu failed with the following error:
Traceback (most recent call last):
  File "/home/hice1/acheng324/scratch/conda_envs/soccertwos/lib/python3.8/site-packages/ray/new_dashboard/agent.py", line 326, in <module>
    loop.run_until_complete(agent.run())
  File "/home/hice1/acheng324/scratch/conda_envs/soccertwos/lib/python3.8/asyncio/base_events.py", line 616, in run_until_complete
    return future.result()
  File "/home/hice1/acheng324/scratch/conda_envs/soccertwos/lib/python3.8/site-packages/ray/new_dashboard/agent.py", line 138, in run
    modules = self._load_modules()
  File "/home/hice1/acheng324/scratch/conda_envs/soccertwos/lib/python3.8/site-packages/ray/new_dashboard/agent.py", line 92, in _load_modules
    c = cls(self)
  File "/home/hice1/acheng324/scratch/conda_envs/soccertwos/lib/python3.8/site-packages/ray/new_dashboard/modules/reporter/reporter_agent.py", line 148, in __init__
    self._metrics_agent = MetricsAgent(dashboard_agent.metrics_export_port)
  File "/home/hice1/acheng324/scratch/conda_envs/soccertwos/lib/python3.8/site-packages/ray/_private/metrics_agent.py", line 75, in __init__
    prometheus_exporter.new_stats_exporter(
  File "/home/hice1/acheng324/scratch/conda_envs/soccertwos/lib/python3.8/site-packages/ray/_private/prometheus_exporter.py", line 333, in new_stats_exporter
    exporter = PrometheusStatsExporter(
  File "/home/hice1/acheng324/scratch/conda_envs/soccertwos/lib/python3.8/site-packages/ray/_private/prometheus_exporter.py", line 266, in __init__
    self.serve_http()
  File "/home/hice1/acheng324/scratch/conda_envs/soccertwos/lib/python3.8/site-packages/ray/_private/prometheus_exporter.py", line 320, in serve_http
    start_http_server(
  File "/home/hice1/acheng324/scratch/conda_envs/soccertwos/lib/python3.8/site-packages/prometheus_client/exposition.py", line 231, in start_wsgi_server
    TmpServer.address_family, addr = _get_best_family(addr, port)
  File "/home/hice1/acheng324/scratch/conda_envs/soccertwos/lib/python3.8/site-packages/prometheus_client/exposition.py", line 169, in _get_best_family
    infos = socket.getaddrinfo(address, port, type=socket.SOCK_STREAM, flags=socket.AI_PASSIVE)
  File "/home/hice1/acheng324/scratch/conda_envs/soccertwos/lib/python3.8/socket.py", line 930, in getaddrinfo
    for res in _socket.getaddrinfo(host, port, family, type, proto, flags):
socket.gaierror: [Errno -2] Name or service not known

[2m[33m(raylet)[0m Traceback (most recent call last):
[2m[33m(raylet)[0m   File "/home/hice1/acheng324/scratch/conda_envs/soccertwos/lib/python3.8/site-packages/ray/new_dashboard/agent.py", line 338, in <module>
[2m[33m(raylet)[0m     raise e
[2m[33m(raylet)[0m   File "/home/hice1/acheng324/scratch/conda_envs/soccertwos/lib/python3.8/site-packages/ray/new_dashboard/agent.py", line 326, in <module>
[2m[33m(raylet)[0m     loop.run_until_complete(agent.run())
[2m[33m(raylet)[0m   File "/home/hice1/acheng324/scratch/conda_envs/soccertwos/lib/python3.8/asyncio/base_events.py", line 616, in run_until_complete
[2m[33m(raylet)[0m     return future.result()
[2m[33m(raylet)[0m   File "/home/hice1/acheng324/scratch/conda_envs/soccertwos/lib/python3.8/site-packages/ray/new_dashboard/agent.py", line 138, in run
[2m[33m(raylet)[0m     modules = self._load_modules()
[2m[33m(raylet)[0m   File "/home/hice1/acheng324/scratch/conda_envs/soccertwos/lib/python3.8/site-packages/ray/new_dashboard/agent.py", line 92, in _load_modules
[2m[33m(raylet)[0m     c = cls(self)
[2m[33m(raylet)[0m   File "/home/hice1/acheng324/scratch/conda_envs/soccertwos/lib/python3.8/site-packages/ray/new_dashboard/modules/reporter/reporter_agent.py", line 148, in __init__
[2m[33m(raylet)[0m     self._metrics_agent = MetricsAgent(dashboard_agent.metrics_export_port)
[2m[33m(raylet)[0m   File "/home/hice1/acheng324/scratch/conda_envs/soccertwos/lib/python3.8/site-packages/ray/_private/metrics_agent.py", line 75, in __init__
[2m[33m(raylet)[0m     prometheus_exporter.new_stats_exporter(
[2m[33m(raylet)[0m   File "/home/hice1/acheng324/scratch/conda_envs/soccertwos/lib/python3.8/site-packages/ray/_private/prometheus_exporter.py", line 333, in new_stats_exporter
[2m[33m(raylet)[0m     exporter = PrometheusStatsExporter(
[2m[33m(raylet)[0m   File "/home/hice1/acheng324/scratch/conda_envs/soccertwos/lib/python3.8/site-packages/ray/_private/prometheus_exporter.py", line 266, in __init__
[2m[33m(raylet)[0m     self.serve_http()
[2m[33m(raylet)[0m   File "/home/hice1/acheng324/scratch/conda_envs/soccertwos/lib/python3.8/site-packages/ray/_private/prometheus_exporter.py", line 320, in serve_http
[2m[33m(raylet)[0m     start_http_server(
[2m[33m(raylet)[0m   File "/home/hice1/acheng324/scratch/conda_envs/soccertwos/lib/python3.8/site-packages/prometheus_client/exposition.py", line 231, in start_wsgi_server
[2m[33m(raylet)[0m     TmpServer.address_family, addr = _get_best_family(addr, port)
[2m[33m(raylet)[0m   File "/home/hice1/acheng324/scratch/conda_envs/soccertwos/lib/python3.8/site-packages/prometheus_client/exposition.py", line 169, in _get_best_family
[2m[33m(raylet)[0m     infos = socket.getaddrinfo(address, port, type=socket.SOCK_STREAM, flags=socket.AI_PASSIVE)
[2m[33m(raylet)[0m   File "/home/hice1/acheng324/scratch/conda_envs/soccertwos/lib/python3.8/socket.py", line 930, in getaddrinfo
[2m[33m(raylet)[0m     for res in _socket.getaddrinfo(host, port, family, type, proto, flags):
[2m[33m(raylet)[0m socket.gaierror: [Errno -2] Name or service not known
[2m[33m(raylet)[0m /home/hice1/acheng324/scratch/conda_envs/soccertwos/lib/python3.8/site-packages/ray/autoscaler/_private/cli_logger.py:57: FutureWarning: Not all Ray CLI dependencies were found. In Ray 1.4+, the Ray CLI, autoscaler, and dashboard will only be usable via `pip install 'ray[default]'`. Please update your install command.
[2m[33m(raylet)[0m   warnings.warn(
2026-03-30 14:44:15,485	WARNING worker.py:1114 -- The agent on node atl1-1-02-010-1-1.pace.gatech.edu failed with the following error:
Traceback (most recent call last):
  File "/home/hice1/acheng324/scratch/conda_envs/soccertwos/lib/python3.8/site-packages/ray/new_dashboard/agent.py", line 326, in <module>
    loop.run_until_complete(agent.run())
  File "/home/hice1/acheng324/scratch/conda_envs/soccertwos/lib/python3.8/asyncio/base_events.py", line 616, in run_until_complete
    return future.result()
  File "/home/hice1/acheng324/scratch/conda_envs/soccertwos/lib/python3.8/site-packages/ray/new_dashboard/agent.py", line 138, in run
    modules = self._load_modules()
  File "/home/hice1/acheng324/scratch/conda_envs/soccertwos/lib/python3.8/site-packages/ray/new_dashboard/agent.py", line 92, in _load_modules
    c = cls(self)
  File "/home/hice1/acheng324/scratch/conda_envs/soccertwos/lib/python3.8/site-packages/ray/new_dashboard/modules/reporter/reporter_agent.py", line 148, in __init__
    self._metrics_agent = MetricsAgent(dashboard_agent.metrics_export_port)
  File "/home/hice1/acheng324/scratch/conda_envs/soccertwos/lib/python3.8/site-packages/ray/_private/metrics_agent.py", line 75, in __init__
    prometheus_exporter.new_stats_exporter(
  File "/home/hice1/acheng324/scratch/conda_envs/soccertwos/lib/python3.8/site-packages/ray/_private/prometheus_exporter.py", line 333, in new_stats_exporter
    exporter = PrometheusStatsExporter(
  File "/home/hice1/acheng324/scratch/conda_envs/soccertwos/lib/python3.8/site-packages/ray/_private/prometheus_exporter.py", line 266, in __init__
    self.serve_http()
  File "/home/hice1/acheng324/scratch/conda_envs/soccertwos/lib/python3.8/site-packages/ray/_private/prometheus_exporter.py", line 320, in serve_http
    start_http_server(
  File "/home/hice1/acheng324/scratch/conda_envs/soccertwos/lib/python3.8/site-packages/prometheus_client/exposition.py", line 231, in start_wsgi_server
    TmpServer.address_family, addr = _get_best_family(addr, port)
  File "/home/hice1/acheng324/scratch/conda_envs/soccertwos/lib/python3.8/site-packages/prometheus_client/exposition.py", line 169, in _get_best_family
    infos = socket.getaddrinfo(address, port, type=socket.SOCK_STREAM, flags=socket.AI_PASSIVE)
  File "/home/hice1/acheng324/scratch/conda_envs/soccertwos/lib/python3.8/socket.py", line 930, in getaddrinfo
    for res in _socket.getaddrinfo(host, port, family, type, proto, flags):
socket.gaierror: [Errno -2] Name or service not known

[2m[33m(raylet)[0m Traceback (most recent call last):
[2m[33m(raylet)[0m   File "/home/hice1/acheng324/scratch/conda_envs/soccertwos/lib/python3.8/site-packages/ray/new_dashboard/agent.py", line 338, in <module>
[2m[33m(raylet)[0m     raise e
[2m[33m(raylet)[0m   File "/home/hice1/acheng324/scratch/conda_envs/soccertwos/lib/python3.8/site-packages/ray/new_dashboard/agent.py", line 326, in <module>
[2m[33m(raylet)[0m     loop.run_until_complete(agent.run())
[2m[33m(raylet)[0m   File "/home/hice1/acheng324/scratch/conda_envs/soccertwos/lib/python3.8/asyncio/base_events.py", line 616, in run_until_complete
[2m[33m(raylet)[0m     return future.result()
[2m[33m(raylet)[0m   File "/home/hice1/acheng324/scratch/conda_envs/soccertwos/lib/python3.8/site-packages/ray/new_dashboard/agent.py", line 138, in run
[2m[33m(raylet)[0m     modules = self._load_modules()
[2m[33m(raylet)[0m   File "/home/hice1/acheng324/scratch/conda_envs/soccertwos/lib/python3.8/site-packages/ray/new_dashboard/agent.py", line 92, in _load_modules
[2m[33m(raylet)[0m     c = cls(self)
[2m[33m(raylet)[0m   File "/home/hice1/acheng324/scratch/conda_envs/soccertwos/lib/python3.8/site-packages/ray/new_dashboard/modules/reporter/reporter_agent.py", line 148, in __init__
[2m[33m(raylet)[0m     self._metrics_agent = MetricsAgent(dashboard_agent.metrics_export_port)
[2m[33m(raylet)[0m   File "/home/hice1/acheng324/scratch/conda_envs/soccertwos/lib/python3.8/site-packages/ray/_private/metrics_agent.py", line 75, in __init__
[2m[33m(raylet)[0m     prometheus_exporter.new_stats_exporter(
[2m[33m(raylet)[0m   File "/home/hice1/acheng324/scratch/conda_envs/soccertwos/lib/python3.8/site-packages/ray/_private/prometheus_exporter.py", line 333, in new_stats_exporter
[2m[33m(raylet)[0m     exporter = PrometheusStatsExporter(
[2m[33m(raylet)[0m   File "/home/hice1/acheng324/scratch/conda_envs/soccertwos/lib/python3.8/site-packages/ray/_private/prometheus_exporter.py", line 266, in __init__
[2m[33m(raylet)[0m     self.serve_http()
[2m[33m(raylet)[0m   File "/home/hice1/acheng324/scratch/conda_envs/soccertwos/lib/python3.8/site-packages/ray/_private/prometheus_exporter.py", line 320, in serve_http
[2m[33m(raylet)[0m     start_http_server(
[2m[33m(raylet)[0m   File "/home/hice1/acheng324/scratch/conda_envs/soccertwos/lib/python3.8/site-packages/prometheus_client/exposition.py", line 231, in start_wsgi_server
[2m[33m(raylet)[0m     TmpServer.address_family, addr = _get_best_family(addr, port)
[2m[33m(raylet)[0m   File "/home/hice1/acheng324/scratch/conda_envs/soccertwos/lib/python3.8/site-packages/prometheus_client/exposition.py", line 169, in _get_best_family
[2m[33m(raylet)[0m     infos = socket.getaddrinfo(address, port, type=socket.SOCK_STREAM, flags=socket.AI_PASSIVE)
[2m[33m(raylet)[0m   File "/home/hice1/acheng324/scratch/conda_envs/soccertwos/lib/python3.8/socket.py", line 930, in getaddrinfo
[2m[33m(raylet)[0m     for res in _socket.getaddrinfo(host, port, family, type, proto, flags):
[2m[33m(raylet)[0m socket.gaierror: [Errno -2] Name or service not known
[2m[33m(raylet)[0m /home/hice1/acheng324/scratch/conda_envs/soccertwos/lib/python3.8/site-packages/ray/autoscaler/_private/cli_logger.py:57: FutureWarning: Not all Ray CLI dependencies were found. In Ray 1.4+, the Ray CLI, autoscaler, and dashboard will only be usable via `pip install 'ray[default]'`. Please update your install command.
[2m[33m(raylet)[0m   warnings.warn(
2026-03-30 14:44:18,294	WARNING worker.py:1114 -- The agent on node atl1-1-02-010-1-1.pace.gatech.edu failed with the following error:
Traceback (most recent call last):
  File "/home/hice1/acheng324/scratch/conda_envs/soccertwos/lib/python3.8/site-packages/ray/new_dashboard/agent.py", line 326, in <module>
    loop.run_until_complete(agent.run())
  File "/home/hice1/acheng324/scratch/conda_envs/soccertwos/lib/python3.8/asyncio/base_events.py", line 616, in run_until_complete
    return future.result()
  File "/home/hice1/acheng324/scratch/conda_envs/soccertwos/lib/python3.8/site-packages/ray/new_dashboard/agent.py", line 138, in run
    modules = self._load_modules()
  File "/home/hice1/acheng324/scratch/conda_envs/soccertwos/lib/python3.8/site-packages/ray/new_dashboard/agent.py", line 92, in _load_modules
    c = cls(self)
  File "/home/hice1/acheng324/scratch/conda_envs/soccertwos/lib/python3.8/site-packages/ray/new_dashboard/modules/reporter/reporter_agent.py", line 148, in __init__
    self._metrics_agent = MetricsAgent(dashboard_agent.metrics_export_port)
  File "/home/hice1/acheng324/scratch/conda_envs/soccertwos/lib/python3.8/site-packages/ray/_private/metrics_agent.py", line 75, in __init__
    prometheus_exporter.new_stats_exporter(
  File "/home/hice1/acheng324/scratch/conda_envs/soccertwos/lib/python3.8/site-packages/ray/_private/prometheus_exporter.py", line 333, in new_stats_exporter
    exporter = PrometheusStatsExporter(
  File "/home/hice1/acheng324/scratch/conda_envs/soccertwos/lib/python3.8/site-packages/ray/_private/prometheus_exporter.py", line 266, in __init__
    self.serve_http()
  File "/home/hice1/acheng324/scratch/conda_envs/soccertwos/lib/python3.8/site-packages/ray/_private/prometheus_exporter.py", line 320, in serve_http
    start_http_server(
  File "/home/hice1/acheng324/scratch/conda_envs/soccertwos/lib/python3.8/site-packages/prometheus_client/exposition.py", line 231, in start_wsgi_server
    TmpServer.address_family, addr = _get_best_family(addr, port)
  File "/home/hice1/acheng324/scratch/conda_envs/soccertwos/lib/python3.8/site-packages/prometheus_client/exposition.py", line 169, in _get_best_family
    infos = socket.getaddrinfo(address, port, type=socket.SOCK_STREAM, flags=socket.AI_PASSIVE)
  File "/home/hice1/acheng324/scratch/conda_envs/soccertwos/lib/python3.8/socket.py", line 930, in getaddrinfo
    for res in _socket.getaddrinfo(host, port, family, type, proto, flags):
socket.gaierror: [Errno -2] Name or service not known

[2m[33m(raylet)[0m Traceback (most recent call last):
[2m[33m(raylet)[0m   File "/home/hice1/acheng324/scratch/conda_envs/soccertwos/lib/python3.8/site-packages/ray/new_dashboard/agent.py", line 338, in <module>
[2m[33m(raylet)[0m     raise e
[2m[33m(raylet)[0m   File "/home/hice1/acheng324/scratch/conda_envs/soccertwos/lib/python3.8/site-packages/ray/new_dashboard/agent.py", line 326, in <module>
[2m[33m(raylet)[0m     loop.run_until_complete(agent.run())
[2m[33m(raylet)[0m   File "/home/hice1/acheng324/scratch/conda_envs/soccertwos/lib/python3.8/asyncio/base_events.py", line 616, in run_until_complete
[2m[33m(raylet)[0m     return future.result()
[2m[33m(raylet)[0m   File "/home/hice1/acheng324/scratch/conda_envs/soccertwos/lib/python3.8/site-packages/ray/new_dashboard/agent.py", line 138, in run
[2m[33m(raylet)[0m     modules = self._load_modules()
[2m[33m(raylet)[0m   File "/home/hice1/acheng324/scratch/conda_envs/soccertwos/lib/python3.8/site-packages/ray/new_dashboard/agent.py", line 92, in _load_modules
[2m[33m(raylet)[0m     c = cls(self)
[2m[33m(raylet)[0m   File "/home/hice1/acheng324/scratch/conda_envs/soccertwos/lib/python3.8/site-packages/ray/new_dashboard/modules/reporter/reporter_agent.py", line 148, in __init__
[2m[33m(raylet)[0m     self._metrics_agent = MetricsAgent(dashboard_agent.metrics_export_port)
[2m[33m(raylet)[0m   File "/home/hice1/acheng324/scratch/conda_envs/soccertwos/lib/python3.8/site-packages/ray/_private/metrics_agent.py", line 75, in __init__
[2m[33m(raylet)[0m     prometheus_exporter.new_stats_exporter(
[2m[33m(raylet)[0m   File "/home/hice1/acheng324/scratch/conda_envs/soccertwos/lib/python3.8/site-packages/ray/_private/prometheus_exporter.py", line 333, in new_stats_exporter
[2m[33m(raylet)[0m     exporter = PrometheusStatsExporter(
[2m[33m(raylet)[0m   File "/home/hice1/acheng324/scratch/conda_envs/soccertwos/lib/python3.8/site-packages/ray/_private/prometheus_exporter.py", line 266, in __init__
[2m[33m(raylet)[0m     self.serve_http()
[2m[33m(raylet)[0m   File "/home/hice1/acheng324/scratch/conda_envs/soccertwos/lib/python3.8/site-packages/ray/_private/prometheus_exporter.py", line 320, in serve_http
[2m[33m(raylet)[0m     start_http_server(
[2m[33m(raylet)[0m   File "/home/hice1/acheng324/scratch/conda_envs/soccertwos/lib/python3.8/site-packages/prometheus_client/exposition.py", line 231, in start_wsgi_server
[2m[33m(raylet)[0m     TmpServer.address_family, addr = _get_best_family(addr, port)
[2m[33m(raylet)[0m   File "/home/hice1/acheng324/scratch/conda_envs/soccertwos/lib/python3.8/site-packages/prometheus_client/exposition.py", line 169, in _get_best_family
[2m[33m(raylet)[0m     infos = socket.getaddrinfo(address, port, type=socket.SOCK_STREAM, flags=socket.AI_PASSIVE)
[2m[33m(raylet)[0m   File "/home/hice1/acheng324/scratch/conda_envs/soccertwos/lib/python3.8/socket.py", line 930, in getaddrinfo
[2m[33m(raylet)[0m     for res in _socket.getaddrinfo(host, port, family, type, proto, flags):
[2m[33m(raylet)[0m socket.gaierror: [Errno -2] Name or service not known
[2m[33m(raylet)[0m /home/hice1/acheng324/scratch/conda_envs/soccertwos/lib/python3.8/site-packages/ray/autoscaler/_private/cli_logger.py:57: FutureWarning: Not all Ray CLI dependencies were found. In Ray 1.4+, the Ray CLI, autoscaler, and dashboard will only be usable via `pip install 'ray[default]'`. Please update your install command.
[2m[33m(raylet)[0m   warnings.warn(
2026-03-30 14:44:21,104	WARNING worker.py:1114 -- The agent on node atl1-1-02-010-1-1.pace.gatech.edu failed with the following error:
Traceback (most recent call last):
  File "/home/hice1/acheng324/scratch/conda_envs/soccertwos/lib/python3.8/site-packages/ray/new_dashboard/agent.py", line 326, in <module>
    loop.run_until_complete(agent.run())
  File "/home/hice1/acheng324/scratch/conda_envs/soccertwos/lib/python3.8/asyncio/base_events.py", line 616, in run_until_complete
    return future.result()
  File "/home/hice1/acheng324/scratch/conda_envs/soccertwos/lib/python3.8/site-packages/ray/new_dashboard/agent.py", line 138, in run
    modules = self._load_modules()
  File "/home/hice1/acheng324/scratch/conda_envs/soccertwos/lib/python3.8/site-packages/ray/new_dashboard/agent.py", line 92, in _load_modules
    c = cls(self)
  File "/home/hice1/acheng324/scratch/conda_envs/soccertwos/lib/python3.8/site-packages/ray/new_dashboard/modules/reporter/reporter_agent.py", line 148, in __init__
    self._metrics_agent = MetricsAgent(dashboard_agent.metrics_export_port)
  File "/home/hice1/acheng324/scratch/conda_envs/soccertwos/lib/python3.8/site-packages/ray/_private/metrics_agent.py", line 75, in __init__
    prometheus_exporter.new_stats_exporter(
  File "/home/hice1/acheng324/scratch/conda_envs/soccertwos/lib/python3.8/site-packages/ray/_private/prometheus_exporter.py", line 333, in new_stats_exporter
    exporter = PrometheusStatsExporter(
  File "/home/hice1/acheng324/scratch/conda_envs/soccertwos/lib/python3.8/site-packages/ray/_private/prometheus_exporter.py", line 266, in __init__
    self.serve_http()
  File "/home/hice1/acheng324/scratch/conda_envs/soccertwos/lib/python3.8/site-packages/ray/_private/prometheus_exporter.py", line 320, in serve_http
    start_http_server(
  File "/home/hice1/acheng324/scratch/conda_envs/soccertwos/lib/python3.8/site-packages/prometheus_client/exposition.py", line 231, in start_wsgi_server
    TmpServer.address_family, addr = _get_best_family(addr, port)
  File "/home/hice1/acheng324/scratch/conda_envs/soccertwos/lib/python3.8/site-packages/prometheus_client/exposition.py", line 169, in _get_best_family
    infos = socket.getaddrinfo(address, port, type=socket.SOCK_STREAM, flags=socket.AI_PASSIVE)
  File "/home/hice1/acheng324/scratch/conda_envs/soccertwos/lib/python3.8/socket.py", line 930, in getaddrinfo
    for res in _socket.getaddrinfo(host, port, family, type, proto, flags):
socket.gaierror: [Errno -2] Name or service not known

[2m[33m(raylet)[0m Traceback (most recent call last):
[2m[33m(raylet)[0m   File "/home/hice1/acheng324/scratch/conda_envs/soccertwos/lib/python3.8/site-packages/ray/new_dashboard/agent.py", line 338, in <module>
[2m[33m(raylet)[0m     raise e
[2m[33m(raylet)[0m   File "/home/hice1/acheng324/scratch/conda_envs/soccertwos/lib/python3.8/site-packages/ray/new_dashboard/agent.py", line 326, in <module>
[2m[33m(raylet)[0m     loop.run_until_complete(agent.run())
[2m[33m(raylet)[0m   File "/home/hice1/acheng324/scratch/conda_envs/soccertwos/lib/python3.8/asyncio/base_events.py", line 616, in run_until_complete
[2m[33m(raylet)[0m     return future.result()
[2m[33m(raylet)[0m   File "/home/hice1/acheng324/scratch/conda_envs/soccertwos/lib/python3.8/site-packages/ray/new_dashboard/agent.py", line 138, in run
[2m[33m(raylet)[0m     modules = self._load_modules()
[2m[33m(raylet)[0m   File "/home/hice1/acheng324/scratch/conda_envs/soccertwos/lib/python3.8/site-packages/ray/new_dashboard/agent.py", line 92, in _load_modules
[2m[33m(raylet)[0m     c = cls(self)
[2m[33m(raylet)[0m   File "/home/hice1/acheng324/scratch/conda_envs/soccertwos/lib/python3.8/site-packages/ray/new_dashboard/modules/reporter/reporter_agent.py", line 148, in __init__
[2m[33m(raylet)[0m     self._metrics_agent = MetricsAgent(dashboard_agent.metrics_export_port)
[2m[33m(raylet)[0m   File "/home/hice1/acheng324/scratch/conda_envs/soccertwos/lib/python3.8/site-packages/ray/_private/metrics_agent.py", line 75, in __init__
[2m[33m(raylet)[0m     prometheus_exporter.new_stats_exporter(
[2m[33m(raylet)[0m   File "/home/hice1/acheng324/scratch/conda_envs/soccertwos/lib/python3.8/site-packages/ray/_private/prometheus_exporter.py", line 333, in new_stats_exporter
[2m[33m(raylet)[0m     exporter = PrometheusStatsExporter(
[2m[33m(raylet)[0m   File "/home/hice1/acheng324/scratch/conda_envs/soccertwos/lib/python3.8/site-packages/ray/_private/prometheus_exporter.py", line 266, in __init__
[2m[33m(raylet)[0m     self.serve_http()
[2m[33m(raylet)[0m   File "/home/hice1/acheng324/scratch/conda_envs/soccertwos/lib/python3.8/site-packages/ray/_private/prometheus_exporter.py", line 320, in serve_http
[2m[33m(raylet)[0m     start_http_server(
[2m[33m(raylet)[0m   File "/home/hice1/acheng324/scratch/conda_envs/soccertwos/lib/python3.8/site-packages/prometheus_client/exposition.py", line 231, in start_wsgi_server
[2m[33m(raylet)[0m     TmpServer.address_family, addr = _get_best_family(addr, port)
[2m[33m(raylet)[0m   File "/home/hice1/acheng324/scratch/conda_envs/soccertwos/lib/python3.8/site-packages/prometheus_client/exposition.py", line 169, in _get_best_family
[2m[33m(raylet)[0m     infos = socket.getaddrinfo(address, port, type=socket.SOCK_STREAM, flags=socket.AI_PASSIVE)
[2m[33m(raylet)[0m   File "/home/hice1/acheng324/scratch/conda_envs/soccertwos/lib/python3.8/socket.py", line 930, in getaddrinfo
[2m[33m(raylet)[0m     for res in _socket.getaddrinfo(host, port, family, type, proto, flags):
[2m[33m(raylet)[0m socket.gaierror: [Errno -2] Name or service not known
[2m[33m(raylet)[0m /home/hice1/acheng324/scratch/conda_envs/soccertwos/lib/python3.8/site-packages/ray/autoscaler/_private/cli_logger.py:57: FutureWarning: Not all Ray CLI dependencies were found. In Ray 1.4+, the Ray CLI, autoscaler, and dashboard will only be usable via `pip install 'ray[default]'`. Please update your install command.
[2m[33m(raylet)[0m   warnings.warn(
2026-03-30 14:44:23,912	WARNING worker.py:1114 -- The agent on node atl1-1-02-010-1-1.pace.gatech.edu failed with the following error:
Traceback (most recent call last):
  File "/home/hice1/acheng324/scratch/conda_envs/soccertwos/lib/python3.8/site-packages/ray/new_dashboard/agent.py", line 326, in <module>
    loop.run_until_complete(agent.run())
  File "/home/hice1/acheng324/scratch/conda_envs/soccertwos/lib/python3.8/asyncio/base_events.py", line 616, in run_until_complete
    return future.result()
  File "/home/hice1/acheng324/scratch/conda_envs/soccertwos/lib/python3.8/site-packages/ray/new_dashboard/agent.py", line 138, in run
    modules = self._load_modules()
  File "/home/hice1/acheng324/scratch/conda_envs/soccertwos/lib/python3.8/site-packages/ray/new_dashboard/agent.py", line 92, in _load_modules
    c = cls(self)
  File "/home/hice1/acheng324/scratch/conda_envs/soccertwos/lib/python3.8/site-packages/ray/new_dashboard/modules/reporter/reporter_agent.py", line 148, in __init__
    self._metrics_agent = MetricsAgent(dashboard_agent.metrics_export_port)
  File "/home/hice1/acheng324/scratch/conda_envs/soccertwos/lib/python3.8/site-packages/ray/_private/metrics_agent.py", line 75, in __init__
    prometheus_exporter.new_stats_exporter(
  File "/home/hice1/acheng324/scratch/conda_envs/soccertwos/lib/python3.8/site-packages/ray/_private/prometheus_exporter.py", line 333, in new_stats_exporter
    exporter = PrometheusStatsExporter(
  File "/home/hice1/acheng324/scratch/conda_envs/soccertwos/lib/python3.8/site-packages/ray/_private/prometheus_exporter.py", line 266, in __init__
    self.serve_http()
  File "/home/hice1/acheng324/scratch/conda_envs/soccertwos/lib/python3.8/site-packages/ray/_private/prometheus_exporter.py", line 320, in serve_http
    start_http_server(
  File "/home/hice1/acheng324/scratch/conda_envs/soccertwos/lib/python3.8/site-packages/prometheus_client/exposition.py", line 231, in start_wsgi_server
    TmpServer.address_family, addr = _get_best_family(addr, port)
  File "/home/hice1/acheng324/scratch/conda_envs/soccertwos/lib/python3.8/site-packages/prometheus_client/exposition.py", line 169, in _get_best_family
    infos = socket.getaddrinfo(address, port, type=socket.SOCK_STREAM, flags=socket.AI_PASSIVE)
  File "/home/hice1/acheng324/scratch/conda_envs/soccertwos/lib/python3.8/socket.py", line 930, in getaddrinfo
    for res in _socket.getaddrinfo(host, port, family, type, proto, flags):
socket.gaierror: [Errno -2] Name or service not known

[2026-03-30T14:45:12.383] error: *** JOB 4556687 ON atl1-1-02-010-1-1 CANCELLED AT 2026-03-30T14:45:12 DUE to SIGNAL Terminated ***
---------------------------------------
Begin Slurm Epilog: Mar-30-2026 14:45:15
Job ID:        4556687
User ID:       acheng324
Account:       coc
Job name:      soccerstwos
Resources:     cpu=32,mem=192G,node=4
Rsrc Used:     cput=02:31:28,vmem=0,walltime=00:04:44,mem=1628744K,energy_used=0
Partition:     pace-cpu
QOS:           coe-ice
Nodes:         atl1-1-02-010-1-[1-2],atl1-1-02-010-2-[1-2]
---------------------------------------
