---------------------------------------
Begin Slurm Prolog: Mar-30-2026 18:00:55
Job ID:    4557845
User ID:   acheng324
Account:   coc
Job name:  soccertwos
Partition: ice-gpu
QOS:       coc-ice
---------------------------------------
=== Job Info ===
Node:    atl1-1-01-002-8-0.pace.gatech.edu
Time:    Mon Mar 30 18:01:06 EDT 2026
Python:  /home/hice1/acheng324/scratch/conda_envs/soccertwos/bin/python
GPUs:    0
================
[INFO] Connected to Unity environment with package version 2.1.0-exp.1 and communication version 1.5.0
[INFO] Connected new brain: SoccerTwos?team=1
[INFO] Connected new brain: SoccerTwos?team=0
== Status ==
Memory usage on this node: 20.7/187.0 GiB
Using FIFO scheduling algorithm.
Resources requested: 0/40 CPUs, 0/1 GPUs, 0.0/109.46 GiB heap, 0.0/50.9 GiB objects (0.0/1.0 accelerator_type:V100)
Result logdir: /storage/ice1/4/7/acheng324/soccer-twos-starter/ray_results/PPO_curriculum
Number of trials: 1/1 (1 PENDING)
+------------------------+----------+-------+
| Trial name             | status   | loc   |
|------------------------+----------+-------|
| PPO_Soccer_226c6_00000 | PENDING  |       |
+------------------------+----------+-------+


[2m[36m(pid=796995, ip=172.27.144.17)[0m [INFO] Connected to Unity environment with package version 2.1.0-exp.1 and communication version 1.5.0
[2m[36m(pid=796999, ip=172.27.144.17)[0m [INFO] Connected to Unity environment with package version 2.1.0-exp.1 and communication version 1.5.0
[2m[36m(pid=796995, ip=172.27.144.17)[0m [INFO] Connected new brain: SoccerTwos?team=1
[2m[36m(pid=796995, ip=172.27.144.17)[0m [INFO] Connected new brain: SoccerTwos?team=0
[2m[36m(pid=796999, ip=172.27.144.17)[0m [INFO] Connected new brain: SoccerTwos?team=1
[2m[36m(pid=796999, ip=172.27.144.17)[0m [INFO] Connected new brain: SoccerTwos?team=0
[2m[36m(pid=796982, ip=172.27.144.17)[0m [INFO] Connected to Unity environment with package version 2.1.0-exp.1 and communication version 1.5.0
[2m[36m(pid=796993, ip=172.27.144.17)[0m [INFO] Connected to Unity environment with package version 2.1.0-exp.1 and communication version 1.5.0
[2m[36m(pid=796963, ip=172.27.144.17)[0m [INFO] Connected to Unity environment with package version 2.1.0-exp.1 and communication version 1.5.0
[2m[36m(pid=796992, ip=172.27.144.17)[0m [INFO] Connected to Unity environment with package version 2.1.0-exp.1 and communication version 1.5.0
[2m[36m(pid=796994, ip=172.27.144.17)[0m [INFO] Connected to Unity environment with package version 2.1.0-exp.1 and communication version 1.5.0
[2m[36m(pid=796972, ip=172.27.144.17)[0m [INFO] Connected to Unity environment with package version 2.1.0-exp.1 and communication version 1.5.0
[2m[36m(pid=796983, ip=172.27.144.17)[0m [INFO] Connected to Unity environment with package version 2.1.0-exp.1 and communication version 1.5.0
[2m[36m(pid=796958, ip=172.27.144.17)[0m [INFO] Connected to Unity environment with package version 2.1.0-exp.1 and communication version 1.5.0
[2m[36m(pid=796984, ip=172.27.144.17)[0m [INFO] Connected to Unity environment with package version 2.1.0-exp.1 and communication version 1.5.0
[2m[36m(pid=796968, ip=172.27.144.17)[0m [INFO] Connected to Unity environment with package version 2.1.0-exp.1 and communication version 1.5.0
[2m[36m(pid=796969, ip=172.27.144.17)[0m [INFO] Connected to Unity environment with package version 2.1.0-exp.1 and communication version 1.5.0
[2m[36m(pid=796980, ip=172.27.144.17)[0m [INFO] Connected to Unity environment with package version 2.1.0-exp.1 and communication version 1.5.0
[2m[36m(pid=796993, ip=172.27.144.17)[0m [INFO] Connected new brain: SoccerTwos?team=1
[2m[36m(pid=796993, ip=172.27.144.17)[0m [INFO] Connected new brain: SoccerTwos?team=0
[2m[36m(pid=796994, ip=172.27.144.17)[0m [INFO] Connected new brain: SoccerTwos?team=1
[2m[36m(pid=796994, ip=172.27.144.17)[0m [INFO] Connected new brain: SoccerTwos?team=0
[2m[36m(pid=796982, ip=172.27.144.17)[0m [INFO] Connected new brain: SoccerTwos?team=1
[2m[36m(pid=796982, ip=172.27.144.17)[0m [INFO] Connected new brain: SoccerTwos?team=0
[2m[36m(pid=796963, ip=172.27.144.17)[0m [INFO] Connected new brain: SoccerTwos?team=1
[2m[36m(pid=796963, ip=172.27.144.17)[0m [INFO] Connected new brain: SoccerTwos?team=0
[2m[36m(pid=796992, ip=172.27.144.17)[0m [INFO] Connected new brain: SoccerTwos?team=1
[2m[36m(pid=796992, ip=172.27.144.17)[0m [INFO] Connected new brain: SoccerTwos?team=0
[2m[36m(pid=796972, ip=172.27.144.17)[0m [INFO] Connected new brain: SoccerTwos?team=1
[2m[36m(pid=796972, ip=172.27.144.17)[0m [INFO] Connected new brain: SoccerTwos?team=0
[2m[36m(pid=796983, ip=172.27.144.17)[0m [INFO] Connected new brain: SoccerTwos?team=1
[2m[36m(pid=796983, ip=172.27.144.17)[0m [INFO] Connected new brain: SoccerTwos?team=0
[2m[36m(pid=796958, ip=172.27.144.17)[0m [INFO] Connected new brain: SoccerTwos?team=1
[2m[36m(pid=796958, ip=172.27.144.17)[0m [INFO] Connected new brain: SoccerTwos?team=0
[2m[36m(pid=796984, ip=172.27.144.17)[0m [INFO] Connected new brain: SoccerTwos?team=1
[2m[36m(pid=796984, ip=172.27.144.17)[0m [INFO] Connected new brain: SoccerTwos?team=0
[2m[36m(pid=796968, ip=172.27.144.17)[0m [INFO] Connected new brain: SoccerTwos?team=1
[2m[36m(pid=796968, ip=172.27.144.17)[0m [INFO] Connected new brain: SoccerTwos?team=0
[2m[36m(pid=796969, ip=172.27.144.17)[0m [INFO] Connected new brain: SoccerTwos?team=1
[2m[36m(pid=796969, ip=172.27.144.17)[0m [INFO] Connected new brain: SoccerTwos?team=0
[2m[36m(pid=796980, ip=172.27.144.17)[0m [INFO] Connected new brain: SoccerTwos?team=1
[2m[36m(pid=796980, ip=172.27.144.17)[0m [INFO] Connected new brain: SoccerTwos?team=0
[2m[36m(pid=796994, ip=172.27.144.17)[0m [INFO] Connected to Unity environment with package version 2.1.0-exp.1 and communication version 1.5.0
[2m[36m(pid=796983, ip=172.27.144.17)[0m [INFO] Connected to Unity environment with package version 2.1.0-exp.1 and communication version 1.5.0
[2m[36m(pid=796958, ip=172.27.144.17)[0m [INFO] Connected to Unity environment with package version 2.1.0-exp.1 and communication version 1.5.0
[2m[36m(pid=796969, ip=172.27.144.17)[0m [INFO] Connected to Unity environment with package version 2.1.0-exp.1 and communication version 1.5.0
[2m[36m(pid=796994, ip=172.27.144.17)[0m [INFO] Connected new brain: SoccerTwos?team=1
[2m[36m(pid=796994, ip=172.27.144.17)[0m [INFO] Connected new brain: SoccerTwos?team=0
[2m[36m(pid=796983, ip=172.27.144.17)[0m [INFO] Connected new brain: SoccerTwos?team=1
[2m[36m(pid=796983, ip=172.27.144.17)[0m [INFO] Connected new brain: SoccerTwos?team=0
[2m[36m(pid=796995, ip=172.27.144.17)[0m [INFO] Connected to Unity environment with package version 2.1.0-exp.1 and communication version 1.5.0
[2m[36m(pid=796999, ip=172.27.144.17)[0m [INFO] Connected to Unity environment with package version 2.1.0-exp.1 and communication version 1.5.0
[2m[36m(pid=796982, ip=172.27.144.17)[0m [INFO] Connected to Unity environment with package version 2.1.0-exp.1 and communication version 1.5.0
[2m[36m(pid=796993, ip=172.27.144.17)[0m [INFO] Connected to Unity environment with package version 2.1.0-exp.1 and communication version 1.5.0
[2m[36m(pid=796963, ip=172.27.144.17)[0m [INFO] Connected to Unity environment with package version 2.1.0-exp.1 and communication version 1.5.0
[2m[36m(pid=796992, ip=172.27.144.17)[0m [INFO] Connected to Unity environment with package version 2.1.0-exp.1 and communication version 1.5.0
[2m[36m(pid=796972, ip=172.27.144.17)[0m [INFO] Connected to Unity environment with package version 2.1.0-exp.1 and communication version 1.5.0
[2m[36m(pid=796958, ip=172.27.144.17)[0m [INFO] Connected new brain: SoccerTwos?team=1
[2m[36m(pid=796958, ip=172.27.144.17)[0m [INFO] Connected new brain: SoccerTwos?team=0
[2m[36m(pid=796984, ip=172.27.144.17)[0m [INFO] Connected to Unity environment with package version 2.1.0-exp.1 and communication version 1.5.0
[2m[36m(pid=796968, ip=172.27.144.17)[0m [INFO] Connected to Unity environment with package version 2.1.0-exp.1 and communication version 1.5.0
[2m[36m(pid=796969, ip=172.27.144.17)[0m [INFO] Connected new brain: SoccerTwos?team=1
[2m[36m(pid=796969, ip=172.27.144.17)[0m [INFO] Connected new brain: SoccerTwos?team=0
[2m[36m(pid=796980, ip=172.27.144.17)[0m [INFO] Connected to Unity environment with package version 2.1.0-exp.1 and communication version 1.5.0
[2m[36m(pid=796968, ip=172.27.144.17)[0m [INFO] Connected new brain: SoccerTwos?team=1
[2m[36m(pid=796968, ip=172.27.144.17)[0m [INFO] Connected new brain: SoccerTwos?team=0
[2m[36m(pid=796995, ip=172.27.144.17)[0m [INFO] Connected new brain: SoccerTwos?team=1
[2m[36m(pid=796995, ip=172.27.144.17)[0m [INFO] Connected new brain: SoccerTwos?team=0
[2m[36m(pid=796999, ip=172.27.144.17)[0m [INFO] Connected new brain: SoccerTwos?team=1
[2m[36m(pid=796999, ip=172.27.144.17)[0m [INFO] Connected new brain: SoccerTwos?team=0
[2m[36m(pid=796982, ip=172.27.144.17)[0m [INFO] Connected new brain: SoccerTwos?team=1
[2m[36m(pid=796982, ip=172.27.144.17)[0m [INFO] Connected new brain: SoccerTwos?team=0
[2m[36m(pid=796993, ip=172.27.144.17)[0m [INFO] Connected new brain: SoccerTwos?team=1
[2m[36m(pid=796993, ip=172.27.144.17)[0m [INFO] Connected new brain: SoccerTwos?team=0
[2m[36m(pid=796963, ip=172.27.144.17)[0m [INFO] Connected new brain: SoccerTwos?team=1
[2m[36m(pid=796963, ip=172.27.144.17)[0m [INFO] Connected new brain: SoccerTwos?team=0
[2m[36m(pid=796992, ip=172.27.144.17)[0m [INFO] Connected new brain: SoccerTwos?team=1
[2m[36m(pid=796992, ip=172.27.144.17)[0m [INFO] Connected new brain: SoccerTwos?team=0
[2m[36m(pid=796972, ip=172.27.144.17)[0m [INFO] Connected new brain: SoccerTwos?team=1
[2m[36m(pid=796972, ip=172.27.144.17)[0m [INFO] Connected new brain: SoccerTwos?team=0
[2m[36m(pid=796984, ip=172.27.144.17)[0m [INFO] Connected new brain: SoccerTwos?team=1
[2m[36m(pid=796984, ip=172.27.144.17)[0m [INFO] Connected new brain: SoccerTwos?team=0
[2m[36m(pid=796980, ip=172.27.144.17)[0m [INFO] Connected new brain: SoccerTwos?team=1
[2m[36m(pid=796980, ip=172.27.144.17)[0m [INFO] Connected new brain: SoccerTwos?team=0
[2m[36m(pid=796994, ip=172.27.144.17)[0m [INFO] Connected to Unity environment with package version 2.1.0-exp.1 and communication version 1.5.0
[2m[36m(pid=796994, ip=172.27.144.17)[0m [INFO] Connected new brain: SoccerTwos?team=1
[2m[36m(pid=796994, ip=172.27.144.17)[0m [INFO] Connected new brain: SoccerTwos?team=0
[2m[36m(pid=796983, ip=172.27.144.17)[0m [INFO] Connected to Unity environment with package version 2.1.0-exp.1 and communication version 1.5.0
[2m[36m(pid=796958, ip=172.27.144.17)[0m [INFO] Connected to Unity environment with package version 2.1.0-exp.1 and communication version 1.5.0
[2m[36m(pid=796969, ip=172.27.144.17)[0m [INFO] Connected to Unity environment with package version 2.1.0-exp.1 and communication version 1.5.0
[2m[36m(pid=796995, ip=172.27.144.17)[0m [INFO] Connected to Unity environment with package version 2.1.0-exp.1 and communication version 1.5.0
[2m[36m(pid=796983, ip=172.27.144.17)[0m [INFO] Connected new brain: SoccerTwos?team=1
[2m[36m(pid=796983, ip=172.27.144.17)[0m [INFO] Connected new brain: SoccerTwos?team=0
[2m[36m(pid=796958, ip=172.27.144.17)[0m [INFO] Connected new brain: SoccerTwos?team=1
[2m[36m(pid=796958, ip=172.27.144.17)[0m [INFO] Connected new brain: SoccerTwos?team=0
[2m[36m(pid=796969, ip=172.27.144.17)[0m [INFO] Connected new brain: SoccerTwos?team=1
[2m[36m(pid=796969, ip=172.27.144.17)[0m [INFO] Connected new brain: SoccerTwos?team=0
[2m[36m(pid=796980, ip=172.27.144.17)[0m [INFO] Connected to Unity environment with package version 2.1.0-exp.1 and communication version 1.5.0
[2m[36m(pid=796982, ip=172.27.144.17)[0m [INFO] Connected to Unity environment with package version 2.1.0-exp.1 and communication version 1.5.0
[2m[36m(pid=796993, ip=172.27.144.17)[0m [INFO] Connected to Unity environment with package version 2.1.0-exp.1 and communication version 1.5.0
[2m[36m(pid=796972, ip=172.27.144.17)[0m [INFO] Connected to Unity environment with package version 2.1.0-exp.1 and communication version 1.5.0
[2m[36m(pid=796963, ip=172.27.144.17)[0m [INFO] Connected to Unity environment with package version 2.1.0-exp.1 and communication version 1.5.0
[2m[36m(pid=796992, ip=172.27.144.17)[0m [INFO] Connected to Unity environment with package version 2.1.0-exp.1 and communication version 1.5.0
[2m[36m(pid=796984, ip=172.27.144.17)[0m [INFO] Connected to Unity environment with package version 2.1.0-exp.1 and communication version 1.5.0
[2m[36m(pid=796995, ip=172.27.144.17)[0m [INFO] Connected new brain: SoccerTwos?team=1
[2m[36m(pid=796995, ip=172.27.144.17)[0m [INFO] Connected new brain: SoccerTwos?team=0
[2m[36m(pid=796982, ip=172.27.144.17)[0m [INFO] Connected new brain: SoccerTwos?team=1
[2m[36m(pid=796982, ip=172.27.144.17)[0m [INFO] Connected new brain: SoccerTwos?team=0
[2m[36m(pid=796993, ip=172.27.144.17)[0m [INFO] Connected new brain: SoccerTwos?team=1
[2m[36m(pid=796993, ip=172.27.144.17)[0m [INFO] Connected new brain: SoccerTwos?team=0
[2m[36m(pid=796963, ip=172.27.144.17)[0m [INFO] Connected new brain: SoccerTwos?team=1
[2m[36m(pid=796963, ip=172.27.144.17)[0m [INFO] Connected new brain: SoccerTwos?team=0
[2m[36m(pid=796992, ip=172.27.144.17)[0m [INFO] Connected new brain: SoccerTwos?team=1
[2m[36m(pid=796992, ip=172.27.144.17)[0m [INFO] Connected new brain: SoccerTwos?team=0
[2m[36m(pid=796972, ip=172.27.144.17)[0m [INFO] Connected new brain: SoccerTwos?team=1
[2m[36m(pid=796972, ip=172.27.144.17)[0m [INFO] Connected new brain: SoccerTwos?team=0
[2m[36m(pid=796984, ip=172.27.144.17)[0m [INFO] Connected new brain: SoccerTwos?team=1
[2m[36m(pid=796984, ip=172.27.144.17)[0m [INFO] Connected new brain: SoccerTwos?team=0
[2m[36m(pid=796980, ip=172.27.144.17)[0m [INFO] Connected new brain: SoccerTwos?team=1
[2m[36m(pid=796980, ip=172.27.144.17)[0m [INFO] Connected new brain: SoccerTwos?team=0
[2m[36m(pid=796999, ip=172.27.144.17)[0m [INFO] Connected to Unity environment with package version 2.1.0-exp.1 and communication version 1.5.0
[2m[36m(pid=796968, ip=172.27.144.17)[0m [INFO] Connected to Unity environment with package version 2.1.0-exp.1 and communication version 1.5.0
[2m[36m(pid=796999, ip=172.27.144.17)[0m [INFO] Connected new brain: SoccerTwos?team=1
[2m[36m(pid=796999, ip=172.27.144.17)[0m [INFO] Connected new brain: SoccerTwos?team=0
[2m[36m(pid=796968, ip=172.27.144.17)[0m [INFO] Connected new brain: SoccerTwos?team=1
[2m[36m(pid=796968, ip=172.27.144.17)[0m [INFO] Connected new brain: SoccerTwos?team=0
Result for PPO_Soccer_226c6_00000:
  agent_timesteps_total: 12277
  custom_metrics: {}
  date: 2026-03-30_18-03-35
  done: false
  episode_len_mean: 722.1764705882352
  episode_media: {}
  episode_reward_max: 1.6640000343322754
  episode_reward_mean: 0.5556235265205888
  episode_reward_min: 0.0
  episodes_this_iter: 17
  episodes_total: 17
  experiment_id: a558f9980ab944b592bcf75981dad115
  hostname: atl1-1-01-002-8-0.pace.gatech.edu
  info:
    learner:
      default_policy:
        learner_stats:
          allreduce_latency: 0.0
          cur_kl_coeff: 0.19999999999999998
          cur_lr: 5.0000000000000016e-05
          entropy: 3.2835289562741914
          entropy_coeff: 0.0
          kl: 0.012532912398455665
          policy_loss: -0.053051944666852556
          total_loss: -0.03276819256522382
          vf_explained_var: 0.5444888472557068
          vf_loss: 0.0177771710344435
    num_agent_steps_sampled: 12277
    num_steps_sampled: 12277
    num_steps_trained: 12277
  iterations_since_restore: 1
  node_ip: 0.0.0.0
  num_healthy_workers: 14
  off_policy_estimator: {}
  perf:
    cpu_util_percent: 25.829629629629633
    ram_util_percent: 15.837037037037037
  pid: 796970
  policy_reward_max: {}
  policy_reward_mean: {}
  policy_reward_min: {}
  sampler_perf:
    mean_action_processing_ms: 0.10984137069831704
    mean_env_render_ms: 0.0
    mean_env_wait_ms: 19.534835264476808
    mean_inference_ms: 1.9995360969038156
    mean_raw_obs_processing_ms: 0.22501095677703856
  time_since_restore: 37.98938322067261
  time_this_iter_s: 37.98938322067261
  time_total_s: 37.98938322067261
  timers:
    learn_throughput: 738.622
    learn_time_ms: 16621.502
    sample_throughput: 574.798
    sample_time_ms: 21358.798
    update_time_ms: 3.758
  timestamp: 1774908215
  timesteps_since_restore: 0
  timesteps_total: 12277
  training_iteration: 1
  trial_id: 226c6_00000
  
== Status ==
Memory usage on this node: 30.5/187.0 GiB
Using FIFO scheduling algorithm.
Resources requested: 15.0/40 CPUs, 1.0/1 GPUs, 0.0/109.46 GiB heap, 0.0/50.9 GiB objects (0.0/1.0 accelerator_type:V100)
Result logdir: /storage/ice1/4/7/acheng324/soccer-twos-starter/ray_results/PPO_curriculum
Number of trials: 1/1 (1 RUNNING)
+------------------------+----------+----------------+--------+------------------+-------+----------+----------------------+----------------------+--------------------+
| Trial name             | status   | loc            |   iter |   total time (s) |    ts |   reward |   episode_reward_max |   episode_reward_min |   episode_len_mean |
|------------------------+----------+----------------+--------+------------------+-------+----------+----------------------+----------------------+--------------------|
| PPO_Soccer_226c6_00000 | RUNNING  | 0.0.0.0:796970 |      1 |          37.9894 | 12277 | 0.555624 |                1.664 |                    0 |            722.176 |
+------------------------+----------+----------------+--------+------------------+-------+----------+----------------------+----------------------+--------------------+


Result for PPO_Soccer_226c6_00000:
  agent_timesteps_total: 26033
  custom_metrics: {}
  date: 2026-03-30_18-04-02
  done: false
  episode_len_mean: 839.7741935483871
  episode_media: {}
  episode_reward_max: 1.6640000343322754
  episode_reward_mean: 0.32041290138036976
  episode_reward_min: 0.0
  episodes_this_iter: 14
  episodes_total: 31
  experiment_id: a558f9980ab944b592bcf75981dad115
  hostname: atl1-1-01-002-8-0.pace.gatech.edu
  info:
    learner:
      default_policy:
        learner_stats:
          allreduce_latency: 0.0
          cur_kl_coeff: 0.19999999999999998
          cur_lr: 5.0e-05
          entropy: 3.278288863323353
          entropy_coeff: 0.0
          kl: 0.017151993992565957
          policy_loss: -0.04883087823960792
          total_loss: -0.044791823166801976
          vf_explained_var: -0.1179158091545105
          vf_loss: 0.0006086561164314238
    num_agent_steps_sampled: 26033
    num_steps_sampled: 26033
    num_steps_trained: 26033
  iterations_since_restore: 2
  node_ip: 0.0.0.0
  num_healthy_workers: 14
  off_policy_estimator: {}
  perf:
    cpu_util_percent: 10.948717948717949
    ram_util_percent: 16.066666666666663
  pid: 796970
  policy_reward_max: {}
  policy_reward_mean: {}
  policy_reward_min: {}
  sampler_perf:
    mean_action_processing_ms: 0.1067907794613415
    mean_env_render_ms: 0.0
    mean_env_wait_ms: 18.960147032891214
    mean_inference_ms: 1.8989804982617537
    mean_raw_obs_processing_ms: 0.22159704304968447
  time_since_restore: 64.7323796749115
  time_this_iter_s: 26.74299645423889
  time_total_s: 64.7323796749115
  timers:
    learn_throughput: 760.886
    learn_time_ms: 17107.02
    sample_throughput: 855.506
    sample_time_ms: 15214.975
    update_time_ms: 3.2
  timestamp: 1774908242
  timesteps_since_restore: 0
  timesteps_total: 26033
  training_iteration: 2
  trial_id: 226c6_00000
  
== Status ==
Memory usage on this node: 29.7/187.0 GiB
Using FIFO scheduling algorithm.
Resources requested: 15.0/40 CPUs, 1.0/1 GPUs, 0.0/109.46 GiB heap, 0.0/50.9 GiB objects (0.0/1.0 accelerator_type:V100)
Result logdir: /storage/ice1/4/7/acheng324/soccer-twos-starter/ray_results/PPO_curriculum
Number of trials: 1/1 (1 RUNNING)
+------------------------+----------+----------------+--------+------------------+-------+----------+----------------------+----------------------+--------------------+
| Trial name             | status   | loc            |   iter |   total time (s) |    ts |   reward |   episode_reward_max |   episode_reward_min |   episode_len_mean |
|------------------------+----------+----------------+--------+------------------+-------+----------+----------------------+----------------------+--------------------|
| PPO_Soccer_226c6_00000 | RUNNING  | 0.0.0.0:796970 |      2 |          64.7324 | 26033 | 0.320413 |                1.664 |                    0 |            839.774 |
+------------------------+----------+----------------+--------+------------------+-------+----------+----------------------+----------------------+--------------------+


Result for PPO_Soccer_226c6_00000:
  agent_timesteps_total: 39892
  custom_metrics: {}
  date: 2026-03-30_18-04-24
  done: false
  episode_len_mean: 886.4888888888889
  episode_media: {}
  episode_reward_max: 1.6640000343322754
  episode_reward_mean: 0.2269866653614574
  episode_reward_min: 0.0
  episodes_this_iter: 14
  episodes_total: 45
  experiment_id: a558f9980ab944b592bcf75981dad115
  hostname: atl1-1-01-002-8-0.pace.gatech.edu
  info:
    learner:
      default_policy:
        learner_stats:
          allreduce_latency: 0.0
          cur_kl_coeff: 0.19999999999999998
          cur_lr: 5.0e-05
          entropy: 3.2775192741954
          entropy_coeff: 0.0
          kl: 0.016209725803191508
          policy_loss: -0.05031542296290671
          total_loss: -0.0468293688336917
          vf_explained_var: -0.26389235258102417
          vf_loss: 0.00024410841333436344
    num_agent_steps_sampled: 39892
    num_steps_sampled: 39892
    num_steps_trained: 39892
  iterations_since_restore: 3
  node_ip: 0.0.0.0
  num_healthy_workers: 14
  off_policy_estimator: {}
  perf:
    cpu_util_percent: 8.119354838709677
    ram_util_percent: 15.94838709677419
  pid: 796970
  policy_reward_max: {}
  policy_reward_mean: {}
  policy_reward_min: {}
  sampler_perf:
    mean_action_processing_ms: 0.10515470223108894
    mean_env_render_ms: 0.0
    mean_env_wait_ms: 18.661940996238844
    mean_inference_ms: 1.8486773833921917
    mean_raw_obs_processing_ms: 0.2201502000446907
  time_since_restore: 86.66289520263672
  time_this_iter_s: 21.93051552772522
  time_total_s: 86.66289520263672
  timers:
    learn_throughput: 766.512
    learn_time_ms: 17347.854
    sample_throughput: 1158.115
    sample_time_ms: 11481.876
    update_time_ms: 3.031
  timestamp: 1774908264
  timesteps_since_restore: 0
  timesteps_total: 39892
  training_iteration: 3
  trial_id: 226c6_00000
  
== Status ==
Memory usage on this node: 29.8/187.0 GiB
Using FIFO scheduling algorithm.
Resources requested: 15.0/40 CPUs, 1.0/1 GPUs, 0.0/109.46 GiB heap, 0.0/50.9 GiB objects (0.0/1.0 accelerator_type:V100)
Result logdir: /storage/ice1/4/7/acheng324/soccer-twos-starter/ray_results/PPO_curriculum
Number of trials: 1/1 (1 RUNNING)
+------------------------+----------+----------------+--------+------------------+-------+----------+----------------------+----------------------+--------------------+
| Trial name             | status   | loc            |   iter |   total time (s) |    ts |   reward |   episode_reward_max |   episode_reward_min |   episode_len_mean |
|------------------------+----------+----------------+--------+------------------+-------+----------+----------------------+----------------------+--------------------|
| PPO_Soccer_226c6_00000 | RUNNING  | 0.0.0.0:796970 |      3 |          86.6629 | 39892 | 0.226987 |                1.664 |                    0 |            886.489 |
+------------------------+----------+----------------+--------+------------------+-------+----------+----------------------+----------------------+--------------------+


Result for PPO_Soccer_226c6_00000:
  agent_timesteps_total: 51451
  custom_metrics: {}
  date: 2026-03-30_18-04-57
  done: false
  episode_len_mean: 843.4590163934427
  episode_media: {}
  episode_reward_max: 1.6640000343322754
  episode_reward_mean: 0.3130754106601731
  episode_reward_min: 0.0
  episodes_this_iter: 16
  episodes_total: 61
  experiment_id: a558f9980ab944b592bcf75981dad115
  hostname: atl1-1-01-002-8-0.pace.gatech.edu
  info:
    learner:
      default_policy:
        learner_stats:
          allreduce_latency: 0.0
          cur_kl_coeff: 0.19999999999999996
          cur_lr: 5.0e-05
          entropy: 3.2562149042611592
          entropy_coeff: 0.0
          kl: 0.019439059933954544
          policy_loss: -0.06829811505727716
          total_loss: -0.036263991925087606
          vf_explained_var: 0.3192083239555359
          vf_loss: 0.028146311978471804
    num_agent_steps_sampled: 51451
    num_steps_sampled: 51451
    num_steps_trained: 51451
  iterations_since_restore: 4
  node_ip: 0.0.0.0
  num_healthy_workers: 14
  off_policy_estimator: {}
  perf:
    cpu_util_percent: 21.1531914893617
    ram_util_percent: 15.968085106382983
  pid: 796970
  policy_reward_max: {}
  policy_reward_mean: {}
  policy_reward_min: {}
  sampler_perf:
    mean_action_processing_ms: 0.10356865457988869
    mean_env_render_ms: 0.0
    mean_env_wait_ms: 18.39003488062697
    mean_inference_ms: 1.7918663175707634
    mean_raw_obs_processing_ms: 0.22003775196040345
  time_since_restore: 119.50469446182251
  time_this_iter_s: 32.84179925918579
  time_total_s: 119.50469446182251
  timers:
    learn_throughput: 769.013
    learn_time_ms: 16726.318
    sample_throughput: 983.144
    sample_time_ms: 13083.287
    update_time_ms: 3.131
  timestamp: 1774908297
  timesteps_since_restore: 0
  timesteps_total: 51451
  training_iteration: 4
  trial_id: 226c6_00000
  
== Status ==
Memory usage on this node: 30.2/187.0 GiB
Using FIFO scheduling algorithm.
Resources requested: 15.0/40 CPUs, 1.0/1 GPUs, 0.0/109.46 GiB heap, 0.0/50.9 GiB objects (0.0/1.0 accelerator_type:V100)
Result logdir: /storage/ice1/4/7/acheng324/soccer-twos-starter/ray_results/PPO_curriculum
Number of trials: 1/1 (1 RUNNING)
+------------------------+----------+----------------+--------+------------------+-------+----------+----------------------+----------------------+--------------------+
| Trial name             | status   | loc            |   iter |   total time (s) |    ts |   reward |   episode_reward_max |   episode_reward_min |   episode_len_mean |
|------------------------+----------+----------------+--------+------------------+-------+----------+----------------------+----------------------+--------------------|
| PPO_Soccer_226c6_00000 | RUNNING  | 0.0.0.0:796970 |      4 |          119.505 | 51451 | 0.313075 |                1.664 |                    0 |            843.459 |
+------------------------+----------+----------------+--------+------------------+-------+----------+----------------------+----------------------+--------------------+


Result for PPO_Soccer_226c6_00000:
  agent_timesteps_total: 64828
  custom_metrics: {}
  date: 2026-03-30_18-05-28
  done: false
  episode_len_mean: 853.0
  episode_media: {}
  episode_reward_max: 1.6640000343322754
  episode_reward_mean: 0.29402105441611065
  episode_reward_min: 0.0
  episodes_this_iter: 15
  episodes_total: 76
  experiment_id: a558f9980ab944b592bcf75981dad115
  hostname: atl1-1-01-002-8-0.pace.gatech.edu
  info:
    learner:
      default_policy:
        learner_stats:
          allreduce_latency: 0.0
          cur_kl_coeff: 0.2
          cur_lr: 5.000000000000001e-05
          entropy: 3.2458280972072058
          entropy_coeff: 0.0
          kl: 0.020282584464266187
          policy_loss: -0.06164779012934083
          total_loss: -0.04616750515110436
          vf_explained_var: 0.04133566468954086
          vf_loss: 0.011423766549809703
    num_agent_steps_sampled: 64828
    num_steps_sampled: 64828
    num_steps_trained: 64828
  iterations_since_restore: 5
  node_ip: 0.0.0.0
  num_healthy_workers: 14
  off_policy_estimator: {}
  perf:
    cpu_util_percent: 16.170454545454547
    ram_util_percent: 16.072727272727278
  pid: 796970
  policy_reward_max: {}
  policy_reward_mean: {}
  policy_reward_min: {}
  sampler_perf:
    mean_action_processing_ms: 0.10225370748121101
    mean_env_render_ms: 0.0
    mean_env_wait_ms: 18.157107572370737
    mean_inference_ms: 1.745933742897375
    mean_raw_obs_processing_ms: 0.2190694719715723
  time_since_restore: 150.32656455039978
  time_this_iter_s: 30.82187008857727
  time_total_s: 150.32656455039978
  timers:
    learn_throughput: 771.156
    learn_time_ms: 16813.207
    sample_throughput: 983.458
    sample_time_ms: 13183.682
    update_time_ms: 3.226
  timestamp: 1774908328
  timesteps_since_restore: 0
  timesteps_total: 64828
  training_iteration: 5
  trial_id: 226c6_00000
  
== Status ==
Memory usage on this node: 30.0/187.0 GiB
Using FIFO scheduling algorithm.
Resources requested: 15.0/40 CPUs, 1.0/1 GPUs, 0.0/109.46 GiB heap, 0.0/50.9 GiB objects (0.0/1.0 accelerator_type:V100)
Result logdir: /storage/ice1/4/7/acheng324/soccer-twos-starter/ray_results/PPO_curriculum
Number of trials: 1/1 (1 RUNNING)
+------------------------+----------+----------------+--------+------------------+-------+----------+----------------------+----------------------+--------------------+
| Trial name             | status   | loc            |   iter |   total time (s) |    ts |   reward |   episode_reward_max |   episode_reward_min |   episode_len_mean |
|------------------------+----------+----------------+--------+------------------+-------+----------+----------------------+----------------------+--------------------|
| PPO_Soccer_226c6_00000 | RUNNING  | 0.0.0.0:796970 |      5 |          150.327 | 64828 | 0.294021 |                1.664 |                    0 |                853 |
+------------------------+----------+----------------+--------+------------------+-------+----------+----------------------+----------------------+--------------------+


Result for PPO_Soccer_226c6_00000:
  agent_timesteps_total: 78078
  custom_metrics: {}
  date: 2026-03-30_18-05-50
  done: false
  episode_len_mean: 867.5333333333333
  episode_media: {}
  episode_reward_max: 1.6640000343322754
  episode_reward_mean: 0.26496889003449015
  episode_reward_min: 0.0
  episodes_this_iter: 14
  episodes_total: 90
  experiment_id: a558f9980ab944b592bcf75981dad115
  hostname: atl1-1-01-002-8-0.pace.gatech.edu
  info:
    learner:
      default_policy:
        learner_stats:
          allreduce_latency: 0.0
          cur_kl_coeff: 0.29999999999999993
          cur_lr: 5.0000000000000016e-05
          entropy: 3.251623433369857
          entropy_coeff: 0.0
          kl: 0.02026479633954855
          policy_loss: -0.062196130519553736
          total_loss: -0.052759277437312097
          vf_explained_var: 0.054712727665901184
          vf_loss: 0.0033574149862173586
    num_agent_steps_sampled: 78078
    num_steps_sampled: 78078
    num_steps_trained: 78078
  iterations_since_restore: 6
  node_ip: 0.0.0.0
  num_healthy_workers: 14
  off_policy_estimator: {}
  perf:
    cpu_util_percent: 9.471875
    ram_util_percent: 16.096875
  pid: 796970
  policy_reward_max: {}
  policy_reward_mean: {}
  policy_reward_min: {}
  sampler_perf:
    mean_action_processing_ms: 0.10128059971101769
    mean_env_render_ms: 0.0
    mean_env_wait_ms: 17.986711531149165
    mean_inference_ms: 1.7142220456091346
    mean_raw_obs_processing_ms: 0.21851466487694632
  time_since_restore: 172.67839574813843
  time_this_iter_s: 22.351831197738647
  time_total_s: 172.67839574813843
  timers:
    learn_throughput: 772.788
    learn_time_ms: 16839.033
    sample_throughput: 1096.423
    sample_time_ms: 11868.592
    update_time_ms: 3.229
  timestamp: 1774908350
  timesteps_since_restore: 0
  timesteps_total: 78078
  training_iteration: 6
  trial_id: 226c6_00000
  
== Status ==
Memory usage on this node: 29.9/187.0 GiB
Using FIFO scheduling algorithm.
Resources requested: 15.0/40 CPUs, 1.0/1 GPUs, 0.0/109.46 GiB heap, 0.0/50.9 GiB objects (0.0/1.0 accelerator_type:V100)
Result logdir: /storage/ice1/4/7/acheng324/soccer-twos-starter/ray_results/PPO_curriculum
Number of trials: 1/1 (1 RUNNING)
+------------------------+----------+----------------+--------+------------------+-------+----------+----------------------+----------------------+--------------------+
| Trial name             | status   | loc            |   iter |   total time (s) |    ts |   reward |   episode_reward_max |   episode_reward_min |   episode_len_mean |
|------------------------+----------+----------------+--------+------------------+-------+----------+----------------------+----------------------+--------------------|
| PPO_Soccer_226c6_00000 | RUNNING  | 0.0.0.0:796970 |      6 |          172.678 | 78078 | 0.264969 |                1.664 |                    0 |            867.533 |
+------------------------+----------+----------------+--------+------------------+-------+----------+----------------------+----------------------+--------------------+


Result for PPO_Soccer_226c6_00000:
  agent_timesteps_total: 88081
  custom_metrics: {}
  date: 2026-03-30_18-06-19
  done: false
  episode_len_mean: 840.19
  episode_media: {}
  episode_reward_max: 1.9944000244140625
  episode_reward_mean: 0.3196880003809929
  episode_reward_min: 0.0
  episodes_this_iter: 16
  episodes_total: 106
  experiment_id: a558f9980ab944b592bcf75981dad115
  hostname: atl1-1-01-002-8-0.pace.gatech.edu
  info:
    learner:
      default_policy:
        learner_stats:
          allreduce_latency: 0.0
          cur_kl_coeff: 0.45000000000000034
          cur_lr: 5.0000000000000016e-05
          entropy: 3.2364857558962665
          entropy_coeff: 0.0
          kl: 0.015634665737235095
          policy_loss: -0.07894898797798006
          total_loss: -0.04625285870713901
          vf_explained_var: 0.41976749897003174
          vf_loss: 0.02566053236162738
    num_agent_steps_sampled: 88081
    num_steps_sampled: 88081
    num_steps_trained: 88081
  iterations_since_restore: 7
  node_ip: 0.0.0.0
  num_healthy_workers: 14
  off_policy_estimator: {}
  perf:
    cpu_util_percent: 16.804878048780488
    ram_util_percent: 16.08048780487805
  pid: 796970
  policy_reward_max: {}
  policy_reward_mean: {}
  policy_reward_min: {}
  sampler_perf:
    mean_action_processing_ms: 0.0995647945689476
    mean_env_render_ms: 0.0
    mean_env_wait_ms: 17.691415947822005
    mean_inference_ms: 1.6583647737151108
    mean_raw_obs_processing_ms: 0.21844854094496788
  time_since_restore: 201.71100687980652
  time_this_iter_s: 29.03261113166809
  time_total_s: 201.71100687980652
  timers:
    learn_throughput: 772.817
    learn_time_ms: 16281.995
    sample_throughput: 1009.916
    sample_time_ms: 12459.453
    update_time_ms: 3.219
  timestamp: 1774908379
  timesteps_since_restore: 0
  timesteps_total: 88081
  training_iteration: 7
  trial_id: 226c6_00000
  
== Status ==
Memory usage on this node: 30.0/187.0 GiB
Using FIFO scheduling algorithm.
Resources requested: 15.0/40 CPUs, 1.0/1 GPUs, 0.0/109.46 GiB heap, 0.0/50.9 GiB objects (0.0/1.0 accelerator_type:V100)
Result logdir: /storage/ice1/4/7/acheng324/soccer-twos-starter/ray_results/PPO_curriculum
Number of trials: 1/1 (1 RUNNING)
+------------------------+----------+----------------+--------+------------------+-------+----------+----------------------+----------------------+--------------------+
| Trial name             | status   | loc            |   iter |   total time (s) |    ts |   reward |   episode_reward_max |   episode_reward_min |   episode_len_mean |
|------------------------+----------+----------------+--------+------------------+-------+----------+----------------------+----------------------+--------------------|
| PPO_Soccer_226c6_00000 | RUNNING  | 0.0.0.0:796970 |      7 |          201.711 | 88081 | 0.319688 |               1.9944 |                    0 |             840.19 |
+------------------------+----------+----------------+--------+------------------+-------+----------+----------------------+----------------------+--------------------+


Result for PPO_Soccer_226c6_00000:
  agent_timesteps_total: 100877
  custom_metrics: {}
  date: 2026-03-30_18-06-50
  done: false
  episode_len_mean: 848.44
  episode_media: {}
  episode_reward_max: 1.9944000244140625
  episode_reward_mean: 0.3032240003347397
  episode_reward_min: 0.0
  episodes_this_iter: 15
  episodes_total: 121
  experiment_id: a558f9980ab944b592bcf75981dad115
  hostname: atl1-1-01-002-8-0.pace.gatech.edu
  info:
    learner:
      default_policy:
        learner_stats:
          allreduce_latency: 0.0
          cur_kl_coeff: 0.45000000000000023
          cur_lr: 5.0e-05
          entropy: 3.2302104139328005
          entropy_coeff: 0.0
          kl: 0.018161937464028596
          policy_loss: -0.07265245432034134
          total_loss: -0.050247673969715835
          vf_explained_var: 0.16842469573020935
          vf_loss: 0.014231910188682377
    num_agent_steps_sampled: 100877
    num_steps_sampled: 100877
    num_steps_trained: 100877
  iterations_since_restore: 8
  node_ip: 0.0.0.0
  num_healthy_workers: 14
  off_policy_estimator: {}
  perf:
    cpu_util_percent: 16.455555555555556
    ram_util_percent: 16.095555555555556
  pid: 796970
  policy_reward_max: {}
  policy_reward_mean: {}
  policy_reward_min: {}
  sampler_perf:
    mean_action_processing_ms: 0.09773682128424792
    mean_env_render_ms: 0.0
    mean_env_wait_ms: 17.36739895626147
    mean_inference_ms: 1.59506678171214
    mean_raw_obs_processing_ms: 0.21678443119555366
  time_since_restore: 232.848388671875
  time_this_iter_s: 31.13738179206848
  time_total_s: 232.848388671875
  timers:
    learn_throughput: 774.076
    learn_time_ms: 16289.907
    sample_throughput: 989.587
    sample_time_ms: 12742.312
    update_time_ms: 3.249
  timestamp: 1774908410
  timesteps_since_restore: 0
  timesteps_total: 100877
  training_iteration: 8
  trial_id: 226c6_00000
  
== Status ==
Memory usage on this node: 30.1/187.0 GiB
Using FIFO scheduling algorithm.
Resources requested: 15.0/40 CPUs, 1.0/1 GPUs, 0.0/109.46 GiB heap, 0.0/50.9 GiB objects (0.0/1.0 accelerator_type:V100)
Result logdir: /storage/ice1/4/7/acheng324/soccer-twos-starter/ray_results/PPO_curriculum
Number of trials: 1/1 (1 RUNNING)
+------------------------+----------+----------------+--------+------------------+--------+----------+----------------------+----------------------+--------------------+
| Trial name             | status   | loc            |   iter |   total time (s) |     ts |   reward |   episode_reward_max |   episode_reward_min |   episode_len_mean |
|------------------------+----------+----------------+--------+------------------+--------+----------+----------------------+----------------------+--------------------|
| PPO_Soccer_226c6_00000 | RUNNING  | 0.0.0.0:796970 |      8 |          232.848 | 100877 | 0.303224 |               1.9944 |                    0 |             848.44 |
+------------------------+----------+----------------+--------+------------------+--------+----------+----------------------+----------------------+--------------------+


Result for PPO_Soccer_226c6_00000:
  agent_timesteps_total: 113772
  custom_metrics: {}
  date: 2026-03-30_18-07-14
  done: false
  episode_len_mean: 817.39
  episode_media: {}
  episode_reward_max: 1.9944000244140625
  episode_reward_mean: 0.3653480004519224
  episode_reward_min: 0.0
  episodes_this_iter: 16
  episodes_total: 137
  experiment_id: a558f9980ab944b592bcf75981dad115
  hostname: atl1-1-01-002-8-0.pace.gatech.edu
  info:
    learner:
      default_policy:
        learner_stats:
          allreduce_latency: 0.0
          cur_kl_coeff: 0.45000000000000023
          cur_lr: 4.9999999999999996e-05
          entropy: 3.222360315889415
          entropy_coeff: 0.0
          kl: 0.016593005148564825
          policy_loss: -0.06988917279177077
          total_loss: -0.04221441602279054
          vf_explained_var: 0.18732495605945587
          vf_loss: 0.020207905171365285
    num_agent_steps_sampled: 113772
    num_steps_sampled: 113772
    num_steps_trained: 113772
  iterations_since_restore: 9
  node_ip: 0.0.0.0
  num_healthy_workers: 14
  off_policy_estimator: {}
  perf:
    cpu_util_percent: 11.581818181818182
    ram_util_percent: 16.103030303030305
  pid: 796970
  policy_reward_max: {}
  policy_reward_mean: {}
  policy_reward_min: {}
  sampler_perf:
    mean_action_processing_ms: 0.09628486489785916
    mean_env_render_ms: 0.0
    mean_env_wait_ms: 17.14030148627517
    mean_inference_ms: 1.5501021552100438
    mean_raw_obs_processing_ms: 0.2168343476751047
  time_since_restore: 256.35813450813293
  time_this_iter_s: 23.509745836257935
  time_total_s: 256.35813450813293
  timers:
    learn_throughput: 775.154
    learn_time_ms: 16308.153
    sample_throughput: 1044.673
    sample_time_ms: 12100.756
    update_time_ms: 3.264
  timestamp: 1774908434
  timesteps_since_restore: 0
  timesteps_total: 113772
  training_iteration: 9
  trial_id: 226c6_00000
  
== Status ==
Memory usage on this node: 30.0/187.0 GiB
Using FIFO scheduling algorithm.
Resources requested: 15.0/40 CPUs, 1.0/1 GPUs, 0.0/109.46 GiB heap, 0.0/50.9 GiB objects (0.0/1.0 accelerator_type:V100)
Result logdir: /storage/ice1/4/7/acheng324/soccer-twos-starter/ray_results/PPO_curriculum
Number of trials: 1/1 (1 RUNNING)
+------------------------+----------+----------------+--------+------------------+--------+----------+----------------------+----------------------+--------------------+
| Trial name             | status   | loc            |   iter |   total time (s) |     ts |   reward |   episode_reward_max |   episode_reward_min |   episode_len_mean |
|------------------------+----------+----------------+--------+------------------+--------+----------+----------------------+----------------------+--------------------|
| PPO_Soccer_226c6_00000 | RUNNING  | 0.0.0.0:796970 |      9 |          256.358 | 113772 | 0.365348 |               1.9944 |                    0 |             817.39 |
+------------------------+----------+----------------+--------+------------------+--------+----------+----------------------+----------------------+--------------------+


Result for PPO_Soccer_226c6_00000:
  agent_timesteps_total: 125475
  custom_metrics: {}
  date: 2026-03-30_18-07-44
  done: false
  episode_len_mean: 805.21
  episode_media: {}
  episode_reward_max: 1.9944000244140625
  episode_reward_mean: 0.3897479996830225
  episode_reward_min: 0.0
  episodes_this_iter: 16
  episodes_total: 153
  experiment_id: a558f9980ab944b592bcf75981dad115
  hostname: atl1-1-01-002-8-0.pace.gatech.edu
  info:
    learner:
      default_policy:
        learner_stats:
          allreduce_latency: 0.0
          cur_kl_coeff: 0.45000000000000023
          cur_lr: 5.0e-05
          entropy: 3.201081148956133
          entropy_coeff: 0.0
          kl: 0.018823671954400514
          policy_loss: -0.07738425155453708
          total_loss: -0.03950959576658257
          vf_explained_var: 0.2528265714645386
          vf_loss: 0.02940400339582044
    num_agent_steps_sampled: 125475
    num_steps_sampled: 125475
    num_steps_trained: 125475
  iterations_since_restore: 10
  node_ip: 0.0.0.0
  num_healthy_workers: 14
  off_policy_estimator: {}
  perf:
    cpu_util_percent: 13.770454545454543
    ram_util_percent: 16.1
  pid: 796970
  policy_reward_max: {}
  policy_reward_mean: {}
  policy_reward_min: {}
  sampler_perf:
    mean_action_processing_ms: 0.09501252569532254
    mean_env_render_ms: 0.0
    mean_env_wait_ms: 16.961099698029525
    mean_inference_ms: 1.51304532830577
    mean_raw_obs_processing_ms: 0.21664473646311821
  time_since_restore: 286.84172463417053
  time_this_iter_s: 30.483590126037598
  time_total_s: 286.84172463417053
  timers:
    learn_throughput: 775.619
    learn_time_ms: 16177.411
    sample_throughput: 1009.454
    sample_time_ms: 12429.992
    update_time_ms: 3.26
  timestamp: 1774908464
  timesteps_since_restore: 0
  timesteps_total: 125475
  training_iteration: 10
  trial_id: 226c6_00000
  
== Status ==
Memory usage on this node: 30.2/187.0 GiB
Using FIFO scheduling algorithm.
Resources requested: 15.0/40 CPUs, 1.0/1 GPUs, 0.0/109.46 GiB heap, 0.0/50.9 GiB objects (0.0/1.0 accelerator_type:V100)
Result logdir: /storage/ice1/4/7/acheng324/soccer-twos-starter/ray_results/PPO_curriculum
Number of trials: 1/1 (1 RUNNING)
+------------------------+----------+----------------+--------+------------------+--------+----------+----------------------+----------------------+--------------------+
| Trial name             | status   | loc            |   iter |   total time (s) |     ts |   reward |   episode_reward_max |   episode_reward_min |   episode_len_mean |
|------------------------+----------+----------------+--------+------------------+--------+----------+----------------------+----------------------+--------------------|
| PPO_Soccer_226c6_00000 | RUNNING  | 0.0.0.0:796970 |     10 |          286.842 | 125475 | 0.389748 |               1.9944 |                    0 |             805.21 |
+------------------------+----------+----------------+--------+------------------+--------+----------+----------------------+----------------------+--------------------+


Result for PPO_Soccer_226c6_00000:
  agent_timesteps_total: 136859
  custom_metrics: {}
  date: 2026-03-30_18-08-11
  done: false
  episode_len_mean: 770.31
  episode_media: {}
  episode_reward_max: 1.9944000244140625
  episode_reward_mean: 0.45956799782812596
  episode_reward_min: 0.0
  episodes_this_iter: 18
  episodes_total: 171
  experiment_id: a558f9980ab944b592bcf75981dad115
  hostname: atl1-1-01-002-8-0.pace.gatech.edu
  info:
    learner:
      default_policy:
        learner_stats:
          allreduce_latency: 0.0
          cur_kl_coeff: 0.4500000000000001
          cur_lr: 5.000000000000001e-05
          entropy: 3.1991728262954884
          entropy_coeff: 0.0
          kl: 0.014869595689468839
          policy_loss: -0.08111274974902025
          total_loss: -0.02210073775789711
          vf_explained_var: 0.3080756664276123
          vf_loss: 0.0523206956391589
    num_agent_steps_sampled: 136859
    num_steps_sampled: 136859
    num_steps_trained: 136859
  iterations_since_restore: 11
  node_ip: 0.0.0.0
  num_healthy_workers: 14
  off_policy_estimator: {}
  perf:
    cpu_util_percent: 15.010526315789473
    ram_util_percent: 16.14736842105264
  pid: 796970
  policy_reward_max: {}
  policy_reward_mean: {}
  policy_reward_min: {}
  sampler_perf:
    mean_action_processing_ms: 0.09425321763368709
    mean_env_render_ms: 0.0
    mean_env_wait_ms: 16.85106481884424
    mean_inference_ms: 1.4902183699293534
    mean_raw_obs_processing_ms: 0.2163168420823874
  time_since_restore: 313.62697434425354
  time_this_iter_s: 26.785249710083008
  time_total_s: 313.62697434425354
  timers:
    learn_throughput: 780.238
    learn_time_ms: 15967.178
    sample_throughput: 1082.135
    sample_time_ms: 11512.612
    update_time_ms: 3.204
  timestamp: 1774908491
  timesteps_since_restore: 0
  timesteps_total: 136859
  training_iteration: 11
  trial_id: 226c6_00000
  
== Status ==
Memory usage on this node: 30.2/187.0 GiB
Using FIFO scheduling algorithm.
Resources requested: 15.0/40 CPUs, 1.0/1 GPUs, 0.0/109.46 GiB heap, 0.0/50.9 GiB objects (0.0/1.0 accelerator_type:V100)
Result logdir: /storage/ice1/4/7/acheng324/soccer-twos-starter/ray_results/PPO_curriculum
Number of trials: 1/1 (1 RUNNING)
+------------------------+----------+----------------+--------+------------------+--------+----------+----------------------+----------------------+--------------------+
| Trial name             | status   | loc            |   iter |   total time (s) |     ts |   reward |   episode_reward_max |   episode_reward_min |   episode_len_mean |
|------------------------+----------+----------------+--------+------------------+--------+----------+----------------------+----------------------+--------------------|
| PPO_Soccer_226c6_00000 | RUNNING  | 0.0.0.0:796970 |     11 |          313.627 | 136859 | 0.459568 |               1.9944 |                    0 |             770.31 |
+------------------------+----------+----------------+--------+------------------+--------+----------+----------------------+----------------------+--------------------+


Result for PPO_Soccer_226c6_00000:
  agent_timesteps_total: 149947
  custom_metrics: {}
  date: 2026-03-30_18-08-41
  done: false
  episode_len_mean: 728.69
  episode_media: {}
  episode_reward_max: 1.9944000244140625
  episode_reward_mean: 0.5428199978917837
  episode_reward_min: 0.0
  episodes_this_iter: 18
  episodes_total: 189
  experiment_id: a558f9980ab944b592bcf75981dad115
  hostname: atl1-1-01-002-8-0.pace.gatech.edu
  info:
    learner:
      default_policy:
        learner_stats:
          allreduce_latency: 0.0
          cur_kl_coeff: 0.4500000000000003
          cur_lr: 4.999999999999999e-05
          entropy: 3.1917325848514593
          entropy_coeff: 0.0
          kl: 0.015978143125483135
          policy_loss: -0.07227528092532771
          total_loss: -0.03592188650904929
          vf_explained_var: 0.3221566677093506
          vf_loss: 0.02916323085252232
    num_agent_steps_sampled: 149947
    num_steps_sampled: 149947
    num_steps_trained: 149947
  iterations_since_restore: 12
  node_ip: 0.0.0.0
  num_healthy_workers: 14
  off_policy_estimator: {}
  perf:
    cpu_util_percent: 13.22790697674419
    ram_util_percent: 16.18604651162791
  pid: 796970
  policy_reward_max: {}
  policy_reward_mean: {}
  policy_reward_min: {}
  sampler_perf:
    mean_action_processing_ms: 0.0934562371978715
    mean_env_render_ms: 0.0
    mean_env_wait_ms: 16.74637902343518
    mean_inference_ms: 1.4708379994759482
    mean_raw_obs_processing_ms: 0.21578886062104677
  time_since_restore: 343.58368158340454
  time_this_iter_s: 29.956707239151
  time_total_s: 343.58368158340454
  timers:
    learn_throughput: 779.899
    learn_time_ms: 15888.462
    sample_throughput: 1040.202
    sample_time_ms: 11912.498
    update_time_ms: 3.265
  timestamp: 1774908521
  timesteps_since_restore: 0
  timesteps_total: 149947
  training_iteration: 12
  trial_id: 226c6_00000
  
== Status ==
Memory usage on this node: 30.2/187.0 GiB
Using FIFO scheduling algorithm.
Resources requested: 15.0/40 CPUs, 1.0/1 GPUs, 0.0/109.46 GiB heap, 0.0/50.9 GiB objects (0.0/1.0 accelerator_type:V100)
Result logdir: /storage/ice1/4/7/acheng324/soccer-twos-starter/ray_results/PPO_curriculum
Number of trials: 1/1 (1 RUNNING)
+------------------------+----------+----------------+--------+------------------+--------+----------+----------------------+----------------------+--------------------+
| Trial name             | status   | loc            |   iter |   total time (s) |     ts |   reward |   episode_reward_max |   episode_reward_min |   episode_len_mean |
|------------------------+----------+----------------+--------+------------------+--------+----------+----------------------+----------------------+--------------------|
| PPO_Soccer_226c6_00000 | RUNNING  | 0.0.0.0:796970 |     12 |          343.584 | 149947 |  0.54282 |               1.9944 |                    0 |             728.69 |
+------------------------+----------+----------------+--------+------------------+--------+----------+----------------------+----------------------+--------------------+


Result for PPO_Soccer_226c6_00000:
  agent_timesteps_total: 160205
  custom_metrics: {}
  date: 2026-03-30_18-09-06
  done: false
  episode_len_mean: 695.64
  episode_media: {}
  episode_reward_max: 1.9124000072479248
  episode_reward_mean: 0.608895998224616
  episode_reward_min: 0.0
  episodes_this_iter: 20
  episodes_total: 209
  experiment_id: a558f9980ab944b592bcf75981dad115
  hostname: atl1-1-01-002-8-0.pace.gatech.edu
  info:
    learner:
      default_policy:
        learner_stats:
          allreduce_latency: 0.0
          cur_kl_coeff: 0.4500000000000001
          cur_lr: 5.000000000000001e-05
          entropy: 3.141380086357211
          entropy_coeff: 0.0
          kl: 0.020026581936780318
          policy_loss: -0.09500271795363521
          total_loss: -0.017758346461679463
          vf_explained_var: 0.3471946120262146
          vf_loss: 0.06823241062186382
    num_agent_steps_sampled: 160205
    num_steps_sampled: 160205
    num_steps_trained: 160205
  iterations_since_restore: 13
  node_ip: 0.0.0.0
  num_healthy_workers: 14
  off_policy_estimator: {}
  perf:
    cpu_util_percent: 16.145714285714288
    ram_util_percent: 16.20571428571428
  pid: 796970
  policy_reward_max: {}
  policy_reward_mean: {}
  policy_reward_min: {}
  sampler_perf:
    mean_action_processing_ms: 0.0928740140833216
    mean_env_render_ms: 0.0
    mean_env_wait_ms: 16.684785936856187
    mean_inference_ms: 1.4561352744442282
    mean_raw_obs_processing_ms: 0.21585628360230733
  time_since_restore: 368.3584625720978
  time_this_iter_s: 24.774780988693237
  time_total_s: 368.3584625720978
  timers:
    learn_throughput: 779.344
    learn_time_ms: 15437.727
    sample_throughput: 951.329
    sample_time_ms: 12646.833
    update_time_ms: 3.329
  timestamp: 1774908546
  timesteps_since_restore: 0
  timesteps_total: 160205
  training_iteration: 13
  trial_id: 226c6_00000
  
== Status ==
Memory usage on this node: 30.4/187.0 GiB
Using FIFO scheduling algorithm.
Resources requested: 15.0/40 CPUs, 1.0/1 GPUs, 0.0/109.46 GiB heap, 0.0/50.9 GiB objects (0.0/1.0 accelerator_type:V100)
Result logdir: /storage/ice1/4/7/acheng324/soccer-twos-starter/ray_results/PPO_curriculum
Number of trials: 1/1 (1 RUNNING)
+------------------------+----------+----------------+--------+------------------+--------+----------+----------------------+----------------------+--------------------+
| Trial name             | status   | loc            |   iter |   total time (s) |     ts |   reward |   episode_reward_max |   episode_reward_min |   episode_len_mean |
|------------------------+----------+----------------+--------+------------------+--------+----------+----------------------+----------------------+--------------------|
| PPO_Soccer_226c6_00000 | RUNNING  | 0.0.0.0:796970 |     13 |          368.358 | 160205 | 0.608896 |               1.9124 |                    0 |             695.64 |
+------------------------+----------+----------------+--------+------------------+--------+----------+----------------------+----------------------+--------------------+


Result for PPO_Soccer_226c6_00000:
  agent_timesteps_total: 172144
  custom_metrics: {}
  date: 2026-03-30_18-09-36
  done: false
  episode_len_mean: 634.28
  episode_media: {}
  episode_reward_max: 1.9124000072479248
  episode_reward_mean: 0.7316799974441528
  episode_reward_min: 0.0
  episodes_this_iter: 20
  episodes_total: 229
  experiment_id: a558f9980ab944b592bcf75981dad115
  hostname: atl1-1-01-002-8-0.pace.gatech.edu
  info:
    learner:
      default_policy:
        learner_stats:
          allreduce_latency: 0.0
          cur_kl_coeff: 0.6749999999999997
          cur_lr: 4.9999999999999996e-05
          entropy: 3.138191654327068
          entropy_coeff: 0.0
          kl: 0.01760570885256884
          policy_loss: -0.0861685435743408
          total_loss: -0.01965648799817613
          vf_explained_var: 0.3183017075061798
          vf_loss: 0.05462820229536675
    num_agent_steps_sampled: 172144
    num_steps_sampled: 172144
    num_steps_trained: 172144
  iterations_since_restore: 14
  node_ip: 0.0.0.0
  num_healthy_workers: 14
  off_policy_estimator: {}
  perf:
    cpu_util_percent: 16.099999999999998
    ram_util_percent: 16.240476190476187
  pid: 796970
  policy_reward_max: {}
  policy_reward_mean: {}
  policy_reward_min: {}
  sampler_perf:
    mean_action_processing_ms: 0.09227940022270723
    mean_env_render_ms: 0.0
    mean_env_wait_ms: 16.611426197909665
    mean_inference_ms: 1.4430606755054816
    mean_raw_obs_processing_ms: 0.2160964431563117
  time_since_restore: 398.2706513404846
  time_this_iter_s: 29.91218876838684
  time_total_s: 398.2706513404846
  timers:
    learn_throughput: 779.161
    learn_time_ms: 15490.116
    sample_throughput: 980.991
    sample_time_ms: 12303.176
    update_time_ms: 3.333
  timestamp: 1774908576
  timesteps_since_restore: 0
  timesteps_total: 172144
  training_iteration: 14
  trial_id: 226c6_00000
  
== Status ==
Memory usage on this node: 30.5/187.0 GiB
Using FIFO scheduling algorithm.
Resources requested: 15.0/40 CPUs, 1.0/1 GPUs, 0.0/109.46 GiB heap, 0.0/50.9 GiB objects (0.0/1.0 accelerator_type:V100)
Result logdir: /storage/ice1/4/7/acheng324/soccer-twos-starter/ray_results/PPO_curriculum
Number of trials: 1/1 (1 RUNNING)
+------------------------+----------+----------------+--------+------------------+--------+----------+----------------------+----------------------+--------------------+
| Trial name             | status   | loc            |   iter |   total time (s) |     ts |   reward |   episode_reward_max |   episode_reward_min |   episode_len_mean |
|------------------------+----------+----------------+--------+------------------+--------+----------+----------------------+----------------------+--------------------|
| PPO_Soccer_226c6_00000 | RUNNING  | 0.0.0.0:796970 |     14 |          398.271 | 172144 |  0.73168 |               1.9124 |                    0 |             634.28 |
+------------------------+----------+----------------+--------+------------------+--------+----------+----------------------+----------------------+--------------------+


Result for PPO_Soccer_226c6_00000:
  agent_timesteps_total: 182322
  custom_metrics: {}
  date: 2026-03-30_18-10-01
  done: false
  episode_len_mean: 614.27
  episode_media: {}
  episode_reward_max: 1.9412000179290771
  episode_reward_mean: 0.7717319981753826
  episode_reward_min: 0.0
  episodes_this_iter: 18
  episodes_total: 247
  experiment_id: a558f9980ab944b592bcf75981dad115
  hostname: atl1-1-01-002-8-0.pace.gatech.edu
  info:
    learner:
      default_policy:
        learner_stats:
          allreduce_latency: 0.0
          cur_kl_coeff: 0.6749999999999999
          cur_lr: 5.000000000000001e-05
          entropy: 3.1235344499349593
          entropy_coeff: 0.0
          kl: 0.01808428866788745
          policy_loss: -0.09090669944416732
          total_loss: -0.030771985172759742
          vf_explained_var: 0.37540289759635925
          vf_loss: 0.04792781809810549
    num_agent_steps_sampled: 182322
    num_steps_sampled: 182322
    num_steps_trained: 182322
  iterations_since_restore: 15
  node_ip: 0.0.0.0
  num_healthy_workers: 14
  off_policy_estimator: {}
  perf:
    cpu_util_percent: 15.455555555555556
    ram_util_percent: 16.22500000000001
  pid: 796970
  policy_reward_max: {}
  policy_reward_mean: {}
  policy_reward_min: {}
  sampler_perf:
    mean_action_processing_ms: 0.09188407985248431
    mean_env_render_ms: 0.0
    mean_env_wait_ms: 16.558163766144272
    mean_inference_ms: 1.4327613638048968
    mean_raw_obs_processing_ms: 0.2157631628894789
  time_since_restore: 423.6048538684845
  time_this_iter_s: 25.334202527999878
  time_total_s: 423.6048538684845
  timers:
    learn_throughput: 779.09
    learn_time_ms: 15080.933
    sample_throughput: 966.026
    sample_time_ms: 12162.612
    update_time_ms: 3.286
  timestamp: 1774908601
  timesteps_since_restore: 0
  timesteps_total: 182322
  training_iteration: 15
  trial_id: 226c6_00000
  
== Status ==
Memory usage on this node: 30.2/187.0 GiB
Using FIFO scheduling algorithm.
Resources requested: 15.0/40 CPUs, 1.0/1 GPUs, 0.0/109.46 GiB heap, 0.0/50.9 GiB objects (0.0/1.0 accelerator_type:V100)
Result logdir: /storage/ice1/4/7/acheng324/soccer-twos-starter/ray_results/PPO_curriculum
Number of trials: 1/1 (1 RUNNING)
+------------------------+----------+----------------+--------+------------------+--------+----------+----------------------+----------------------+--------------------+
| Trial name             | status   | loc            |   iter |   total time (s) |     ts |   reward |   episode_reward_max |   episode_reward_min |   episode_len_mean |
|------------------------+----------+----------------+--------+------------------+--------+----------+----------------------+----------------------+--------------------|
| PPO_Soccer_226c6_00000 | RUNNING  | 0.0.0.0:796970 |     15 |          423.605 | 182322 | 0.771732 |               1.9412 |                    0 |             614.27 |
+------------------------+----------+----------------+--------+------------------+--------+----------+----------------------+----------------------+--------------------+


Result for PPO_Soccer_226c6_00000:
  agent_timesteps_total: 193766
  custom_metrics: {}
  date: 2026-03-30_18-10-31
  done: false
  episode_len_mean: 602.35
  episode_media: {}
  episode_reward_max: 1.9412000179290771
  episode_reward_mean: 0.7955919981002808
  episode_reward_min: 0.0
  episodes_this_iter: 19
  episodes_total: 266
  experiment_id: a558f9980ab944b592bcf75981dad115
  hostname: atl1-1-01-002-8-0.pace.gatech.edu
  info:
    learner:
      default_policy:
        learner_stats:
          allreduce_latency: 0.0
          cur_kl_coeff: 0.6749999999999998
          cur_lr: 5.000000000000001e-05
          entropy: 3.1339374197853935
          entropy_coeff: 0.0
          kl: 0.016117463312629195
          policy_loss: -0.09074481075836552
          total_loss: -0.03357825961170925
          vf_explained_var: 0.3219571113586426
          vf_loss: 0.04628726459211773
    num_agent_steps_sampled: 193766
    num_steps_sampled: 193766
    num_steps_trained: 193766
  iterations_since_restore: 16
  node_ip: 0.0.0.0
  num_healthy_workers: 14
  off_policy_estimator: {}
  perf:
    cpu_util_percent: 12.953488372093023
    ram_util_percent: 16.21627906976744
  pid: 796970
  policy_reward_max: {}
  policy_reward_mean: {}
  policy_reward_min: {}
  sampler_perf:
    mean_action_processing_ms: 0.09144030884890554
    mean_env_render_ms: 0.0
    mean_env_wait_ms: 16.490025897915867
    mean_inference_ms: 1.4221227170148742
    mean_raw_obs_processing_ms: 0.21529766171212497
  time_since_restore: 453.3892865180969
  time_this_iter_s: 29.784432649612427
  time_total_s: 453.3892865180969
  timers:
    learn_throughput: 778.733
    learn_time_ms: 14855.919
    sample_throughput: 880.926
    sample_time_ms: 13132.541
    update_time_ms: 3.283
  timestamp: 1774908631
  timesteps_since_restore: 0
  timesteps_total: 193766
  training_iteration: 16
  trial_id: 226c6_00000
  
== Status ==
Memory usage on this node: 30.4/187.0 GiB
Using FIFO scheduling algorithm.
Resources requested: 15.0/40 CPUs, 1.0/1 GPUs, 0.0/109.46 GiB heap, 0.0/50.9 GiB objects (0.0/1.0 accelerator_type:V100)
Result logdir: /storage/ice1/4/7/acheng324/soccer-twos-starter/ray_results/PPO_curriculum
Number of trials: 1/1 (1 RUNNING)
+------------------------+----------+----------------+--------+------------------+--------+----------+----------------------+----------------------+--------------------+
| Trial name             | status   | loc            |   iter |   total time (s) |     ts |   reward |   episode_reward_max |   episode_reward_min |   episode_len_mean |
|------------------------+----------+----------------+--------+------------------+--------+----------+----------------------+----------------------+--------------------|
| PPO_Soccer_226c6_00000 | RUNNING  | 0.0.0.0:796970 |     16 |          453.389 | 193766 | 0.795592 |               1.9412 |                    0 |             602.35 |
+------------------------+----------+----------------+--------+------------------+--------+----------+----------------------+----------------------+--------------------+


Result for PPO_Soccer_226c6_00000:
  agent_timesteps_total: 204055
  custom_metrics: {}
  date: 2026-03-30_18-10-59
  done: false
  episode_len_mean: 581.63
  episode_media: {}
  episode_reward_max: 1.9412000179290771
  episode_reward_mean: 0.8370679993927479
  episode_reward_min: 0.0
  episodes_this_iter: 17
  episodes_total: 283
  experiment_id: a558f9980ab944b592bcf75981dad115
  hostname: atl1-1-01-002-8-0.pace.gatech.edu
  info:
    learner:
      default_policy:
        learner_stats:
          allreduce_latency: 0.0
          cur_kl_coeff: 0.6749999999999998
          cur_lr: 5.000000000000001e-05
          entropy: 3.1219567546138056
          entropy_coeff: 0.0
          kl: 0.0160096573907836
          policy_loss: -0.09254600103070706
          total_loss: -0.03848328897844494
          vf_explained_var: 0.43642741441726685
          vf_loss: 0.0432561950551139
    num_agent_steps_sampled: 204055
    num_steps_sampled: 204055
    num_steps_trained: 204055
  iterations_since_restore: 17
  node_ip: 0.0.0.0
  num_healthy_workers: 14
  off_policy_estimator: {}
  perf:
    cpu_util_percent: 14.833333333333334
    ram_util_percent: 16.7974358974359
  pid: 796970
  policy_reward_max: {}
  policy_reward_mean: {}
  policy_reward_min: {}
  sampler_perf:
    mean_action_processing_ms: 0.09100820979200147
    mean_env_render_ms: 0.0
    mean_env_wait_ms: 16.436910039550366
    mean_inference_ms: 1.4131652668232828
    mean_raw_obs_processing_ms: 0.21522240883757707
  time_since_restore: 480.7618205547333
  time_this_iter_s: 27.372534036636353
  time_total_s: 480.7618205547333
  timers:
    learn_throughput: 779.245
    learn_time_ms: 14882.864
    sample_throughput: 896.233
    sample_time_ms: 12940.155
    update_time_ms: 3.283
  timestamp: 1774908659
  timesteps_since_restore: 0
  timesteps_total: 204055
  training_iteration: 17
  trial_id: 226c6_00000
  
== Status ==
Memory usage on this node: 32.2/187.0 GiB
Using FIFO scheduling algorithm.
Resources requested: 15.0/40 CPUs, 1.0/1 GPUs, 0.0/109.46 GiB heap, 0.0/50.9 GiB objects (0.0/1.0 accelerator_type:V100)
Result logdir: /storage/ice1/4/7/acheng324/soccer-twos-starter/ray_results/PPO_curriculum
Number of trials: 1/1 (1 RUNNING)
+------------------------+----------+----------------+--------+------------------+--------+----------+----------------------+----------------------+--------------------+
| Trial name             | status   | loc            |   iter |   total time (s) |     ts |   reward |   episode_reward_max |   episode_reward_min |   episode_len_mean |
|------------------------+----------+----------------+--------+------------------+--------+----------+----------------------+----------------------+--------------------|
| PPO_Soccer_226c6_00000 | RUNNING  | 0.0.0.0:796970 |     17 |          480.762 | 204055 | 0.837068 |               1.9412 |                    0 |             581.63 |
+------------------------+----------+----------------+--------+------------------+--------+----------+----------------------+----------------------+--------------------+


Result for PPO_Soccer_226c6_00000:
  agent_timesteps_total: 213888
  custom_metrics: {}
  date: 2026-03-30_18-11-22
  done: false
  episode_len_mean: 561.99
  episode_media: {}
  episode_reward_max: 1.9412000179290771
  episode_reward_mean: 0.8763959996402264
  episode_reward_min: 0.0
  episodes_this_iter: 20
  episodes_total: 303
  experiment_id: a558f9980ab944b592bcf75981dad115
  hostname: atl1-1-01-002-8-0.pace.gatech.edu
  info:
    learner:
      default_policy:
        learner_stats:
          allreduce_latency: 0.0
          cur_kl_coeff: 0.6749999999999997
          cur_lr: 5.0000000000000016e-05
          entropy: 3.1185635219920766
          entropy_coeff: 0.0
          kl: 0.016716571984353005
          policy_loss: -0.09546066700880017
          total_loss: -0.026929623241741935
          vf_explained_var: 0.4448605179786682
          vf_loss: 0.05724735669307895
    num_agent_steps_sampled: 213888
    num_steps_sampled: 213888
    num_steps_trained: 213888
  iterations_since_restore: 18
  node_ip: 0.0.0.0
  num_healthy_workers: 14
  off_policy_estimator: {}
  perf:
    cpu_util_percent: 13.299999999999999
    ram_util_percent: 16.93030303030303
  pid: 796970
  policy_reward_max: {}
  policy_reward_mean: {}
  policy_reward_min: {}
  sampler_perf:
    mean_action_processing_ms: 0.09065938117495857
    mean_env_render_ms: 0.0
    mean_env_wait_ms: 16.389742035349613
    mean_inference_ms: 1.4051457913189573
    mean_raw_obs_processing_ms: 0.21549828152868541
  time_since_restore: 504.14178919792175
  time_this_iter_s: 23.379968643188477
  time_total_s: 504.14178919792175
  timers:
    learn_throughput: 778.432
    learn_time_ms: 14517.771
    sample_throughput: 902.004
    sample_time_ms: 12528.88
    update_time_ms: 3.261
  timestamp: 1774908682
  timesteps_since_restore: 0
  timesteps_total: 213888
  training_iteration: 18
  trial_id: 226c6_00000
  
== Status ==
Memory usage on this node: 31.3/187.0 GiB
Using FIFO scheduling algorithm.
Resources requested: 15.0/40 CPUs, 1.0/1 GPUs, 0.0/109.46 GiB heap, 0.0/50.9 GiB objects (0.0/1.0 accelerator_type:V100)
Result logdir: /storage/ice1/4/7/acheng324/soccer-twos-starter/ray_results/PPO_curriculum
Number of trials: 1/1 (1 RUNNING)
+------------------------+----------+----------------+--------+------------------+--------+----------+----------------------+----------------------+--------------------+
| Trial name             | status   | loc            |   iter |   total time (s) |     ts |   reward |   episode_reward_max |   episode_reward_min |   episode_len_mean |
|------------------------+----------+----------------+--------+------------------+--------+----------+----------------------+----------------------+--------------------|
| PPO_Soccer_226c6_00000 | RUNNING  | 0.0.0.0:796970 |     18 |          504.142 | 213888 | 0.876396 |               1.9412 |                    0 |             561.99 |
+------------------------+----------+----------------+--------+------------------+--------+----------+----------------------+----------------------+--------------------+


Result for PPO_Soccer_226c6_00000:
  agent_timesteps_total: 221576
  custom_metrics: {}
  date: 2026-03-30_18-11-41
  done: false
  episode_len_mean: 508.38
  episode_media: {}
  episode_reward_max: 1.943600058555603
  episode_reward_mean: 0.9529000018537045
  episode_reward_min: -2.0
  episodes_this_iter: 24
  episodes_total: 327
  experiment_id: a558f9980ab944b592bcf75981dad115
  hostname: atl1-1-01-002-8-0.pace.gatech.edu
  info:
    learner:
      default_policy:
        learner_stats:
          allreduce_latency: 0.0
          cur_kl_coeff: 0.6749999999999997
          cur_lr: 5.0000000000000016e-05
          entropy: 3.0786876912976875
          entropy_coeff: 0.0
          kl: 0.0171060410526688
          policy_loss: -0.09803273409727167
          total_loss: 0.04958413463452312
          vf_explained_var: 0.3730371296405792
          vf_loss: 0.13607029097734905
    num_agent_steps_sampled: 221576
    num_steps_sampled: 221576
    num_steps_trained: 221576
  iterations_since_restore: 19
  node_ip: 0.0.0.0
  num_healthy_workers: 14
  off_policy_estimator: {}
  perf:
    cpu_util_percent: 16.592857142857145
    ram_util_percent: 16.71428571428571
  pid: 796970
  policy_reward_max: {}
  policy_reward_mean: {}
  policy_reward_min: {}
  sampler_perf:
    mean_action_processing_ms: 0.09028691910543082
    mean_env_render_ms: 0.0
    mean_env_wait_ms: 16.3341180129166
    mean_inference_ms: 1.3972157052919303
    mean_raw_obs_processing_ms: 0.21536722401439934
  time_since_restore: 523.7082891464233
  time_this_iter_s: 19.566499948501587
  time_total_s: 523.7082891464233
  timers:
    learn_throughput: 777.315
    learn_time_ms: 13868.771
    sample_throughput: 843.219
    sample_time_ms: 12784.821
    update_time_ms: 3.239
  timestamp: 1774908701
  timesteps_since_restore: 0
  timesteps_total: 221576
  training_iteration: 19
  trial_id: 226c6_00000
  
== Status ==
Memory usage on this node: 31.3/187.0 GiB
Using FIFO scheduling algorithm.
Resources requested: 15.0/40 CPUs, 1.0/1 GPUs, 0.0/109.46 GiB heap, 0.0/50.9 GiB objects (0.0/1.0 accelerator_type:V100)
Result logdir: /storage/ice1/4/7/acheng324/soccer-twos-starter/ray_results/PPO_curriculum
Number of trials: 1/1 (1 RUNNING)
+------------------------+----------+----------------+--------+------------------+--------+----------+----------------------+----------------------+--------------------+
| Trial name             | status   | loc            |   iter |   total time (s) |     ts |   reward |   episode_reward_max |   episode_reward_min |   episode_len_mean |
|------------------------+----------+----------------+--------+------------------+--------+----------+----------------------+----------------------+--------------------|
| PPO_Soccer_226c6_00000 | RUNNING  | 0.0.0.0:796970 |     19 |          523.708 | 221576 |   0.9529 |               1.9436 |                   -2 |             508.38 |
+------------------------+----------+----------------+--------+------------------+--------+----------+----------------------+----------------------+--------------------+


Result for PPO_Soccer_226c6_00000:
  agent_timesteps_total: 231251
  custom_metrics: {}
  date: 2026-03-30_18-12-02
  done: false
  episode_len_mean: 489.29
  episode_media: {}
  episode_reward_max: 1.943600058555603
  episode_reward_mean: 0.9910520024597644
  episode_reward_min: -2.0
  episodes_this_iter: 20
  episodes_total: 347
  experiment_id: a558f9980ab944b592bcf75981dad115
  hostname: atl1-1-01-002-8-0.pace.gatech.edu
  info:
    learner:
      default_policy:
        learner_stats:
          allreduce_latency: 0.0
          cur_kl_coeff: 0.6749999999999998
          cur_lr: 5.0000000000000016e-05
          entropy: 3.0717624896451046
          entropy_coeff: 0.0
          kl: 0.019567127682660754
          policy_loss: -0.09778178735685192
          total_loss: -0.012491910056652207
          vf_explained_var: 0.3587046265602112
          vf_loss: 0.07208206646732594
    num_agent_steps_sampled: 231251
    num_steps_sampled: 231251
    num_steps_trained: 231251
  iterations_since_restore: 20
  node_ip: 0.0.0.0
  num_healthy_workers: 14
  off_policy_estimator: {}
  perf:
    cpu_util_percent: 11.290000000000003
    ram_util_percent: 16.699999999999996
  pid: 796970
  policy_reward_max: {}
  policy_reward_mean: {}
  policy_reward_min: {}
  sampler_perf:
    mean_action_processing_ms: 0.08961016962759537
    mean_env_render_ms: 0.0
    mean_env_wait_ms: 16.245328147240407
    mean_inference_ms: 1.3865666104439578
    mean_raw_obs_processing_ms: 0.21496543026118498
  time_since_restore: 544.4751062393188
  time_this_iter_s: 20.766817092895508
  time_total_s: 544.4751062393188
  timers:
    learn_throughput: 777.114
    learn_time_ms: 13611.393
    sample_throughput: 876.089
    sample_time_ms: 12073.664
    update_time_ms: 3.232
  timestamp: 1774908722
  timesteps_since_restore: 0
  timesteps_total: 231251
  training_iteration: 20
  trial_id: 226c6_00000
  
== Status ==
Memory usage on this node: 31.3/187.0 GiB
Using FIFO scheduling algorithm.
Resources requested: 15.0/40 CPUs, 1.0/1 GPUs, 0.0/109.46 GiB heap, 0.0/50.9 GiB objects (0.0/1.0 accelerator_type:V100)
Result logdir: /storage/ice1/4/7/acheng324/soccer-twos-starter/ray_results/PPO_curriculum
Number of trials: 1/1 (1 RUNNING)
+------------------------+----------+----------------+--------+------------------+--------+----------+----------------------+----------------------+--------------------+
| Trial name             | status   | loc            |   iter |   total time (s) |     ts |   reward |   episode_reward_max |   episode_reward_min |   episode_len_mean |
|------------------------+----------+----------------+--------+------------------+--------+----------+----------------------+----------------------+--------------------|
| PPO_Soccer_226c6_00000 | RUNNING  | 0.0.0.0:796970 |     20 |          544.475 | 231251 | 0.991052 |               1.9436 |                   -2 |             489.29 |
+------------------------+----------+----------------+--------+------------------+--------+----------+----------------------+----------------------+--------------------+


Result for PPO_Soccer_226c6_00000:
  agent_timesteps_total: 239428
  custom_metrics: {}
  date: 2026-03-30_18-12-25
  done: false
  episode_len_mean: 433.49
  episode_media: {}
  episode_reward_max: 1.943600058555603
  episode_reward_mean: 1.102676000893116
  episode_reward_min: -2.0
  episodes_this_iter: 24
  episodes_total: 371
  experiment_id: a558f9980ab944b592bcf75981dad115
  hostname: atl1-1-01-002-8-0.pace.gatech.edu
  info:
    learner:
      default_policy:
        learner_stats:
          allreduce_latency: 0.0
          cur_kl_coeff: 0.6749999999999999
          cur_lr: 5.000000000000001e-05
          entropy: 3.04008037596941
          entropy_coeff: 0.0
          kl: 0.01816606384818442
          policy_loss: -0.11112467164639384
          total_loss: -0.0005103149160277098
          vf_explained_var: 0.43158072233200073
          vf_loss: 0.09835226426366717
    num_agent_steps_sampled: 239428
    num_steps_sampled: 239428
    num_steps_trained: 239428
  iterations_since_restore: 21
  node_ip: 0.0.0.0
  num_healthy_workers: 14
  off_policy_estimator: {}
  perf:
    cpu_util_percent: 16.703125
    ram_util_percent: 16.690625
  pid: 796970
  policy_reward_max: {}
  policy_reward_mean: {}
  policy_reward_min: {}
  sampler_perf:
    mean_action_processing_ms: 0.08938523937526607
    mean_env_render_ms: 0.0
    mean_env_wait_ms: 16.23438379733746
    mean_inference_ms: 1.3826614850506704
    mean_raw_obs_processing_ms: 0.21604080697552625
  time_since_restore: 566.941192150116
  time_this_iter_s: 22.46608591079712
  time_total_s: 566.941192150116
  timers:
    learn_throughput: 776.74
    learn_time_ms: 13205.068
    sample_throughput: 851.433
    sample_time_ms: 12046.626
    update_time_ms: 5.475
  timestamp: 1774908745
  timesteps_since_restore: 0
  timesteps_total: 239428
  training_iteration: 21
  trial_id: 226c6_00000
  
== Status ==
Memory usage on this node: 30.8/187.0 GiB
Using FIFO scheduling algorithm.
Resources requested: 15.0/40 CPUs, 1.0/1 GPUs, 0.0/109.46 GiB heap, 0.0/50.9 GiB objects (0.0/1.0 accelerator_type:V100)
Result logdir: /storage/ice1/4/7/acheng324/soccer-twos-starter/ray_results/PPO_curriculum
Number of trials: 1/1 (1 RUNNING)
+------------------------+----------+----------------+--------+------------------+--------+----------+----------------------+----------------------+--------------------+
| Trial name             | status   | loc            |   iter |   total time (s) |     ts |   reward |   episode_reward_max |   episode_reward_min |   episode_len_mean |
|------------------------+----------+----------------+--------+------------------+--------+----------+----------------------+----------------------+--------------------|
| PPO_Soccer_226c6_00000 | RUNNING  | 0.0.0.0:796970 |     21 |          566.941 | 239428 |  1.10268 |               1.9436 |                   -2 |             433.49 |
+------------------------+----------+----------------+--------+------------------+--------+----------+----------------------+----------------------+--------------------+


Result for PPO_Soccer_226c6_00000:
  agent_timesteps_total: 247766
  custom_metrics: {}
  date: 2026-03-30_18-12-49
  done: false
  episode_len_mean: 378.37
  episode_media: {}
  episode_reward_max: 1.943600058555603
  episode_reward_mean: 1.2129080006480217
  episode_reward_min: -2.0
  episodes_this_iter: 23
  episodes_total: 394
  experiment_id: a558f9980ab944b592bcf75981dad115
  hostname: atl1-1-01-002-8-0.pace.gatech.edu
  info:
    learner:
      default_policy:
        learner_stats:
          allreduce_latency: 0.0
          cur_kl_coeff: 0.6749999999999998
          cur_lr: 5.0000000000000016e-05
          entropy: 3.0310626246712427
          entropy_coeff: 0.0
          kl: 0.018493046899410812
          policy_loss: -0.10550534047863701
          total_loss: 0.0030956871130249715
          vf_explained_var: 0.37968364357948303
          vf_loss: 0.0961182200998971
    num_agent_steps_sampled: 247766
    num_steps_sampled: 247766
    num_steps_trained: 247766
  iterations_since_restore: 22
  node_ip: 0.0.0.0
  num_healthy_workers: 14
  off_policy_estimator: {}
  perf:
    cpu_util_percent: 12.066666666666665
    ram_util_percent: 16.46363636363636
  pid: 796970
  policy_reward_max: {}
  policy_reward_mean: {}
  policy_reward_min: {}
  sampler_perf:
    mean_action_processing_ms: 0.0892853571378741
    mean_env_render_ms: 0.0
    mean_env_wait_ms: 16.21503169410144
    mean_inference_ms: 1.378921554310457
    mean_raw_obs_processing_ms: 0.21645143001912484
  time_since_restore: 590.8595983982086
  time_this_iter_s: 23.91840624809265
  time_total_s: 590.8595983982086
  timers:
    learn_throughput: 752.769
    learn_time_ms: 12994.556
    sample_throughput: 839.419
    sample_time_ms: 11653.176
    update_time_ms: 5.457
  timestamp: 1774908769
  timesteps_since_restore: 0
  timesteps_total: 247766
  training_iteration: 22
  trial_id: 226c6_00000
  
== Status ==
Memory usage on this node: 30.8/187.0 GiB
Using FIFO scheduling algorithm.
Resources requested: 15.0/40 CPUs, 1.0/1 GPUs, 0.0/109.46 GiB heap, 0.0/50.9 GiB objects (0.0/1.0 accelerator_type:V100)
Result logdir: /storage/ice1/4/7/acheng324/soccer-twos-starter/ray_results/PPO_curriculum
Number of trials: 1/1 (1 RUNNING)
+------------------------+----------+----------------+--------+------------------+--------+----------+----------------------+----------------------+--------------------+
| Trial name             | status   | loc            |   iter |   total time (s) |     ts |   reward |   episode_reward_max |   episode_reward_min |   episode_len_mean |
|------------------------+----------+----------------+--------+------------------+--------+----------+----------------------+----------------------+--------------------|
| PPO_Soccer_226c6_00000 | RUNNING  | 0.0.0.0:796970 |     22 |           590.86 | 247766 |  1.21291 |               1.9436 |                   -2 |             378.37 |
+------------------------+----------+----------------+--------+------------------+--------+----------+----------------------+----------------------+--------------------+


Result for PPO_Soccer_226c6_00000:
  agent_timesteps_total: 257294
  custom_metrics: {}
  date: 2026-03-30_18-13-12
  done: false
  episode_len_mean: 395.68
  episode_media: {}
  episode_reward_max: 1.9335999488830566
  episode_reward_mean: 1.178360000178218
  episode_reward_min: -2.0
  episodes_this_iter: 23
  episodes_total: 417
  experiment_id: a558f9980ab944b592bcf75981dad115
  hostname: atl1-1-01-002-8-0.pace.gatech.edu
  info:
    learner:
      default_policy:
        learner_stats:
          allreduce_latency: 0.0
          cur_kl_coeff: 0.6749999999999998
          cur_lr: 5.0000000000000016e-05
          entropy: 3.044145793914795
          entropy_coeff: 0.0
          kl: 0.019657776057720185
          policy_loss: -0.10797694655756156
          total_loss: -0.012896270665029685
          vf_explained_var: 0.39556536078453064
          vf_loss: 0.08181167587637901
    num_agent_steps_sampled: 257294
    num_steps_sampled: 257294
    num_steps_trained: 257294
  iterations_since_restore: 23
  node_ip: 0.0.0.0
  num_healthy_workers: 14
  off_policy_estimator: {}
  perf:
    cpu_util_percent: 14.587878787878788
    ram_util_percent: 16.460606060606057
  pid: 796970
  policy_reward_max: {}
  policy_reward_mean: {}
  policy_reward_min: {}
  sampler_perf:
    mean_action_processing_ms: 0.0891334825191139
    mean_env_render_ms: 0.0
    mean_env_wait_ms: 16.20700734882046
    mean_inference_ms: 1.4067456249557944
    mean_raw_obs_processing_ms: 0.21694438094985277
  time_since_restore: 613.7388107776642
  time_this_iter_s: 22.879212379455566
  time_total_s: 613.7388107776642
  timers:
    learn_throughput: 753.726
    learn_time_ms: 12881.2
    sample_throughput: 838.418
    sample_time_ms: 11580.029
    update_time_ms: 5.423
  timestamp: 1774908792
  timesteps_since_restore: 0
  timesteps_total: 257294
  training_iteration: 23
  trial_id: 226c6_00000
  
== Status ==
Memory usage on this node: 30.7/187.0 GiB
Using FIFO scheduling algorithm.
Resources requested: 15.0/40 CPUs, 1.0/1 GPUs, 0.0/109.46 GiB heap, 0.0/50.9 GiB objects (0.0/1.0 accelerator_type:V100)
Result logdir: /storage/ice1/4/7/acheng324/soccer-twos-starter/ray_results/PPO_curriculum
Number of trials: 1/1 (1 RUNNING)
+------------------------+----------+----------------+--------+------------------+--------+----------+----------------------+----------------------+--------------------+
| Trial name             | status   | loc            |   iter |   total time (s) |     ts |   reward |   episode_reward_max |   episode_reward_min |   episode_len_mean |
|------------------------+----------+----------------+--------+------------------+--------+----------+----------------------+----------------------+--------------------|
| PPO_Soccer_226c6_00000 | RUNNING  | 0.0.0.0:796970 |     23 |          613.739 | 257294 |  1.17836 |               1.9336 |                   -2 |             395.68 |
+------------------------+----------+----------------+--------+------------------+--------+----------+----------------------+----------------------+--------------------+


Result for PPO_Soccer_226c6_00000:
  agent_timesteps_total: 264885
  custom_metrics: {}
  date: 2026-03-30_18-13-31
  done: false
  episode_len_mean: 368.27
  episode_media: {}
  episode_reward_max: 1.9248000383377075
  episode_reward_mean: 1.263895999416709
  episode_reward_min: 0.0
  episodes_this_iter: 26
  episodes_total: 443
  experiment_id: a558f9980ab944b592bcf75981dad115
  hostname: atl1-1-01-002-8-0.pace.gatech.edu
  info:
    learner:
      default_policy:
        learner_stats:
          allreduce_latency: 0.0
          cur_kl_coeff: 0.6749999999999997
          cur_lr: 5.0000000000000016e-05
          entropy: 2.9663747827212017
          entropy_coeff: 0.0
          kl: 0.0206870863524576
          policy_loss: -0.11142591891499858
          total_loss: 0.025734626206879815
          vf_explained_var: 0.4053134620189667
          vf_loss: 0.1231967596958081
    num_agent_steps_sampled: 264885
    num_steps_sampled: 264885
    num_steps_trained: 264885
  iterations_since_restore: 24
  node_ip: 0.0.0.0
  num_healthy_workers: 14
  off_policy_estimator: {}
  perf:
    cpu_util_percent: 13.32962962962963
    ram_util_percent: 16.399999999999995
  pid: 796970
  policy_reward_max: {}
  policy_reward_mean: {}
  policy_reward_min: {}
  sampler_perf:
    mean_action_processing_ms: 0.08955381403869048
    mean_env_render_ms: 0.0
    mean_env_wait_ms: 16.271567374377724
    mean_inference_ms: 1.4454173309232943
    mean_raw_obs_processing_ms: 0.21832797708196788
  time_since_restore: 632.851514339447
  time_this_iter_s: 19.112703561782837
  time_total_s: 632.851514339447
  timers:
    learn_throughput: 752.778
    learn_time_ms: 12319.84
    sample_throughput: 838.383
    sample_time_ms: 11061.891
    update_time_ms: 5.371
  timestamp: 1774908811
  timesteps_since_restore: 0
  timesteps_total: 264885
  training_iteration: 24
  trial_id: 226c6_00000
  
== Status ==
Memory usage on this node: 30.6/187.0 GiB
Using FIFO scheduling algorithm.
Resources requested: 15.0/40 CPUs, 1.0/1 GPUs, 0.0/109.46 GiB heap, 0.0/50.9 GiB objects (0.0/1.0 accelerator_type:V100)
Result logdir: /storage/ice1/4/7/acheng324/soccer-twos-starter/ray_results/PPO_curriculum
Number of trials: 1/1 (1 RUNNING)
+------------------------+----------+----------------+--------+------------------+--------+----------+----------------------+----------------------+--------------------+
| Trial name             | status   | loc            |   iter |   total time (s) |     ts |   reward |   episode_reward_max |   episode_reward_min |   episode_len_mean |
|------------------------+----------+----------------+--------+------------------+--------+----------+----------------------+----------------------+--------------------|
| PPO_Soccer_226c6_00000 | RUNNING  | 0.0.0.0:796970 |     24 |          632.852 | 264885 |   1.2639 |               1.9248 |                    0 |             368.27 |
+------------------------+----------+----------------+--------+------------------+--------+----------+----------------------+----------------------+--------------------+


Result for PPO_Soccer_226c6_00000:
  agent_timesteps_total: 274086
  custom_metrics: {}
  date: 2026-03-30_18-13-50
  done: false
  episode_len_mean: 346.58
  episode_media: {}
  episode_reward_max: 1.9431999921798706
  episode_reward_mean: 1.3072800012677908
  episode_reward_min: 0.0
  episodes_this_iter: 28
  episodes_total: 471
  experiment_id: a558f9980ab944b592bcf75981dad115
  hostname: atl1-1-01-002-8-0.pace.gatech.edu
  info:
    learner:
      default_policy:
        learner_stats:
          allreduce_latency: 0.0
          cur_kl_coeff: 1.0125000000000002
          cur_lr: 5.000000000000001e-05
          entropy: 2.9806022312906055
          entropy_coeff: 0.0
          kl: 0.01893202681094408
          policy_loss: -0.1034974924987182
          total_loss: 0.03147374017215851
          vf_explained_var: 0.3884744644165039
          vf_loss: 0.11580255513803826
    num_agent_steps_sampled: 274086
    num_steps_sampled: 274086
    num_steps_trained: 274086
  iterations_since_restore: 25
  node_ip: 0.0.0.0
  num_healthy_workers: 14
  off_policy_estimator: {}
  perf:
    cpu_util_percent: 12.54814814814815
    ram_util_percent: 16.399999999999995
  pid: 796970
  policy_reward_max: {}
  policy_reward_mean: {}
  policy_reward_min: {}
  sampler_perf:
    mean_action_processing_ms: 0.0896854937620758
    mean_env_render_ms: 0.0
    mean_env_wait_ms: 16.299418083153984
    mean_inference_ms: 1.4829410815390285
    mean_raw_obs_processing_ms: 0.2192186314622282
  time_since_restore: 651.9120857715607
  time_this_iter_s: 19.060571432113647
  time_total_s: 651.9120857715607
  timers:
    learn_throughput: 752.625
    learn_time_ms: 12192.529
    sample_throughput: 868.614
    sample_time_ms: 10564.416
    update_time_ms: 5.376
  timestamp: 1774908830
  timesteps_since_restore: 0
  timesteps_total: 274086
  training_iteration: 25
  trial_id: 226c6_00000
  
== Status ==
Memory usage on this node: 30.6/187.0 GiB
Using FIFO scheduling algorithm.
Resources requested: 15.0/40 CPUs, 1.0/1 GPUs, 0.0/109.46 GiB heap, 0.0/50.9 GiB objects (0.0/1.0 accelerator_type:V100)
Result logdir: /storage/ice1/4/7/acheng324/soccer-twos-starter/ray_results/PPO_curriculum
Number of trials: 1/1 (1 RUNNING)
+------------------------+----------+----------------+--------+------------------+--------+----------+----------------------+----------------------+--------------------+
| Trial name             | status   | loc            |   iter |   total time (s) |     ts |   reward |   episode_reward_max |   episode_reward_min |   episode_len_mean |
|------------------------+----------+----------------+--------+------------------+--------+----------+----------------------+----------------------+--------------------|
| PPO_Soccer_226c6_00000 | RUNNING  | 0.0.0.0:796970 |     25 |          651.912 | 274086 |  1.30728 |               1.9432 |                    0 |             346.58 |
+------------------------+----------+----------------+--------+------------------+--------+----------+----------------------+----------------------+--------------------+


Result for PPO_Soccer_226c6_00000:
  agent_timesteps_total: 280885
  custom_metrics: {}
  date: 2026-03-30_18-14-09
  done: false
  episode_len_mean: 309.68
  episode_media: {}
  episode_reward_max: 1.9431999921798706
  episode_reward_mean: 1.3810720008611679
  episode_reward_min: 0.0
  episodes_this_iter: 27
  episodes_total: 498
  experiment_id: a558f9980ab944b592bcf75981dad115
  hostname: atl1-1-01-002-8-0.pace.gatech.edu
  info:
    learner:
      default_policy:
        learner_stats:
          allreduce_latency: 0.0
          cur_kl_coeff: 1.0125000000000004
          cur_lr: 5.0000000000000016e-05
          entropy: 2.9672092684993037
          entropy_coeff: 0.0
          kl: 0.018253843541498536
          policy_loss: -0.12352654986359456
          total_loss: 0.03360234357037202
          vf_explained_var: 0.40206611156463623
          vf_loss: 0.13864687650843902
    num_agent_steps_sampled: 280885
    num_steps_sampled: 280885
    num_steps_trained: 280885
  iterations_since_restore: 26
  node_ip: 0.0.0.0
  num_healthy_workers: 14
  off_policy_estimator: {}
  perf:
    cpu_util_percent: 15.996296296296297
    ram_util_percent: 16.399999999999995
  pid: 796970
  policy_reward_max: {}
  policy_reward_mean: {}
  policy_reward_min: {}
  sampler_perf:
    mean_action_processing_ms: 0.08951413833245708
    mean_env_render_ms: 0.0
    mean_env_wait_ms: 16.297455733509068
    mean_inference_ms: 1.5095059674049667
    mean_raw_obs_processing_ms: 0.22012578116712347
  time_since_restore: 670.5175421237946
  time_this_iter_s: 18.605456352233887
  time_total_s: 670.5175421237946
  timers:
    learn_throughput: 750.718
    learn_time_ms: 11604.758
    sample_throughput: 868.17
    sample_time_ms: 10034.79
    update_time_ms: 5.357
  timestamp: 1774908849
  timesteps_since_restore: 0
  timesteps_total: 280885
  training_iteration: 26
  trial_id: 226c6_00000
  
== Status ==
Memory usage on this node: 30.6/187.0 GiB
Using FIFO scheduling algorithm.
Resources requested: 15.0/40 CPUs, 1.0/1 GPUs, 0.0/109.46 GiB heap, 0.0/50.9 GiB objects (0.0/1.0 accelerator_type:V100)
Result logdir: /storage/ice1/4/7/acheng324/soccer-twos-starter/ray_results/PPO_curriculum
Number of trials: 1/1 (1 RUNNING)
+------------------------+----------+----------------+--------+------------------+--------+----------+----------------------+----------------------+--------------------+
| Trial name             | status   | loc            |   iter |   total time (s) |     ts |   reward |   episode_reward_max |   episode_reward_min |   episode_len_mean |
|------------------------+----------+----------------+--------+------------------+--------+----------+----------------------+----------------------+--------------------|
| PPO_Soccer_226c6_00000 | RUNNING  | 0.0.0.0:796970 |     26 |          670.518 | 280885 |  1.38107 |               1.9432 |                    0 |             309.68 |
+------------------------+----------+----------------+--------+------------------+--------+----------+----------------------+----------------------+--------------------+


Result for PPO_Soccer_226c6_00000:
  agent_timesteps_total: 288640
  custom_metrics: {}
  date: 2026-03-30_18-14-24
  done: false
  episode_len_mean: 281.44
  episode_media: {}
  episode_reward_max: 1.9431999921798706
  episode_reward_mean: 1.4375479984283448
  episode_reward_min: 0.13920000195503235
  episodes_this_iter: 28
  episodes_total: 526
  experiment_id: a558f9980ab944b592bcf75981dad115
  hostname: atl1-1-01-002-8-0.pace.gatech.edu
  info:
    learner:
      default_policy:
        learner_stats:
          allreduce_latency: 0.0
          cur_kl_coeff: 1.0125000000000004
          cur_lr: 5.0000000000000016e-05
          entropy: 2.940694124972234
          entropy_coeff: 0.0
          kl: 0.017964251858533405
          policy_loss: -0.11400330643795553
          total_loss: 0.04604639696171049
          vf_explained_var: 0.34242263436317444
          vf_loss: 0.14186089632452512
    num_agent_steps_sampled: 288640
    num_steps_sampled: 288640
    num_steps_trained: 288640
  iterations_since_restore: 27
  node_ip: 0.0.0.0
  num_healthy_workers: 14
  off_policy_estimator: {}
  perf:
    cpu_util_percent: 14.586363636363636
    ram_util_percent: 16.39545454545454
  pid: 796970
  policy_reward_max: {}
  policy_reward_mean: {}
  policy_reward_min: {}
  sampler_perf:
    mean_action_processing_ms: 0.08927180934855031
    mean_env_render_ms: 0.0
    mean_env_wait_ms: 16.304577354511103
    mean_inference_ms: 1.5061856587920177
    mean_raw_obs_processing_ms: 0.22153268760100772
  time_since_restore: 686.0308957099915
  time_this_iter_s: 15.5133535861969
  time_total_s: 686.0308957099915
  timers:
    learn_throughput: 749.665
    learn_time_ms: 11283.047
    sample_throughput: 922.07
    sample_time_ms: 9173.381
    update_time_ms: 5.344
  timestamp: 1774908864
  timesteps_since_restore: 0
  timesteps_total: 288640
  training_iteration: 27
  trial_id: 226c6_00000
  
== Status ==
Memory usage on this node: 30.6/187.0 GiB
Using FIFO scheduling algorithm.
Resources requested: 15.0/40 CPUs, 1.0/1 GPUs, 0.0/109.46 GiB heap, 0.0/50.9 GiB objects (0.0/1.0 accelerator_type:V100)
Result logdir: /storage/ice1/4/7/acheng324/soccer-twos-starter/ray_results/PPO_curriculum
Number of trials: 1/1 (1 RUNNING)
+------------------------+----------+----------------+--------+------------------+--------+----------+----------------------+----------------------+--------------------+
| Trial name             | status   | loc            |   iter |   total time (s) |     ts |   reward |   episode_reward_max |   episode_reward_min |   episode_len_mean |
|------------------------+----------+----------------+--------+------------------+--------+----------+----------------------+----------------------+--------------------|
| PPO_Soccer_226c6_00000 | RUNNING  | 0.0.0.0:796970 |     27 |          686.031 | 288640 |  1.43755 |               1.9432 |               0.1392 |             281.44 |
+------------------------+----------+----------------+--------+------------------+--------+----------+----------------------+----------------------+--------------------+


Result for PPO_Soccer_226c6_00000:
  agent_timesteps_total: 296442
  custom_metrics: {}
  date: 2026-03-30_18-14-41
  done: false
  episode_len_mean: 293.99
  episode_media: {}
  episode_reward_max: 1.9431999921798706
  episode_reward_mean: 1.4124480013363063
  episode_reward_min: 0.0
  episodes_this_iter: 26
  episodes_total: 552
  experiment_id: a558f9980ab944b592bcf75981dad115
  hostname: atl1-1-01-002-8-0.pace.gatech.edu
  info:
    learner:
      default_policy:
        learner_stats:
          allreduce_latency: 0.0
          cur_kl_coeff: 1.0125000000000004
          cur_lr: 5.0000000000000016e-05
          entropy: 2.9046067839763205
          entropy_coeff: 0.0
          kl: 0.019191543403707566
          policy_loss: -0.1109033872632951
          total_loss: 0.05731029008499912
          vf_explained_var: 0.3073750138282776
          vf_loss: 0.14878223836421967
    num_agent_steps_sampled: 296442
    num_steps_sampled: 296442
    num_steps_trained: 296442
  iterations_since_restore: 28
  node_ip: 0.0.0.0
  num_healthy_workers: 14
  off_policy_estimator: {}
  perf:
    cpu_util_percent: 13.3125
    ram_util_percent: 16.3875
  pid: 796970
  policy_reward_max: {}
  policy_reward_mean: {}
  policy_reward_min: {}
  sampler_perf:
    mean_action_processing_ms: 0.08933859276219015
    mean_env_render_ms: 0.0
    mean_env_wait_ms: 16.32505019583389
    mean_inference_ms: 1.5039452731358816
    mean_raw_obs_processing_ms: 0.222606135052773
  time_since_restore: 703.1265807151794
  time_this_iter_s: 17.09568500518799
  time_total_s: 703.1265807151794
  timers:
    learn_throughput: 750.119
    learn_time_ms: 11005.453
    sample_throughput: 935.539
    sample_time_ms: 8824.216
    update_time_ms: 5.325
  timestamp: 1774908881
  timesteps_since_restore: 0
  timesteps_total: 296442
  training_iteration: 28
  trial_id: 226c6_00000
  
== Status ==
Memory usage on this node: 30.6/187.0 GiB
Using FIFO scheduling algorithm.
Resources requested: 15.0/40 CPUs, 1.0/1 GPUs, 0.0/109.46 GiB heap, 0.0/50.9 GiB objects (0.0/1.0 accelerator_type:V100)
Result logdir: /storage/ice1/4/7/acheng324/soccer-twos-starter/ray_results/PPO_curriculum
Number of trials: 1/1 (1 RUNNING)
+------------------------+----------+----------------+--------+------------------+--------+----------+----------------------+----------------------+--------------------+
| Trial name             | status   | loc            |   iter |   total time (s) |     ts |   reward |   episode_reward_max |   episode_reward_min |   episode_len_mean |
|------------------------+----------+----------------+--------+------------------+--------+----------+----------------------+----------------------+--------------------|
| PPO_Soccer_226c6_00000 | RUNNING  | 0.0.0.0:796970 |     28 |          703.127 | 296442 |  1.41245 |               1.9432 |                    0 |             293.99 |
+------------------------+----------+----------------+--------+------------------+--------+----------+----------------------+----------------------+--------------------+


Result for PPO_Soccer_226c6_00000:
  agent_timesteps_total: 304068
  custom_metrics: {}
  date: 2026-03-30_18-15-01
  done: false
  episode_len_mean: 283.66
  episode_media: {}
  episode_reward_max: 1.919600009918213
  episode_reward_mean: 1.3804479999653996
  episode_reward_min: -2.0
  episodes_this_iter: 25
  episodes_total: 577
  experiment_id: a558f9980ab944b592bcf75981dad115
  hostname: atl1-1-01-002-8-0.pace.gatech.edu
  info:
    learner:
      default_policy:
        learner_stats:
          allreduce_latency: 0.0
          cur_kl_coeff: 1.0125000000000004
          cur_lr: 5.0000000000000016e-05
          entropy: 2.909965705871582
          entropy_coeff: 0.0
          kl: 0.017655187426134943
          policy_loss: -0.11125509049743414
          total_loss: 0.05375064496571819
          vf_explained_var: 0.47980326414108276
          vf_loss: 0.14712985803683598
    num_agent_steps_sampled: 304068
    num_steps_sampled: 304068
    num_steps_trained: 304068
  iterations_since_restore: 29
  node_ip: 0.0.0.0
  num_healthy_workers: 14
  off_policy_estimator: {}
  perf:
    cpu_util_percent: 15.955172413793104
    ram_util_percent: 16.70689655172414
  pid: 796970
  policy_reward_max: {}
  policy_reward_mean: {}
  policy_reward_min: {}
  sampler_perf:
    mean_action_processing_ms: 0.08921738064048877
    mean_env_render_ms: 0.0
    mean_env_wait_ms: 16.321121961097823
    mean_inference_ms: 1.4998714839937461
    mean_raw_obs_processing_ms: 0.22366995081118587
  time_since_restore: 723.3749485015869
  time_this_iter_s: 20.24836778640747
  time_total_s: 723.3749485015869
  timers:
    learn_throughput: 750.704
    learn_time_ms: 10988.612
    sample_throughput: 925.76
    sample_time_ms: 8910.731
    update_time_ms: 5.304
  timestamp: 1774908901
  timesteps_since_restore: 0
  timesteps_total: 304068
  training_iteration: 29
  trial_id: 226c6_00000
  
== Status ==
Memory usage on this node: 31.4/187.0 GiB
Using FIFO scheduling algorithm.
Resources requested: 15.0/40 CPUs, 1.0/1 GPUs, 0.0/109.46 GiB heap, 0.0/50.9 GiB objects (0.0/1.0 accelerator_type:V100)
Result logdir: /storage/ice1/4/7/acheng324/soccer-twos-starter/ray_results/PPO_curriculum
Number of trials: 1/1 (1 RUNNING)
+------------------------+----------+----------------+--------+------------------+--------+----------+----------------------+----------------------+--------------------+
| Trial name             | status   | loc            |   iter |   total time (s) |     ts |   reward |   episode_reward_max |   episode_reward_min |   episode_len_mean |
|------------------------+----------+----------------+--------+------------------+--------+----------+----------------------+----------------------+--------------------|
| PPO_Soccer_226c6_00000 | RUNNING  | 0.0.0.0:796970 |     29 |          723.375 | 304068 |  1.38045 |               1.9196 |                   -2 |             283.66 |
+------------------------+----------+----------------+--------+------------------+--------+----------+----------------------+----------------------+--------------------+


Result for PPO_Soccer_226c6_00000:
  agent_timesteps_total: 310759
  custom_metrics: {}
  date: 2026-03-30_18-15-21
  done: false
  episode_len_mean: 272.82
  episode_media: {}
  episode_reward_max: 1.9523999691009521
  episode_reward_mean: 1.40211999906227
  episode_reward_min: -2.0
  episodes_this_iter: 29
  episodes_total: 606
  experiment_id: a558f9980ab944b592bcf75981dad115
  hostname: atl1-1-01-002-8-0.pace.gatech.edu
  info:
    learner:
      default_policy:
        learner_stats:
          allreduce_latency: 0.0
          cur_kl_coeff: 1.0125000000000004
          cur_lr: 5.0000000000000016e-05
          entropy: 2.8987230174946337
          entropy_coeff: 0.0
          kl: 0.0161899392897228
          policy_loss: -0.12185570342852822
          total_loss: 0.020091170032139657
          vf_explained_var: 0.4742031693458557
          vf_loss: 0.12555455753825745
    num_agent_steps_sampled: 310759
    num_steps_sampled: 310759
    num_steps_trained: 310759
  iterations_since_restore: 30
  node_ip: 0.0.0.0
  num_healthy_workers: 14
  off_policy_estimator: {}
  perf:
    cpu_util_percent: 15.72857142857143
    ram_util_percent: 16.71428571428571
  pid: 796970
  policy_reward_max: {}
  policy_reward_mean: {}
  policy_reward_min: {}
  sampler_perf:
    mean_action_processing_ms: 0.08932877961308501
    mean_env_render_ms: 0.0
    mean_env_wait_ms: 16.33572401484218
    mean_inference_ms: 1.4969962392543252
    mean_raw_obs_processing_ms: 0.22506553492953668
  time_since_restore: 742.6193952560425
  time_this_iter_s: 19.244446754455566
  time_total_s: 742.6193952560425
  timers:
    learn_throughput: 749.521
    learn_time_ms: 10607.848
    sample_throughput: 869.977
    sample_time_ms: 9139.097
    update_time_ms: 5.287
  timestamp: 1774908921
  timesteps_since_restore: 0
  timesteps_total: 310759
  training_iteration: 30
  trial_id: 226c6_00000
  
== Status ==
Memory usage on this node: 30.7/187.0 GiB
Using FIFO scheduling algorithm.
Resources requested: 15.0/40 CPUs, 1.0/1 GPUs, 0.0/109.46 GiB heap, 0.0/50.9 GiB objects (0.0/1.0 accelerator_type:V100)
Result logdir: /storage/ice1/4/7/acheng324/soccer-twos-starter/ray_results/PPO_curriculum
Number of trials: 1/1 (1 RUNNING)
+------------------------+----------+----------------+--------+------------------+--------+----------+----------------------+----------------------+--------------------+
| Trial name             | status   | loc            |   iter |   total time (s) |     ts |   reward |   episode_reward_max |   episode_reward_min |   episode_len_mean |
|------------------------+----------+----------------+--------+------------------+--------+----------+----------------------+----------------------+--------------------|
| PPO_Soccer_226c6_00000 | RUNNING  | 0.0.0.0:796970 |     30 |          742.619 | 310759 |  1.40212 |               1.9524 |                   -2 |             272.82 |
+------------------------+----------+----------------+--------+------------------+--------+----------+----------------------+----------------------+--------------------+


Result for PPO_Soccer_226c6_00000:
  agent_timesteps_total: 318993
  custom_metrics: {}
  date: 2026-03-30_18-15-39
  done: false
  episode_len_mean: 299.69
  episode_media: {}
  episode_reward_max: 1.9523999691009521
  episode_reward_mean: 1.3211760048381984
  episode_reward_min: -2.0
  episodes_this_iter: 24
  episodes_total: 630
  experiment_id: a558f9980ab944b592bcf75981dad115
  hostname: atl1-1-01-002-8-0.pace.gatech.edu
  info:
    learner:
      default_policy:
        learner_stats:
          allreduce_latency: 0.0
          cur_kl_coeff: 1.0125000000000002
          cur_lr: 5.000000000000001e-05
          entropy: 2.9088243081019476
          entropy_coeff: 0.0
          kl: 0.018003522547391744
          policy_loss: -0.1053674214018079
          total_loss: 0.039917591128211756
          vf_explained_var: 0.39423638582229614
          vf_loss: 0.12705644552524273
    num_agent_steps_sampled: 318993
    num_steps_sampled: 318993
    num_steps_trained: 318993
  iterations_since_restore: 31
  node_ip: 0.0.0.0
  num_healthy_workers: 14
  off_policy_estimator: {}
  perf:
    cpu_util_percent: 11.63076923076923
    ram_util_percent: 16.4
  pid: 796970
  policy_reward_max: {}
  policy_reward_mean: {}
  policy_reward_min: {}
  sampler_perf:
    mean_action_processing_ms: 0.08967317634887237
    mean_env_render_ms: 0.0
    mean_env_wait_ms: 16.34938475471712
    mean_inference_ms: 1.4963174371871384
    mean_raw_obs_processing_ms: 0.22533334649423903
  time_since_restore: 761.2307522296906
  time_this_iter_s: 18.61135697364807
  time_total_s: 761.2307522296906
  timers:
    learn_throughput: 748.085
    learn_time_ms: 10635.822
    sample_throughput: 911.406
    sample_time_ms: 8729.922
    update_time_ms: 3.042
  timestamp: 1774908939
  timesteps_since_restore: 0
  timesteps_total: 318993
  training_iteration: 31
  trial_id: 226c6_00000
  
== Status ==
Memory usage on this node: 30.7/187.0 GiB
Using FIFO scheduling algorithm.
Resources requested: 15.0/40 CPUs, 1.0/1 GPUs, 0.0/109.46 GiB heap, 0.0/50.9 GiB objects (0.0/1.0 accelerator_type:V100)
Result logdir: /storage/ice1/4/7/acheng324/soccer-twos-starter/ray_results/PPO_curriculum
Number of trials: 1/1 (1 RUNNING)
+------------------------+----------+----------------+--------+------------------+--------+----------+----------------------+----------------------+--------------------+
| Trial name             | status   | loc            |   iter |   total time (s) |     ts |   reward |   episode_reward_max |   episode_reward_min |   episode_len_mean |
|------------------------+----------+----------------+--------+------------------+--------+----------+----------------------+----------------------+--------------------|
| PPO_Soccer_226c6_00000 | RUNNING  | 0.0.0.0:796970 |     31 |          761.231 | 318993 |  1.32118 |               1.9524 |                   -2 |             299.69 |
+------------------------+----------+----------------+--------+------------------+--------+----------+----------------------+----------------------+--------------------+


Result for PPO_Soccer_226c6_00000:
  agent_timesteps_total: 325200
  custom_metrics: {}
  date: 2026-03-30_18-15-56
  done: false
  episode_len_mean: 265.43
  episode_media: {}
  episode_reward_max: 1.9523999691009521
  episode_reward_mean: 1.3517360019683837
  episode_reward_min: -2.0
  episodes_this_iter: 30
  episodes_total: 660
  experiment_id: a558f9980ab944b592bcf75981dad115
  hostname: atl1-1-01-002-8-0.pace.gatech.edu
  info:
    learner:
      default_policy:
        learner_stats:
          allreduce_latency: 0.0
          cur_kl_coeff: 1.0125000000000002
          cur_lr: 5.000000000000001e-05
          entropy: 2.8661270871454354
          entropy_coeff: 0.0
          kl: 0.01675481892818091
          policy_loss: -0.12038164074551694
          total_loss: 0.07708457682509812
          vf_explained_var: 0.3760429322719574
          vf_loss: 0.180501965539796
    num_agent_steps_sampled: 325200
    num_steps_sampled: 325200
    num_steps_trained: 325200
  iterations_since_restore: 32
  node_ip: 0.0.0.0
  num_healthy_workers: 14
  off_policy_estimator: {}
  perf:
    cpu_util_percent: 13.341666666666669
    ram_util_percent: 16.391666666666666
  pid: 796970
  policy_reward_max: {}
  policy_reward_mean: {}
  policy_reward_min: {}
  sampler_perf:
    mean_action_processing_ms: 0.08963470586237401
    mean_env_render_ms: 0.0
    mean_env_wait_ms: 16.33710593987134
    mean_inference_ms: 1.4889787026190122
    mean_raw_obs_processing_ms: 0.22553734389336202
  time_since_restore: 777.6011121273041
  time_this_iter_s: 16.370359897613525
  time_total_s: 777.6011121273041
  timers:
    learn_throughput: 755.943
    learn_time_ms: 10243.366
    sample_throughput: 925.193
    sample_time_ms: 8369.496
    update_time_ms: 3.03
  timestamp: 1774908956
  timesteps_since_restore: 0
  timesteps_total: 325200
  training_iteration: 32
  trial_id: 226c6_00000
  
== Status ==
Memory usage on this node: 30.5/187.0 GiB
Using FIFO scheduling algorithm.
Resources requested: 15.0/40 CPUs, 1.0/1 GPUs, 0.0/109.46 GiB heap, 0.0/50.9 GiB objects (0.0/1.0 accelerator_type:V100)
Result logdir: /storage/ice1/4/7/acheng324/soccer-twos-starter/ray_results/PPO_curriculum
Number of trials: 1/1 (1 RUNNING)
+------------------------+----------+----------------+--------+------------------+--------+----------+----------------------+----------------------+--------------------+
| Trial name             | status   | loc            |   iter |   total time (s) |     ts |   reward |   episode_reward_max |   episode_reward_min |   episode_len_mean |
|------------------------+----------+----------------+--------+------------------+--------+----------+----------------------+----------------------+--------------------|
| PPO_Soccer_226c6_00000 | RUNNING  | 0.0.0.0:796970 |     32 |          777.601 | 325200 |  1.35174 |               1.9524 |                   -2 |             265.43 |
+------------------------+----------+----------------+--------+------------------+--------+----------+----------------------+----------------------+--------------------+


Result for PPO_Soccer_226c6_00000:
  agent_timesteps_total: 332904
  custom_metrics: {}
  date: 2026-03-30_18-16-18
  done: false
  episode_len_mean: 268.15
  episode_media: {}
  episode_reward_max: 1.9523999691009521
  episode_reward_mean: 1.3989520078152418
  episode_reward_min: -2.0
  episodes_this_iter: 27
  episodes_total: 687
  experiment_id: a558f9980ab944b592bcf75981dad115
  hostname: atl1-1-01-002-8-0.pace.gatech.edu
  info:
    learner:
      default_policy:
        learner_stats:
          allreduce_latency: 0.0
          cur_kl_coeff: 1.0125000000000004
          cur_lr: 5.0000000000000016e-05
          entropy: 2.8836320032838914
          entropy_coeff: 0.0
          kl: 0.01858511548794684
          policy_loss: -0.11366100026080843
          total_loss: 0.025369139052316792
          vf_explained_var: 0.42402079701423645
          vf_loss: 0.12021271078312984
    num_agent_steps_sampled: 332904
    num_steps_sampled: 332904
    num_steps_trained: 332904
  iterations_since_restore: 33
  node_ip: 0.0.0.0
  num_healthy_workers: 14
  off_policy_estimator: {}
  perf:
    cpu_util_percent: 12.625806451612904
    ram_util_percent: 16.33548387096774
  pid: 796970
  policy_reward_max: {}
  policy_reward_mean: {}
  policy_reward_min: {}
  sampler_perf:
    mean_action_processing_ms: 0.08958141526118063
    mean_env_render_ms: 0.0
    mean_env_wait_ms: 16.319548293658503
    mean_inference_ms: 1.4827219176856337
    mean_raw_obs_processing_ms: 0.2256799852146713
  time_since_restore: 799.4874682426453
  time_this_iter_s: 21.886356115341187
  time_total_s: 799.4874682426453
  timers:
    learn_throughput: 754.473
    learn_time_ms: 10021.562
    sample_throughput: 890.217
    sample_time_ms: 8493.438
    update_time_ms: 3.03
  timestamp: 1774908978
  timesteps_since_restore: 0
  timesteps_total: 332904
  training_iteration: 33
  trial_id: 226c6_00000
  
== Status ==
Memory usage on this node: 30.6/187.0 GiB
Using FIFO scheduling algorithm.
Resources requested: 15.0/40 CPUs, 1.0/1 GPUs, 0.0/109.46 GiB heap, 0.0/50.9 GiB objects (0.0/1.0 accelerator_type:V100)
Result logdir: /storage/ice1/4/7/acheng324/soccer-twos-starter/ray_results/PPO_curriculum
Number of trials: 1/1 (1 RUNNING)
+------------------------+----------+----------------+--------+------------------+--------+----------+----------------------+----------------------+--------------------+
| Trial name             | status   | loc            |   iter |   total time (s) |     ts |   reward |   episode_reward_max |   episode_reward_min |   episode_len_mean |
|------------------------+----------+----------------+--------+------------------+--------+----------+----------------------+----------------------+--------------------|
| PPO_Soccer_226c6_00000 | RUNNING  | 0.0.0.0:796970 |     33 |          799.487 | 332904 |  1.39895 |               1.9524 |                   -2 |             268.15 |
+------------------------+----------+----------------+--------+------------------+--------+----------+----------------------+----------------------+--------------------+


Result for PPO_Soccer_226c6_00000:
  agent_timesteps_total: 339196
  custom_metrics: {}
  date: 2026-03-30_18-16-31
  done: false
  episode_len_mean: 225.1
  episode_media: {}
  episode_reward_max: 1.9523999691009521
  episode_reward_mean: 1.4850440037995576
  episode_reward_min: -2.0
  episodes_this_iter: 38
  episodes_total: 725
  experiment_id: a558f9980ab944b592bcf75981dad115
  hostname: atl1-1-01-002-8-0.pace.gatech.edu
  info:
    learner:
      default_policy:
        learner_stats:
          allreduce_latency: 0.0
          cur_kl_coeff: 1.0125000000000002
          cur_lr: 5.000000000000001e-05
          entropy: 2.803814115524292
          entropy_coeff: 0.0
          kl: 0.01792832840234041
          policy_loss: -0.11796777255833149
          total_loss: 0.07545155748724937
          vf_explained_var: 0.43073707818984985
          vf_loss: 0.17526689320802688
    num_agent_steps_sampled: 339196
    num_steps_sampled: 339196
    num_steps_trained: 339196
  iterations_since_restore: 34
  node_ip: 0.0.0.0
  num_healthy_workers: 14
  off_policy_estimator: {}
  perf:
    cpu_util_percent: 15.57894736842105
    ram_util_percent: 16.33684210526316
  pid: 796970
  policy_reward_max: {}
  policy_reward_mean: {}
  policy_reward_min: {}
  sampler_perf:
    mean_action_processing_ms: 0.08939772439424709
    mean_env_render_ms: 0.0
    mean_env_wait_ms: 16.29512280676036
    mean_inference_ms: 1.474978837020911
    mean_raw_obs_processing_ms: 0.22629209243867504
  time_since_restore: 813.0706315040588
  time_this_iter_s: 13.583163261413574
  time_total_s: 813.0706315040588
  timers:
    learn_throughput: 753.561
    learn_time_ms: 9861.313
    sample_throughput: 917.199
    sample_time_ms: 8101.947
    update_time_ms: 3.026
  timestamp: 1774908991
  timesteps_since_restore: 0
  timesteps_total: 339196
  training_iteration: 34
  trial_id: 226c6_00000
  
== Status ==
Memory usage on this node: 30.5/187.0 GiB
Using FIFO scheduling algorithm.
Resources requested: 15.0/40 CPUs, 1.0/1 GPUs, 0.0/109.46 GiB heap, 0.0/50.9 GiB objects (0.0/1.0 accelerator_type:V100)
Result logdir: /storage/ice1/4/7/acheng324/soccer-twos-starter/ray_results/PPO_curriculum
Number of trials: 1/1 (1 RUNNING)
+------------------------+----------+----------------+--------+------------------+--------+----------+----------------------+----------------------+--------------------+
| Trial name             | status   | loc            |   iter |   total time (s) |     ts |   reward |   episode_reward_max |   episode_reward_min |   episode_len_mean |
|------------------------+----------+----------------+--------+------------------+--------+----------+----------------------+----------------------+--------------------|
| PPO_Soccer_226c6_00000 | RUNNING  | 0.0.0.0:796970 |     34 |          813.071 | 339196 |  1.48504 |               1.9524 |                   -2 |              225.1 |
+------------------------+----------+----------------+--------+------------------+--------+----------+----------------------+----------------------+--------------------+


Result for PPO_Soccer_226c6_00000:
  agent_timesteps_total: 347215
  custom_metrics: {}
  date: 2026-03-30_18-16-47
  done: false
  episode_len_mean: 224.05
  episode_media: {}
  episode_reward_max: 1.9404000043869019
  episode_reward_mean: 1.5523320028930903
  episode_reward_min: 0.09759999811649323
  episodes_this_iter: 34
  episodes_total: 759
  experiment_id: a558f9980ab944b592bcf75981dad115
  hostname: atl1-1-01-002-8-0.pace.gatech.edu
  info:
    learner:
      default_policy:
        learner_stats:
          allreduce_latency: 0.0
          cur_kl_coeff: 1.0125000000000004
          cur_lr: 5.000000000000002e-05
          entropy: 2.8206733711182124
          entropy_coeff: 0.0
          kl: 0.020317176238648475
          policy_loss: -0.11557100515162187
          total_loss: 0.06628411901848656
          vf_explained_var: 0.3742932975292206
          vf_loss: 0.16128398004978423
    num_agent_steps_sampled: 347215
    num_steps_sampled: 347215
    num_steps_trained: 347215
  iterations_since_restore: 35
  node_ip: 0.0.0.0
  num_healthy_workers: 14
  off_policy_estimator: {}
  perf:
    cpu_util_percent: 12.454545454545455
    ram_util_percent: 16.32727272727273
  pid: 796970
  policy_reward_max: {}
  policy_reward_mean: {}
  policy_reward_min: {}
  sampler_perf:
    mean_action_processing_ms: 0.08969643288750088
    mean_env_render_ms: 0.0
    mean_env_wait_ms: 16.34250634020985
    mean_inference_ms: 1.4788302982292532
    mean_raw_obs_processing_ms: 0.22788123148833875
  time_since_restore: 828.3092420101166
  time_this_iter_s: 15.23861050605774
  time_total_s: 828.3092420101166
  timers:
    learn_throughput: 752.224
    learn_time_ms: 9721.711
    sample_throughput: 930.352
    sample_time_ms: 7860.359
    update_time_ms: 3.007
  timestamp: 1774909007
  timesteps_since_restore: 0
  timesteps_total: 347215
  training_iteration: 35
  trial_id: 226c6_00000
  
== Status ==
Memory usage on this node: 30.5/187.0 GiB
Using FIFO scheduling algorithm.
Resources requested: 15.0/40 CPUs, 1.0/1 GPUs, 0.0/109.46 GiB heap, 0.0/50.9 GiB objects (0.0/1.0 accelerator_type:V100)
Result logdir: /storage/ice1/4/7/acheng324/soccer-twos-starter/ray_results/PPO_curriculum
Number of trials: 1/1 (1 RUNNING)
+------------------------+----------+----------------+--------+------------------+--------+----------+----------------------+----------------------+--------------------+
| Trial name             | status   | loc            |   iter |   total time (s) |     ts |   reward |   episode_reward_max |   episode_reward_min |   episode_len_mean |
|------------------------+----------+----------------+--------+------------------+--------+----------+----------------------+----------------------+--------------------|
| PPO_Soccer_226c6_00000 | RUNNING  | 0.0.0.0:796970 |     35 |          828.309 | 347215 |  1.55233 |               1.9404 |               0.0976 |             224.05 |
+------------------------+----------+----------------+--------+------------------+--------+----------+----------------------+----------------------+--------------------+


[2m[36m(pid=796970, ip=172.27.144.17)[0m ---- Updating tasks!!! ----
[2m[36m(pid=796970, ip=172.27.144.17)[0m Current task: 1 - Easy Goal
Result for PPO_Soccer_226c6_00000:
  agent_timesteps_total: 351937
  custom_metrics: {}
  date: 2026-03-30_18-16-57
  done: false
  episode_len_mean: 168.32
  episode_media: {}
  episode_reward_max: 1.954800009727478
  episode_reward_mean: 1.628428000062704
  episode_reward_min: -2.0
  episodes_this_iter: 43
  episodes_total: 802
  experiment_id: a558f9980ab944b592bcf75981dad115
  hostname: atl1-1-01-002-8-0.pace.gatech.edu
  info:
    learner:
      default_policy:
        learner_stats:
          allreduce_latency: 0.0
          cur_kl_coeff: 1.5187499999999998
          cur_lr: 4.999999999999999e-05
          entropy: 2.7560873740428202
          entropy_coeff: 0.0
          kl: 0.015659114773813133
          policy_loss: -0.12311213304968299
          total_loss: 0.09179140330367797
          vf_explained_var: 0.474271297454834
          vf_loss: 0.1911212552238155
    num_agent_steps_sampled: 351937
    num_steps_sampled: 351937
    num_steps_trained: 351937
  iterations_since_restore: 36
  node_ip: 0.0.0.0
  num_healthy_workers: 14
  off_policy_estimator: {}
  perf:
    cpu_util_percent: 16.833333333333336
    ram_util_percent: 16.446666666666665
  pid: 796970
  policy_reward_max: {}
  policy_reward_mean: {}
  policy_reward_min: {}
  sampler_perf:
    mean_action_processing_ms: 0.08990344972733083
    mean_env_render_ms: 0.0
    mean_env_wait_ms: 16.402857810210197
    mean_inference_ms: 1.4820177443733469
    mean_raw_obs_processing_ms: 0.2303502196498914
  time_since_restore: 838.8409245014191
  time_this_iter_s: 10.53168249130249
  time_total_s: 838.8409245014191
  timers:
    learn_throughput: 752.57
    learn_time_ms: 9441.252
    sample_throughput: 968.777
    sample_time_ms: 7334.193
    update_time_ms: 2.996
  timestamp: 1774909017
  timesteps_since_restore: 0
  timesteps_total: 351937
  training_iteration: 36
  trial_id: 226c6_00000
  
[2m[36m(pid=796970, ip=172.27.144.17)[0m ---- Updating tasks!!! ----
[2m[36m(pid=796970, ip=172.27.144.17)[0m Current task: 2 - Medium Goal
== Status ==
Memory usage on this node: 30.8/187.0 GiB
Using FIFO scheduling algorithm.
Resources requested: 15.0/40 CPUs, 1.0/1 GPUs, 0.0/109.46 GiB heap, 0.0/50.9 GiB objects (0.0/1.0 accelerator_type:V100)
Result logdir: /storage/ice1/4/7/acheng324/soccer-twos-starter/ray_results/PPO_curriculum
Number of trials: 1/1 (1 RUNNING)
+------------------------+----------+----------------+--------+------------------+--------+----------+----------------------+----------------------+--------------------+
| Trial name             | status   | loc            |   iter |   total time (s) |     ts |   reward |   episode_reward_max |   episode_reward_min |   episode_len_mean |
|------------------------+----------+----------------+--------+------------------+--------+----------+----------------------+----------------------+--------------------|
| PPO_Soccer_226c6_00000 | RUNNING  | 0.0.0.0:796970 |     36 |          838.841 | 351937 |  1.62843 |               1.9548 |                   -2 |             168.32 |
+------------------------+----------+----------------+--------+------------------+--------+----------+----------------------+----------------------+--------------------+


Result for PPO_Soccer_226c6_00000:
  agent_timesteps_total: 357117
  custom_metrics: {}
  date: 2026-03-30_18-17-08
  done: false
  episode_len_mean: 151.56
  episode_media: {}
  episode_reward_max: 1.954800009727478
  episode_reward_mean: 1.6620119979977608
  episode_reward_min: -2.0
  episodes_this_iter: 38
  episodes_total: 840
  experiment_id: a558f9980ab944b592bcf75981dad115
  hostname: atl1-1-01-002-8-0.pace.gatech.edu
  info:
    learner:
      default_policy:
        learner_stats:
          allreduce_latency: 0.0
          cur_kl_coeff: 1.5187500000000003
          cur_lr: 5.0e-05
          entropy: 2.7191853814008757
          entropy_coeff: 0.0
          kl: 0.015470383961389705
          policy_loss: -0.12274647408687486
          total_loss: 0.08758861003670751
          vf_explained_var: 0.3480965793132782
          vf_loss: 0.18683944024690768
    num_agent_steps_sampled: 357117
    num_steps_sampled: 357117
    num_steps_trained: 357117
  iterations_since_restore: 37
  node_ip: 0.0.0.0
  num_healthy_workers: 14
  off_policy_estimator: {}
  perf:
    cpu_util_percent: 17.425
    ram_util_percent: 16.581249999999997
  pid: 796970
  policy_reward_max: {}
  policy_reward_mean: {}
  policy_reward_min: {}
  sampler_perf:
    mean_action_processing_ms: 0.09038640334764908
    mean_env_render_ms: 0.0
    mean_env_wait_ms: 16.47264637108395
    mean_inference_ms: 1.4870222510968532
    mean_raw_obs_processing_ms: 0.23200051612563077
  time_since_restore: 849.7831344604492
  time_this_iter_s: 10.942209959030151
  time_total_s: 849.7831344604492
  timers:
    learn_throughput: 751.642
    learn_time_ms: 9110.323
    sample_throughput: 949.817
    sample_time_ms: 7209.491
    update_time_ms: 2.985
  timestamp: 1774909028
  timesteps_since_restore: 0
  timesteps_total: 357117
  training_iteration: 37
  trial_id: 226c6_00000
  
== Status ==
Memory usage on this node: 30.6/187.0 GiB
Using FIFO scheduling algorithm.
Resources requested: 15.0/40 CPUs, 1.0/1 GPUs, 0.0/109.46 GiB heap, 0.0/50.9 GiB objects (0.0/1.0 accelerator_type:V100)
Result logdir: /storage/ice1/4/7/acheng324/soccer-twos-starter/ray_results/PPO_curriculum
Number of trials: 1/1 (1 RUNNING)
+------------------------+----------+----------------+--------+------------------+--------+----------+----------------------+----------------------+--------------------+
| Trial name             | status   | loc            |   iter |   total time (s) |     ts |   reward |   episode_reward_max |   episode_reward_min |   episode_len_mean |
|------------------------+----------+----------------+--------+------------------+--------+----------+----------------------+----------------------+--------------------|
| PPO_Soccer_226c6_00000 | RUNNING  | 0.0.0.0:796970 |     37 |          849.783 | 357117 |  1.66201 |               1.9548 |                   -2 |             151.56 |
+------------------------+----------+----------------+--------+------------------+--------+----------+----------------------+----------------------+--------------------+


[2m[36m(pid=796970, ip=172.27.144.17)[0m ---- Updating tasks!!! ----
[2m[36m(pid=796970, ip=172.27.144.17)[0m Current task: 3 - Hard Goal
Result for PPO_Soccer_226c6_00000:
  agent_timesteps_total: 362365
  custom_metrics: {}
  date: 2026-03-30_18-17-19
  done: false
  episode_len_mean: 128.21
  episode_media: {}
  episode_reward_max: 1.9559999704360962
  episode_reward_mean: 1.7087199950218201
  episode_reward_min: -2.0
  episodes_this_iter: 43
  episodes_total: 883
  experiment_id: a558f9980ab944b592bcf75981dad115
  hostname: atl1-1-01-002-8-0.pace.gatech.edu
  info:
    learner:
      default_policy:
        learner_stats:
          allreduce_latency: 0.0
          cur_kl_coeff: 1.5187500000000003
          cur_lr: 5.0e-05
          entropy: 2.7363758552365187
          entropy_coeff: 0.0
          kl: 0.015406671320883239
          policy_loss: -0.12398952749989382
          total_loss: 0.07147328005876483
          vf_explained_var: 0.43077102303504944
          vf_loss: 0.17206392637113246
    num_agent_steps_sampled: 362365
    num_steps_sampled: 362365
    num_steps_trained: 362365
  iterations_since_restore: 38
  node_ip: 0.0.0.0
  num_healthy_workers: 14
  off_policy_estimator: {}
  perf:
    cpu_util_percent: 14.02
    ram_util_percent: 16.32666666666667
  pid: 796970
  policy_reward_max: {}
  policy_reward_mean: {}
  policy_reward_min: {}
  sampler_perf:
    mean_action_processing_ms: 0.0900810369679101
    mean_env_render_ms: 0.0
    mean_env_wait_ms: 16.447342839862184
    mean_inference_ms: 1.4814340715555827
    mean_raw_obs_processing_ms: 0.2336473457733682
  time_since_restore: 860.2775592803955
  time_this_iter_s: 10.494424819946289
  time_total_s: 860.2775592803955
  timers:
    learn_throughput: 750.052
    learn_time_ms: 8789.123
    sample_throughput: 959.246
    sample_time_ms: 6872.379
    update_time_ms: 2.964
  timestamp: 1774909039
  timesteps_since_restore: 0
  timesteps_total: 362365
  training_iteration: 38
  trial_id: 226c6_00000
  
== Status ==
Memory usage on this node: 30.6/187.0 GiB
Using FIFO scheduling algorithm.
Resources requested: 15.0/40 CPUs, 1.0/1 GPUs, 0.0/109.46 GiB heap, 0.0/50.9 GiB objects (0.0/1.0 accelerator_type:V100)
Result logdir: /storage/ice1/4/7/acheng324/soccer-twos-starter/ray_results/PPO_curriculum
Number of trials: 1/1 (1 RUNNING)
+------------------------+----------+----------------+--------+------------------+--------+----------+----------------------+----------------------+--------------------+
| Trial name             | status   | loc            |   iter |   total time (s) |     ts |   reward |   episode_reward_max |   episode_reward_min |   episode_len_mean |
|------------------------+----------+----------------+--------+------------------+--------+----------+----------------------+----------------------+--------------------|
| PPO_Soccer_226c6_00000 | RUNNING  | 0.0.0.0:796970 |     38 |          860.278 | 362365 |  1.70872 |                1.956 |                   -2 |             128.21 |
+------------------------+----------+----------------+--------+------------------+--------+----------+----------------------+----------------------+--------------------+


[2m[36m(pid=796970, ip=172.27.144.17)[0m ---- Updating tasks!!! ----
[2m[36m(pid=796970, ip=172.27.144.17)[0m Current task: 4 - Random Players
Result for PPO_Soccer_226c6_00000:
  agent_timesteps_total: 367530
  custom_metrics: {}
  date: 2026-03-30_18-17-29
  done: false
  episode_len_mean: 121.95
  episode_media: {}
  episode_reward_max: 1.9559999704360962
  episode_reward_mean: 1.756463998556137
  episode_reward_min: 1.0099999904632568
  episodes_this_iter: 47
  episodes_total: 930
  experiment_id: a558f9980ab944b592bcf75981dad115
  hostname: atl1-1-01-002-8-0.pace.gatech.edu
  info:
    learner:
      default_policy:
        learner_stats:
          allreduce_latency: 0.0
          cur_kl_coeff: 1.5187500000000003
          cur_lr: 5.0e-05
          entropy: 2.690614002506907
          entropy_coeff: 0.0
          kl: 0.015071823329823772
          policy_loss: -0.11825639511481291
          total_loss: 0.10139745460232584
          vf_explained_var: 0.35482174158096313
          vf_loss: 0.19676351656274096
    num_agent_steps_sampled: 367530
    num_steps_sampled: 367530
    num_steps_trained: 367530
  iterations_since_restore: 39
  node_ip: 0.0.0.0
  num_healthy_workers: 14
  off_policy_estimator: {}
  perf:
    cpu_util_percent: 16.560000000000002
    ram_util_percent: 16.300000000000004
  pid: 796970
  policy_reward_max: {}
  policy_reward_mean: {}
  policy_reward_min: {}
  sampler_perf:
    mean_action_processing_ms: 0.0900138718070404
    mean_env_render_ms: 0.0
    mean_env_wait_ms: 16.446652552967453
    mean_inference_ms: 1.4793883592851846
    mean_raw_obs_processing_ms: 0.23542431038640707
  time_since_restore: 870.947484254837
  time_this_iter_s: 10.669924974441528
  time_total_s: 870.947484254837
  timers:
    learn_throughput: 748.216
    learn_time_ms: 8481.781
    sample_throughput: 1019.686
    sample_time_ms: 6223.681
    update_time_ms: 2.96
  timestamp: 1774909049
  timesteps_since_restore: 0
  timesteps_total: 367530
  training_iteration: 39
  trial_id: 226c6_00000
  
== Status ==
Memory usage on this node: 30.6/187.0 GiB
Using FIFO scheduling algorithm.
Resources requested: 15.0/40 CPUs, 1.0/1 GPUs, 0.0/109.46 GiB heap, 0.0/50.9 GiB objects (0.0/1.0 accelerator_type:V100)
Result logdir: /storage/ice1/4/7/acheng324/soccer-twos-starter/ray_results/PPO_curriculum
Number of trials: 1/1 (1 RUNNING)
+------------------------+----------+----------------+--------+------------------+--------+----------+----------------------+----------------------+--------------------+
| Trial name             | status   | loc            |   iter |   total time (s) |     ts |   reward |   episode_reward_max |   episode_reward_min |   episode_len_mean |
|------------------------+----------+----------------+--------+------------------+--------+----------+----------------------+----------------------+--------------------|
| PPO_Soccer_226c6_00000 | RUNNING  | 0.0.0.0:796970 |     39 |          870.947 | 367530 |  1.75646 |                1.956 |                 1.01 |             121.95 |
+------------------------+----------+----------------+--------+------------------+--------+----------+----------------------+----------------------+--------------------+


Result for PPO_Soccer_226c6_00000:
  agent_timesteps_total: 372200
  custom_metrics: {}
  date: 2026-03-30_18-17-40
  done: false
  episode_len_mean: 114.96
  episode_media: {}
  episode_reward_max: 1.9667999744415283
  episode_reward_mean: 1.7704400050640106
  episode_reward_min: 1.0099999904632568
  episodes_this_iter: 41
  episodes_total: 971
  experiment_id: a558f9980ab944b592bcf75981dad115
  hostname: atl1-1-01-002-8-0.pace.gatech.edu
  info:
    learner:
      default_policy:
        learner_stats:
          allreduce_latency: 0.0
          cur_kl_coeff: 1.5187499999999998
          cur_lr: 4.999999999999999e-05
          entropy: 2.701594932659252
          entropy_coeff: 0.0
          kl: 0.013508755059258358
          policy_loss: -0.13044091832597512
          total_loss: 0.03287410416413803
          vf_explained_var: 0.4037416875362396
          vf_loss: 0.1427985989564174
    num_agent_steps_sampled: 372200
    num_steps_sampled: 372200
    num_steps_trained: 372200
  iterations_since_restore: 40
  node_ip: 0.0.0.0
  num_healthy_workers: 14
  off_policy_estimator: {}
  perf:
    cpu_util_percent: 15.733333333333333
    ram_util_percent: 16.31333333333334
  pid: 796970
  policy_reward_max: {}
  policy_reward_mean: {}
  policy_reward_min: {}
  sampler_perf:
    mean_action_processing_ms: 0.09008008291899712
    mean_env_render_ms: 0.0
    mean_env_wait_ms: 16.450386219821887
    mean_inference_ms: 1.476567304611759
    mean_raw_obs_processing_ms: 0.2365726815566201
  time_since_restore: 881.4558873176575
  time_this_iter_s: 10.508403062820435
  time_total_s: 881.4558873176575
  timers:
    learn_throughput: 747.527
    learn_time_ms: 8219.231
    sample_throughput: 1094.304
    sample_time_ms: 5614.619
    update_time_ms: 2.939
  timestamp: 1774909060
  timesteps_since_restore: 0
  timesteps_total: 372200
  training_iteration: 40
  trial_id: 226c6_00000
  
== Status ==
Memory usage on this node: 30.6/187.0 GiB
Using FIFO scheduling algorithm.
Resources requested: 15.0/40 CPUs, 1.0/1 GPUs, 0.0/109.46 GiB heap, 0.0/50.9 GiB objects (0.0/1.0 accelerator_type:V100)
Result logdir: /storage/ice1/4/7/acheng324/soccer-twos-starter/ray_results/PPO_curriculum
Number of trials: 1/1 (1 RUNNING)
+------------------------+----------+----------------+--------+------------------+--------+----------+----------------------+----------------------+--------------------+
| Trial name             | status   | loc            |   iter |   total time (s) |     ts |   reward |   episode_reward_max |   episode_reward_min |   episode_len_mean |
|------------------------+----------+----------------+--------+------------------+--------+----------+----------------------+----------------------+--------------------|
| PPO_Soccer_226c6_00000 | RUNNING  | 0.0.0.0:796970 |     40 |          881.456 | 372200 |  1.77044 |               1.9668 |                 1.01 |             114.96 |
+------------------------+----------+----------------+--------+------------------+--------+----------+----------------------+----------------------+--------------------+


Result for PPO_Soccer_226c6_00000:
  agent_timesteps_total: 377604
  custom_metrics: {}
  date: 2026-03-30_18-17-51
  done: false
  episode_len_mean: 112.74
  episode_media: {}
  episode_reward_max: 1.9667999744415283
  episode_reward_mean: 1.774940003156662
  episode_reward_min: 1.0276000499725342
  episodes_this_iter: 47
  episodes_total: 1018
  experiment_id: a558f9980ab944b592bcf75981dad115
  hostname: atl1-1-01-002-8-0.pace.gatech.edu
  info:
    learner:
      default_policy:
        learner_stats:
          allreduce_latency: 0.0
          cur_kl_coeff: 1.51875
          cur_lr: 5.000000000000001e-05
          entropy: 2.666542230650436
          entropy_coeff: 0.0
          kl: 0.015274420228981695
          policy_loss: -0.12112763413596292
          total_loss: 0.10354418502470782
          vf_explained_var: 0.35917025804519653
          vf_loss: 0.20147379366464394
    num_agent_steps_sampled: 377604
    num_steps_sampled: 377604
    num_steps_trained: 377604
  iterations_since_restore: 41
  node_ip: 0.0.0.0
  num_healthy_workers: 14
  off_policy_estimator: {}
  perf:
    cpu_util_percent: 14.34705882352941
    ram_util_percent: 16.4
  pid: 796970
  policy_reward_max: {}
  policy_reward_mean: {}
  policy_reward_min: {}
  sampler_perf:
    mean_action_processing_ms: 0.09033949950357217
    mean_env_render_ms: 0.0
    mean_env_wait_ms: 16.513481490632593
    mean_inference_ms: 1.481525861083551
    mean_raw_obs_processing_ms: 0.2382725742667674
  time_since_restore: 893.1043727397919
  time_this_iter_s: 11.6484854221344
  time_total_s: 893.1043727397919
  timers:
    learn_throughput: 746.846
    learn_time_ms: 7847.803
    sample_throughput: 1107.695
    sample_time_ms: 5291.258
    update_time_ms: 2.911
  timestamp: 1774909071
  timesteps_since_restore: 0
  timesteps_total: 377604
  training_iteration: 41
  trial_id: 226c6_00000
  
== Status ==
Memory usage on this node: 30.6/187.0 GiB
Using FIFO scheduling algorithm.
Resources requested: 15.0/40 CPUs, 1.0/1 GPUs, 0.0/109.46 GiB heap, 0.0/50.9 GiB objects (0.0/1.0 accelerator_type:V100)
Result logdir: /storage/ice1/4/7/acheng324/soccer-twos-starter/ray_results/PPO_curriculum
Number of trials: 1/1 (1 RUNNING)
+------------------------+----------+----------------+--------+------------------+--------+----------+----------------------+----------------------+--------------------+
| Trial name             | status   | loc            |   iter |   total time (s) |     ts |   reward |   episode_reward_max |   episode_reward_min |   episode_len_mean |
|------------------------+----------+----------------+--------+------------------+--------+----------+----------------------+----------------------+--------------------|
| PPO_Soccer_226c6_00000 | RUNNING  | 0.0.0.0:796970 |     41 |          893.104 | 377604 |  1.77494 |               1.9668 |               1.0276 |             112.74 |
+------------------------+----------+----------------+--------+------------------+--------+----------+----------------------+----------------------+--------------------+


Result for PPO_Soccer_226c6_00000:
  agent_timesteps_total: 383004
  custom_metrics: {}
  date: 2026-03-30_18-18-04
  done: false
  episode_len_mean: 114.24
  episode_media: {}
  episode_reward_max: 1.9700000286102295
  episode_reward_mean: 1.738620002269745
  episode_reward_min: -2.0
  episodes_this_iter: 48
  episodes_total: 1066
  experiment_id: a558f9980ab944b592bcf75981dad115
  hostname: atl1-1-01-002-8-0.pace.gatech.edu
  info:
    learner:
      default_policy:
        learner_stats:
          allreduce_latency: 0.0
          cur_kl_coeff: 1.51875
          cur_lr: 5.000000000000001e-05
          entropy: 2.6728623356930044
          entropy_coeff: 0.0
          kl: 0.014693186315166395
          policy_loss: -0.11972502636355023
          total_loss: 0.13179835716132507
          vf_explained_var: 0.470304399728775
          vf_loss: 0.22920810587184373
    num_agent_steps_sampled: 383004
    num_steps_sampled: 383004
    num_steps_trained: 383004
  iterations_since_restore: 42
  node_ip: 0.0.0.0
  num_healthy_workers: 14
  off_policy_estimator: {}
  perf:
    cpu_util_percent: 15.288888888888888
    ram_util_percent: 16.333333333333332
  pid: 796970
  policy_reward_max: {}
  policy_reward_mean: {}
  policy_reward_min: {}
  sampler_perf:
    mean_action_processing_ms: 0.09039309347957784
    mean_env_render_ms: 0.0
    mean_env_wait_ms: 16.52696960460027
    mean_inference_ms: 1.4836549122947067
    mean_raw_obs_processing_ms: 0.24006883851708102
  time_since_restore: 905.7730040550232
  time_this_iter_s: 12.668631315231323
  time_total_s: 905.7730040550232
  timers:
    learn_throughput: 774.104
    learn_time_ms: 7467.214
    sample_throughput: 1089.844
    sample_time_ms: 5303.877
    update_time_ms: 2.903
  timestamp: 1774909084
  timesteps_since_restore: 0
  timesteps_total: 383004
  training_iteration: 42
  trial_id: 226c6_00000
  
== Status ==
Memory usage on this node: 30.6/187.0 GiB
Using FIFO scheduling algorithm.
Resources requested: 15.0/40 CPUs, 1.0/1 GPUs, 0.0/109.46 GiB heap, 0.0/50.9 GiB objects (0.0/1.0 accelerator_type:V100)
Result logdir: /storage/ice1/4/7/acheng324/soccer-twos-starter/ray_results/PPO_curriculum
Number of trials: 1/1 (1 RUNNING)
+------------------------+----------+----------------+--------+------------------+--------+----------+----------------------+----------------------+--------------------+
| Trial name             | status   | loc            |   iter |   total time (s) |     ts |   reward |   episode_reward_max |   episode_reward_min |   episode_len_mean |
|------------------------+----------+----------------+--------+------------------+--------+----------+----------------------+----------------------+--------------------|
| PPO_Soccer_226c6_00000 | RUNNING  | 0.0.0.0:796970 |     42 |          905.773 | 383004 |  1.73862 |                 1.97 |                   -2 |             114.24 |
+------------------------+----------+----------------+--------+------------------+--------+----------+----------------------+----------------------+--------------------+


Result for PPO_Soccer_226c6_00000:
  agent_timesteps_total: 388767
  custom_metrics: {}
  date: 2026-03-30_18-18-23
  done: false
  episode_len_mean: 121.82
  episode_media: {}
  episode_reward_max: 1.9700000286102295
  episode_reward_mean: 1.6974520039558412
  episode_reward_min: -2.0
  episodes_this_iter: 44
  episodes_total: 1110
  experiment_id: a558f9980ab944b592bcf75981dad115
  hostname: atl1-1-01-002-8-0.pace.gatech.edu
  info:
    learner:
      default_policy:
        learner_stats:
          allreduce_latency: 0.0
          cur_kl_coeff: 1.51875
          cur_lr: 5.0000000000000016e-05
          entropy: 2.6735113237215127
          entropy_coeff: 0.0
          kl: 0.014485835219207018
          policy_loss: -0.12129643498717443
          total_loss: 0.11494627760966188
          vf_explained_var: 0.49774929881095886
          vf_loss: 0.21424235241568607
    num_agent_steps_sampled: 388767
    num_steps_sampled: 388767
    num_steps_trained: 388767
  iterations_since_restore: 43
  node_ip: 0.0.0.0
  num_healthy_workers: 14
  off_policy_estimator: {}
  perf:
    cpu_util_percent: 12.462962962962964
    ram_util_percent: 16.348148148148145
  pid: 796970
  policy_reward_max: {}
  policy_reward_mean: {}
  policy_reward_min: {}
  sampler_perf:
    mean_action_processing_ms: 0.09023821937456393
    mean_env_render_ms: 0.0
    mean_env_wait_ms: 16.50383852163608
    mean_inference_ms: 1.4783522189651186
    mean_raw_obs_processing_ms: 0.2407216997371519
  time_since_restore: 924.8551602363586
  time_this_iter_s: 19.08215618133545
  time_total_s: 924.8551602363586
  timers:
    learn_throughput: 774.267
    learn_time_ms: 7214.955
    sample_throughput: 1058.734
    sample_time_ms: 5276.395
    update_time_ms: 2.893
  timestamp: 1774909103
  timesteps_since_restore: 0
  timesteps_total: 388767
  training_iteration: 43
  trial_id: 226c6_00000
  
== Status ==
Memory usage on this node: 30.6/187.0 GiB
Using FIFO scheduling algorithm.
Resources requested: 15.0/40 CPUs, 1.0/1 GPUs, 0.0/109.46 GiB heap, 0.0/50.9 GiB objects (0.0/1.0 accelerator_type:V100)
Result logdir: /storage/ice1/4/7/acheng324/soccer-twos-starter/ray_results/PPO_curriculum
Number of trials: 1/1 (1 RUNNING)
+------------------------+----------+----------------+--------+------------------+--------+----------+----------------------+----------------------+--------------------+
| Trial name             | status   | loc            |   iter |   total time (s) |     ts |   reward |   episode_reward_max |   episode_reward_min |   episode_len_mean |
|------------------------+----------+----------------+--------+------------------+--------+----------+----------------------+----------------------+--------------------|
| PPO_Soccer_226c6_00000 | RUNNING  | 0.0.0.0:796970 |     43 |          924.855 | 388767 |  1.69745 |                 1.97 |                   -2 |             121.82 |
+------------------------+----------+----------------+--------+------------------+--------+----------+----------------------+----------------------+--------------------+


Result for PPO_Soccer_226c6_00000:
  agent_timesteps_total: 394519
  custom_metrics: {}
  date: 2026-03-30_18-18-35
  done: false
  episode_len_mean: 130.1
  episode_media: {}
  episode_reward_max: 1.9700000286102295
  episode_reward_mean: 1.714252006560564
  episode_reward_min: -2.0
  episodes_this_iter: 43
  episodes_total: 1153
  experiment_id: a558f9980ab944b592bcf75981dad115
  hostname: atl1-1-01-002-8-0.pace.gatech.edu
  info:
    learner:
      default_policy:
        learner_stats:
          allreduce_latency: 0.0
          cur_kl_coeff: 1.51875
          cur_lr: 5.0000000000000016e-05
          entropy: 2.632006624009874
          entropy_coeff: 0.0
          kl: 0.015207281770805518
          policy_loss: -0.11946983904474312
          total_loss: 0.09468026177750694
          vf_explained_var: 0.4402596056461334
          vf_loss: 0.19105404251151614
    num_agent_steps_sampled: 394519
    num_steps_sampled: 394519
    num_steps_trained: 394519
  iterations_since_restore: 44
  node_ip: 0.0.0.0
  num_healthy_workers: 14
  off_policy_estimator: {}
  perf:
    cpu_util_percent: 13.670588235294119
    ram_util_percent: 16.4
  pid: 796970
  policy_reward_max: {}
  policy_reward_mean: {}
  policy_reward_min: {}
  sampler_perf:
    mean_action_processing_ms: 0.09030813844303755
    mean_env_render_ms: 0.0
    mean_env_wait_ms: 16.521011934344322
    mean_inference_ms: 1.4784709288958247
    mean_raw_obs_processing_ms: 0.2431272503812758
  time_since_restore: 936.6772434711456
  time_this_iter_s: 11.822083234786987
  time_total_s: 936.6772434711456
  timers:
    learn_throughput: 775.939
    learn_time_ms: 7129.814
    sample_throughput: 1066.591
    sample_time_ms: 5186.899
    update_time_ms: 2.893
  timestamp: 1774909115
  timesteps_since_restore: 0
  timesteps_total: 394519
  training_iteration: 44
  trial_id: 226c6_00000
  
== Status ==
Memory usage on this node: 30.6/187.0 GiB
Using FIFO scheduling algorithm.
Resources requested: 15.0/40 CPUs, 1.0/1 GPUs, 0.0/109.46 GiB heap, 0.0/50.9 GiB objects (0.0/1.0 accelerator_type:V100)
Result logdir: /storage/ice1/4/7/acheng324/soccer-twos-starter/ray_results/PPO_curriculum
Number of trials: 1/1 (1 RUNNING)
+------------------------+----------+----------------+--------+------------------+--------+----------+----------------------+----------------------+--------------------+
| Trial name             | status   | loc            |   iter |   total time (s) |     ts |   reward |   episode_reward_max |   episode_reward_min |   episode_len_mean |
|------------------------+----------+----------------+--------+------------------+--------+----------+----------------------+----------------------+--------------------|
| PPO_Soccer_226c6_00000 | RUNNING  | 0.0.0.0:796970 |     44 |          936.677 | 394519 |  1.71425 |                 1.97 |                   -2 |              130.1 |
+------------------------+----------+----------------+--------+------------------+--------+----------+----------------------+----------------------+--------------------+


Result for PPO_Soccer_226c6_00000:
  agent_timesteps_total: 400200
  custom_metrics: {}
  date: 2026-03-30_18-18-47
  done: false
  episode_len_mean: 139.56
  episode_media: {}
  episode_reward_max: 1.9579999446868896
  episode_reward_mean: 1.6605480034649371
  episode_reward_min: -2.0
  episodes_this_iter: 47
  episodes_total: 1200
  experiment_id: a558f9980ab944b592bcf75981dad115
  hostname: atl1-1-01-002-8-0.pace.gatech.edu
  info:
    learner:
      default_policy:
        learner_stats:
          allreduce_latency: 0.0
          cur_kl_coeff: 1.51875
          cur_lr: 5.0000000000000016e-05
          entropy: 2.6351906829410128
          entropy_coeff: 0.0
          kl: 0.015543060894641612
          policy_loss: -0.11703613185220295
          total_loss: 0.1302230110185014
          vf_explained_var: 0.4917233884334564
          vf_loss: 0.2236531224515703
    num_agent_steps_sampled: 400200
    num_steps_sampled: 400200
    num_steps_trained: 400200
  iterations_since_restore: 45
  node_ip: 0.0.0.0
  num_healthy_workers: 14
  off_policy_estimator: {}
  perf:
    cpu_util_percent: 14.658823529411764
    ram_util_percent: 16.388235294117646
  pid: 796970
  policy_reward_max: {}
  policy_reward_mean: {}
  policy_reward_min: {}
  sampler_perf:
    mean_action_processing_ms: 0.0904109092700548
    mean_env_render_ms: 0.0
    mean_env_wait_ms: 16.530357918299885
    mean_inference_ms: 1.4770308111737653
    mean_raw_obs_processing_ms: 0.24462978466090024
  time_since_restore: 948.6619746685028
  time_this_iter_s: 11.984731197357178
  time_total_s: 948.6619746685028
  timers:
    learn_throughput: 776.585
    learn_time_ms: 6822.819
    sample_throughput: 1025.038
    sample_time_ms: 5169.076
    update_time_ms: 2.877
  timestamp: 1774909127
  timesteps_since_restore: 0
  timesteps_total: 400200
  training_iteration: 45
  trial_id: 226c6_00000
  
== Status ==
Memory usage on this node: 30.6/187.0 GiB
Using FIFO scheduling algorithm.
Resources requested: 15.0/40 CPUs, 1.0/1 GPUs, 0.0/109.46 GiB heap, 0.0/50.9 GiB objects (0.0/1.0 accelerator_type:V100)
Result logdir: /storage/ice1/4/7/acheng324/soccer-twos-starter/ray_results/PPO_curriculum
Number of trials: 1/1 (1 RUNNING)
+------------------------+----------+----------------+--------+------------------+--------+----------+----------------------+----------------------+--------------------+
| Trial name             | status   | loc            |   iter |   total time (s) |     ts |   reward |   episode_reward_max |   episode_reward_min |   episode_len_mean |
|------------------------+----------+----------------+--------+------------------+--------+----------+----------------------+----------------------+--------------------|
| PPO_Soccer_226c6_00000 | RUNNING  | 0.0.0.0:796970 |     45 |          948.662 | 400200 |  1.66055 |                1.958 |                   -2 |             139.56 |
+------------------------+----------+----------------+--------+------------------+--------+----------+----------------------+----------------------+--------------------+


Result for PPO_Soccer_226c6_00000:
  agent_timesteps_total: 405833
  custom_metrics: {}
  date: 2026-03-30_18-18-59
  done: false
  episode_len_mean: 115.45
  episode_media: {}
  episode_reward_max: 1.9648000001907349
  episode_reward_mean: 1.7347440004348755
  episode_reward_min: -2.0
  episodes_this_iter: 50
  episodes_total: 1250
  experiment_id: a558f9980ab944b592bcf75981dad115
  hostname: atl1-1-01-002-8-0.pace.gatech.edu
  info:
    learner:
      default_policy:
        learner_stats:
          allreduce_latency: 0.0
          cur_kl_coeff: 1.51875
          cur_lr: 5.0000000000000016e-05
          entropy: 2.6435927232106526
          entropy_coeff: 0.0
          kl: 0.01644640053725905
          policy_loss: -0.11030970733198854
          total_loss: 0.09037493127915594
          vf_explained_var: 'null'
          vf_loss: 0.17570666670799256
    num_agent_steps_sampled: 405833
    num_steps_sampled: 405833
    num_steps_trained: 405833
  iterations_since_restore: 46
  node_ip: 0.0.0.0
  num_healthy_workers: 14
  off_policy_estimator: {}
  perf:
    cpu_util_percent: 14.494117647058824
    ram_util_percent: 16.388235294117646
  pid: 796970
  policy_reward_max: {}
  policy_reward_mean: {}
  policy_reward_min: {}
  sampler_perf:
    mean_action_processing_ms: 0.09054157435983338
    mean_env_render_ms: 0.0
    mean_env_wait_ms: 16.561664893184883
    mean_inference_ms: 1.4786708557623245
    mean_raw_obs_processing_ms: 0.2448644397419147
  time_since_restore: 960.9508481025696
  time_this_iter_s: 12.288873434066772
  time_total_s: 960.9508481025696
  timers:
    learn_throughput: 775.61
    learn_time_ms: 6948.852
    sample_throughput: 1032.415
    sample_time_ms: 5220.38
    update_time_ms: 2.884
  timestamp: 1774909139
  timesteps_since_restore: 0
  timesteps_total: 405833
  training_iteration: 46
  trial_id: 226c6_00000
  
== Status ==
Memory usage on this node: 30.6/187.0 GiB
Using FIFO scheduling algorithm.
Resources requested: 15.0/40 CPUs, 1.0/1 GPUs, 0.0/109.46 GiB heap, 0.0/50.9 GiB objects (0.0/1.0 accelerator_type:V100)
Result logdir: /storage/ice1/4/7/acheng324/soccer-twos-starter/ray_results/PPO_curriculum
Number of trials: 1/1 (1 RUNNING)
+------------------------+----------+----------------+--------+------------------+--------+----------+----------------------+----------------------+--------------------+
| Trial name             | status   | loc            |   iter |   total time (s) |     ts |   reward |   episode_reward_max |   episode_reward_min |   episode_len_mean |
|------------------------+----------+----------------+--------+------------------+--------+----------+----------------------+----------------------+--------------------|
| PPO_Soccer_226c6_00000 | RUNNING  | 0.0.0.0:796970 |     46 |          960.951 | 405833 |  1.73474 |               1.9648 |                   -2 |             115.45 |
+------------------------+----------+----------------+--------+------------------+--------+----------+----------------------+----------------------+--------------------+


Result for PPO_Soccer_226c6_00000:
  agent_timesteps_total: 411052
  custom_metrics: {}
  date: 2026-03-30_18-19-10
  done: false
  episode_len_mean: 122.07
  episode_media: {}
  episode_reward_max: 1.9648000001907349
  episode_reward_mean: 1.7562199974060058
  episode_reward_min: 0.3240000009536743
  episodes_this_iter: 46
  episodes_total: 1296
  experiment_id: a558f9980ab944b592bcf75981dad115
  hostname: atl1-1-01-002-8-0.pace.gatech.edu
  info:
    learner:
      default_policy:
        learner_stats:
          allreduce_latency: 0.0
          cur_kl_coeff: 1.5187500000000003
          cur_lr: 5.0e-05
          entropy: 2.650562675987802
          entropy_coeff: 0.0
          kl: 0.013735617170246637
          policy_loss: -0.11615756017769255
          total_loss: 0.060719044106762585
          vf_explained_var: 0.3437475860118866
          vf_loss: 0.15601563653567943
    num_agent_steps_sampled: 411052
    num_steps_sampled: 411052
    num_steps_trained: 411052
  iterations_since_restore: 47
  node_ip: 0.0.0.0
  num_healthy_workers: 14
  off_policy_estimator: {}
  perf:
    cpu_util_percent: 13.85625
    ram_util_percent: 16.3125
  pid: 796970
  policy_reward_max: {}
  policy_reward_mean: {}
  policy_reward_min: {}
  sampler_perf:
    mean_action_processing_ms: 0.09077723679041885
    mean_env_render_ms: 0.0
    mean_env_wait_ms: 16.58322514696137
    mean_inference_ms: 1.4801543263200296
    mean_raw_obs_processing_ms: 0.24546167825366663
  time_since_restore: 971.5896272659302
  time_this_iter_s: 10.638779163360596
  time_total_s: 971.5896272659302
  timers:
    learn_throughput: 776.192
    learn_time_ms: 6948.67
    sample_throughput: 1039.242
    sample_time_ms: 5189.838
    update_time_ms: 2.879
  timestamp: 1774909150
  timesteps_since_restore: 0
  timesteps_total: 411052
  training_iteration: 47
  trial_id: 226c6_00000
  
== Status ==
Memory usage on this node: 30.5/187.0 GiB
Using FIFO scheduling algorithm.
Resources requested: 15.0/40 CPUs, 1.0/1 GPUs, 0.0/109.46 GiB heap, 0.0/50.9 GiB objects (0.0/1.0 accelerator_type:V100)
Result logdir: /storage/ice1/4/7/acheng324/soccer-twos-starter/ray_results/PPO_curriculum
Number of trials: 1/1 (1 RUNNING)
+------------------------+----------+----------------+--------+------------------+--------+----------+----------------------+----------------------+--------------------+
| Trial name             | status   | loc            |   iter |   total time (s) |     ts |   reward |   episode_reward_max |   episode_reward_min |   episode_len_mean |
|------------------------+----------+----------------+--------+------------------+--------+----------+----------------------+----------------------+--------------------|
| PPO_Soccer_226c6_00000 | RUNNING  | 0.0.0.0:796970 |     47 |           971.59 | 411052 |  1.75622 |               1.9648 |                0.324 |             122.07 |
+------------------------+----------+----------------+--------+------------------+--------+----------+----------------------+----------------------+--------------------+


Result for PPO_Soccer_226c6_00000:
  agent_timesteps_total: 415831
  custom_metrics: {}
  date: 2026-03-30_18-19-20
  done: false
  episode_len_mean: 98.03
  episode_media: {}
  episode_reward_max: 1.962399959564209
  episode_reward_mean: 1.8042599940299988
  episode_reward_min: 1.3739999532699585
  episodes_this_iter: 56
  episodes_total: 1352
  experiment_id: a558f9980ab944b592bcf75981dad115
  hostname: atl1-1-01-002-8-0.pace.gatech.edu
  info:
    learner:
      default_policy:
        learner_stats:
          allreduce_latency: 0.0
          cur_kl_coeff: 1.5187499999999998
          cur_lr: 4.999999999999999e-05
          entropy: 2.5979328908418355
          entropy_coeff: 0.0
          kl: 0.013389787244561472
          policy_loss: -0.121997542336191
          total_loss: 0.034142139416776206
          vf_explained_var: 0.4042094647884369
          vf_loss: 0.1358039416372776
    num_agent_steps_sampled: 415831
    num_steps_sampled: 415831
    num_steps_trained: 415831
  iterations_since_restore: 48
  node_ip: 0.0.0.0
  num_healthy_workers: 14
  off_policy_estimator: {}
  perf:
    cpu_util_percent: 20.87692307692308
    ram_util_percent: 16.315384615384623
  pid: 796970
  policy_reward_max: {}
  policy_reward_mean: {}
  policy_reward_min: {}
  sampler_perf:
    mean_action_processing_ms: 0.09107194693542944
    mean_env_render_ms: 0.0
    mean_env_wait_ms: 16.617388624141416
    mean_inference_ms: 1.4834981360161439
    mean_raw_obs_processing_ms: 0.24813555699983206
  time_since_restore: 981.3113260269165
  time_this_iter_s: 9.721698760986328
  time_total_s: 981.3113260269165
  timers:
    learn_throughput: 775.211
    learn_time_ms: 6896.957
    sample_throughput: 1035.309
    sample_time_ms: 5164.257
    update_time_ms: 2.881
  timestamp: 1774909160
  timesteps_since_restore: 0
  timesteps_total: 415831
  training_iteration: 48
  trial_id: 226c6_00000
  
== Status ==
Memory usage on this node: 30.5/187.0 GiB
Using FIFO scheduling algorithm.
Resources requested: 15.0/40 CPUs, 1.0/1 GPUs, 0.0/109.46 GiB heap, 0.0/50.9 GiB objects (0.0/1.0 accelerator_type:V100)
Result logdir: /storage/ice1/4/7/acheng324/soccer-twos-starter/ray_results/PPO_curriculum
Number of trials: 1/1 (1 RUNNING)
+------------------------+----------+----------------+--------+------------------+--------+----------+----------------------+----------------------+--------------------+
| Trial name             | status   | loc            |   iter |   total time (s) |     ts |   reward |   episode_reward_max |   episode_reward_min |   episode_len_mean |
|------------------------+----------+----------------+--------+------------------+--------+----------+----------------------+----------------------+--------------------|
| PPO_Soccer_226c6_00000 | RUNNING  | 0.0.0.0:796970 |     48 |          981.311 | 415831 |  1.80426 |               1.9624 |                1.374 |              98.03 |
+------------------------+----------+----------------+--------+------------------+--------+----------+----------------------+----------------------+--------------------+


Result for PPO_Soccer_226c6_00000:
  agent_timesteps_total: 420881
  custom_metrics: {}
  date: 2026-03-30_18-19-33
  done: false
  episode_len_mean: 91.15
  episode_media: {}
  episode_reward_max: 1.962399959564209
  episode_reward_mean: 1.8180359983444214
  episode_reward_min: 1.457200050354004
  episodes_this_iter: 56
  episodes_total: 1408
  experiment_id: a558f9980ab944b592bcf75981dad115
  hostname: atl1-1-01-002-8-0.pace.gatech.edu
  info:
    learner:
      default_policy:
        learner_stats:
          allreduce_latency: 0.0
          cur_kl_coeff: 1.5187500000000003
          cur_lr: 5.0e-05
          entropy: 2.58676815032959
          entropy_coeff: 0.0
          kl: 0.013387869065627455
          policy_loss: -0.13051761221140623
          total_loss: 0.022834084695205092
          vf_explained_var: 0.4367467761039734
          vf_loss: 0.13301887065172197
    num_agent_steps_sampled: 420881
    num_steps_sampled: 420881
    num_steps_trained: 420881
  iterations_since_restore: 49
  node_ip: 0.0.0.0
  num_healthy_workers: 14
  off_policy_estimator: {}
  perf:
    cpu_util_percent: 15.900000000000002
    ram_util_percent: 16.300000000000004
  pid: 796970
  policy_reward_max: {}
  policy_reward_mean: {}
  policy_reward_min: {}
  sampler_perf:
    mean_action_processing_ms: 0.09095383998594116
    mean_env_render_ms: 0.0
    mean_env_wait_ms: 16.614257444119588
    mean_inference_ms: 1.4823327357901648
    mean_raw_obs_processing_ms: 0.2501762742707128
  time_since_restore: 994.749799489975
  time_this_iter_s: 13.438473463058472
  time_total_s: 994.749799489975
  timers:
    learn_throughput: 774.741
    learn_time_ms: 6886.302
    sample_throughput: 978.543
    sample_time_ms: 5452.083
    update_time_ms: 2.879
  timestamp: 1774909173
  timesteps_since_restore: 0
  timesteps_total: 420881
  training_iteration: 49
  trial_id: 226c6_00000
  
== Status ==
Memory usage on this node: 30.5/187.0 GiB
Using FIFO scheduling algorithm.
Resources requested: 15.0/40 CPUs, 1.0/1 GPUs, 0.0/109.46 GiB heap, 0.0/50.9 GiB objects (0.0/1.0 accelerator_type:V100)
Result logdir: /storage/ice1/4/7/acheng324/soccer-twos-starter/ray_results/PPO_curriculum
Number of trials: 1/1 (1 RUNNING)
+------------------------+----------+----------------+--------+------------------+--------+----------+----------------------+----------------------+--------------------+
| Trial name             | status   | loc            |   iter |   total time (s) |     ts |   reward |   episode_reward_max |   episode_reward_min |   episode_len_mean |
|------------------------+----------+----------------+--------+------------------+--------+----------+----------------------+----------------------+--------------------|
| PPO_Soccer_226c6_00000 | RUNNING  | 0.0.0.0:796970 |     49 |           994.75 | 420881 |  1.81804 |               1.9624 |               1.4572 |              91.15 |
+------------------------+----------+----------------+--------+------------------+--------+----------+----------------------+----------------------+--------------------+


Result for PPO_Soccer_226c6_00000:
  agent_timesteps_total: 425995
  custom_metrics: {}
  date: 2026-03-30_18-19-44
  done: false
  episode_len_mean: 89.47
  episode_media: {}
  episode_reward_max: 1.9628000259399414
  episode_reward_mean: 1.8215680027008057
  episode_reward_min: 1.0324000120162964
  episodes_this_iter: 58
  episodes_total: 1466
  experiment_id: a558f9980ab944b592bcf75981dad115
  hostname: atl1-1-01-002-8-0.pace.gatech.edu
  info:
    learner:
      default_policy:
        learner_stats:
          allreduce_latency: 0.0
          cur_kl_coeff: 1.5187500000000003
          cur_lr: 5.0e-05
          entropy: 2.5505431652069093
          entropy_coeff: 0.0
          kl: 0.014331846474669873
          policy_loss: -0.1310188675299287
          total_loss: 0.06390329819405452
          vf_explained_var: 0.40928134322166443
          vf_loss: 0.1731556747108698
    num_agent_steps_sampled: 425995
    num_steps_sampled: 425995
    num_steps_trained: 425995
  iterations_since_restore: 50
  node_ip: 0.0.0.0
  num_healthy_workers: 14
  off_policy_estimator: {}
  perf:
    cpu_util_percent: 22.02857142857143
    ram_util_percent: 16.442857142857143
  pid: 796970
  policy_reward_max: {}
  policy_reward_mean: {}
  policy_reward_min: {}
  sampler_perf:
    mean_action_processing_ms: 0.09109332550090259
    mean_env_render_ms: 0.0
    mean_env_wait_ms: 16.662711827110414
    mean_inference_ms: 1.4832783259578788
    mean_raw_obs_processing_ms: 0.2529020692769205
  time_since_restore: 1005.0947122573853
  time_this_iter_s: 10.344912767410278
  time_total_s: 1005.0947122573853
  timers:
    learn_throughput: 775.124
    learn_time_ms: 6940.178
    sample_throughput: 999.565
    sample_time_ms: 5381.841
    update_time_ms: 2.883
  timestamp: 1774909184
  timesteps_since_restore: 0
  timesteps_total: 425995
  training_iteration: 50
  trial_id: 226c6_00000
  
== Status ==
Memory usage on this node: 31.5/187.0 GiB
Using FIFO scheduling algorithm.
Resources requested: 15.0/40 CPUs, 1.0/1 GPUs, 0.0/109.46 GiB heap, 0.0/50.9 GiB objects (0.0/1.0 accelerator_type:V100)
Result logdir: /storage/ice1/4/7/acheng324/soccer-twos-starter/ray_results/PPO_curriculum
Number of trials: 1/1 (1 RUNNING)
+------------------------+----------+----------------+--------+------------------+--------+----------+----------------------+----------------------+--------------------+
| Trial name             | status   | loc            |   iter |   total time (s) |     ts |   reward |   episode_reward_max |   episode_reward_min |   episode_len_mean |
|------------------------+----------+----------------+--------+------------------+--------+----------+----------------------+----------------------+--------------------|
| PPO_Soccer_226c6_00000 | RUNNING  | 0.0.0.0:796970 |     50 |          1005.09 | 425995 |  1.82157 |               1.9628 |               1.0324 |              89.47 |
+------------------------+----------+----------------+--------+------------------+--------+----------+----------------------+----------------------+--------------------+


Result for PPO_Soccer_226c6_00000:
  agent_timesteps_total: 431087
  custom_metrics: {}
  date: 2026-03-30_18-19-55
  done: false
  episode_len_mean: 85.66
  episode_media: {}
  episode_reward_max: 1.9628000259399414
  episode_reward_mean: 1.8292040073871612
  episode_reward_min: 0.9584000110626221
  episodes_this_iter: 60
  episodes_total: 1526
  experiment_id: a558f9980ab944b592bcf75981dad115
  hostname: atl1-1-01-002-8-0.pace.gatech.edu
  info:
    learner:
      default_policy:
        learner_stats:
          allreduce_latency: 0.0
          cur_kl_coeff: 1.5187500000000003
          cur_lr: 5.0e-05
          entropy: 2.5633870363235474
          entropy_coeff: 0.0
          kl: 0.015449296147562564
          policy_loss: -0.1329220961779356
          total_loss: 0.0782823811750859
          vf_explained_var: 0.4155433177947998
          vf_loss: 0.1877408567816019
    num_agent_steps_sampled: 431087
    num_steps_sampled: 431087
    num_steps_trained: 431087
  iterations_since_restore: 51
  node_ip: 0.0.0.0
  num_healthy_workers: 14
  off_policy_estimator: {}
  perf:
    cpu_util_percent: 21.611764705882354
    ram_util_percent: 17.123529411764707
  pid: 796970
  policy_reward_max: {}
  policy_reward_mean: {}
  policy_reward_min: {}
  sampler_perf:
    mean_action_processing_ms: 0.09108754705180293
    mean_env_render_ms: 0.0
    mean_env_wait_ms: 16.685755549478664
    mean_inference_ms: 1.4827880864795222
    mean_raw_obs_processing_ms: 0.25494576913678757
  time_since_restore: 1016.5111365318298
  time_this_iter_s: 11.41642427444458
  time_total_s: 1016.5111365318298
  timers:
    learn_throughput: 776.11
    learn_time_ms: 6891.163
    sample_throughput: 989.074
    sample_time_ms: 5407.38
    update_time_ms: 2.881
  timestamp: 1774909195
  timesteps_since_restore: 0
  timesteps_total: 431087
  training_iteration: 51
  trial_id: 226c6_00000
  
== Status ==
Memory usage on this node: 32.3/187.0 GiB
Using FIFO scheduling algorithm.
Resources requested: 15.0/40 CPUs, 1.0/1 GPUs, 0.0/109.46 GiB heap, 0.0/50.9 GiB objects (0.0/1.0 accelerator_type:V100)
Result logdir: /storage/ice1/4/7/acheng324/soccer-twos-starter/ray_results/PPO_curriculum
Number of trials: 1/1 (1 RUNNING)
+------------------------+----------+----------------+--------+------------------+--------+----------+----------------------+----------------------+--------------------+
| Trial name             | status   | loc            |   iter |   total time (s) |     ts |   reward |   episode_reward_max |   episode_reward_min |   episode_len_mean |
|------------------------+----------+----------------+--------+------------------+--------+----------+----------------------+----------------------+--------------------|
| PPO_Soccer_226c6_00000 | RUNNING  | 0.0.0.0:796970 |     51 |          1016.51 | 431087 |   1.8292 |               1.9628 |               0.9584 |              85.66 |
+------------------------+----------+----------------+--------+------------------+--------+----------+----------------------+----------------------+--------------------+


Result for PPO_Soccer_226c6_00000:
  agent_timesteps_total: 436404
  custom_metrics: {}
  date: 2026-03-30_18-20-10
  done: false
  episode_len_mean: 94.65
  episode_media: {}
  episode_reward_max: 1.9503999948501587
  episode_reward_mean: 1.8111640012264252
  episode_reward_min: 0.9584000110626221
  episodes_this_iter: 55
  episodes_total: 1581
  experiment_id: a558f9980ab944b592bcf75981dad115
  hostname: atl1-1-01-002-8-0.pace.gatech.edu
  info:
    learner:
      default_policy:
        learner_stats:
          allreduce_latency: 0.0
          cur_kl_coeff: 1.5187500000000003
          cur_lr: 5.000000000000001e-05
          entropy: 2.528835728054955
          entropy_coeff: 0.0
          kl: 0.014405977557457629
          policy_loss: -0.12822160643658467
          total_loss: 0.07342114995810248
          vf_explained_var: 0.36106395721435547
          vf_loss: 0.17976367934828713
    num_agent_steps_sampled: 436404
    num_steps_sampled: 436404
    num_steps_trained: 436404
  iterations_since_restore: 52
  node_ip: 0.0.0.0
  num_healthy_workers: 14
  off_policy_estimator: {}
  perf:
    cpu_util_percent: 16.342857142857138
    ram_util_percent: 17.338095238095242
  pid: 796970
  policy_reward_max: {}
  policy_reward_mean: {}
  policy_reward_min: {}
  sampler_perf:
    mean_action_processing_ms: 0.09132752371081289
    mean_env_render_ms: 0.0
    mean_env_wait_ms: 16.695509192122
    mean_inference_ms: 1.4825446419682282
    mean_raw_obs_processing_ms: 0.2556021692616594
  time_since_restore: 1031.573629617691
  time_this_iter_s: 15.062493085861206
  time_total_s: 1031.573629617691
  timers:
    learn_throughput: 776.493
    learn_time_ms: 6877.073
    sample_throughput: 943.315
    sample_time_ms: 5660.888
    update_time_ms: 2.881
  timestamp: 1774909210
  timesteps_since_restore: 0
  timesteps_total: 436404
  training_iteration: 52
  trial_id: 226c6_00000
  
== Status ==
Memory usage on this node: 32.4/187.0 GiB
Using FIFO scheduling algorithm.
Resources requested: 15.0/40 CPUs, 1.0/1 GPUs, 0.0/109.46 GiB heap, 0.0/50.9 GiB objects (0.0/1.0 accelerator_type:V100)
Result logdir: /storage/ice1/4/7/acheng324/soccer-twos-starter/ray_results/PPO_curriculum
Number of trials: 1/1 (1 RUNNING)
+------------------------+----------+----------------+--------+------------------+--------+----------+----------------------+----------------------+--------------------+
| Trial name             | status   | loc            |   iter |   total time (s) |     ts |   reward |   episode_reward_max |   episode_reward_min |   episode_len_mean |
|------------------------+----------+----------------+--------+------------------+--------+----------+----------------------+----------------------+--------------------|
| PPO_Soccer_226c6_00000 | RUNNING  | 0.0.0.0:796970 |     52 |          1031.57 | 436404 |  1.81116 |               1.9504 |               0.9584 |              94.65 |
+------------------------+----------+----------------+--------+------------------+--------+----------+----------------------+----------------------+--------------------+


Result for PPO_Soccer_226c6_00000:
  agent_timesteps_total: 441782
  custom_metrics: {}
  date: 2026-03-30_18-20-22
  done: false
  episode_len_mean: 97.4
  episode_media: {}
  episode_reward_max: 1.9700000286102295
  episode_reward_mean: 1.8055840003490449
  episode_reward_min: 0.8644000291824341
  episodes_this_iter: 59
  episodes_total: 1640
  experiment_id: a558f9980ab944b592bcf75981dad115
  hostname: atl1-1-01-002-8-0.pace.gatech.edu
  info:
    learner:
      default_policy:
        learner_stats:
          allreduce_latency: 0.0
          cur_kl_coeff: 1.51875
          cur_lr: 5.000000000000001e-05
          entropy: 2.504174304562946
          entropy_coeff: 0.0
          kl: 0.017345546506518542
          policy_loss: -0.0962068552887717
          total_loss: 0.13129944271992805
          vf_explained_var: 0.37609660625457764
          vf_loss: 0.20116274977146192
    num_agent_steps_sampled: 441782
    num_steps_sampled: 441782
    num_steps_trained: 441782
  iterations_since_restore: 53
  node_ip: 0.0.0.0
  num_healthy_workers: 14
  off_policy_estimator: {}
  perf:
    cpu_util_percent: 18.149999999999995
    ram_util_percent: 17.322222222222226
  pid: 796970
  policy_reward_max: {}
  policy_reward_mean: {}
  policy_reward_min: {}
  sampler_perf:
    mean_action_processing_ms: 0.09146362259468027
    mean_env_render_ms: 0.0
    mean_env_wait_ms: 16.69432008530844
    mean_inference_ms: 1.4813571051710206
    mean_raw_obs_processing_ms: 0.25603741239946326
  time_since_restore: 1043.6623165607452
  time_this_iter_s: 12.0886869430542
  time_total_s: 1043.6623165607452
  timers:
    learn_throughput: 775.821
    learn_time_ms: 6833.406
    sample_throughput: 1059.19
    sample_time_ms: 5005.242
    update_time_ms: 2.882
  timestamp: 1774909222
  timesteps_since_restore: 0
  timesteps_total: 441782
  training_iteration: 53
  trial_id: 226c6_00000
  
== Status ==
Memory usage on this node: 32.3/187.0 GiB
Using FIFO scheduling algorithm.
Resources requested: 15.0/40 CPUs, 1.0/1 GPUs, 0.0/109.46 GiB heap, 0.0/50.9 GiB objects (0.0/1.0 accelerator_type:V100)
Result logdir: /storage/ice1/4/7/acheng324/soccer-twos-starter/ray_results/PPO_curriculum
Number of trials: 1/1 (1 RUNNING)
+------------------------+----------+----------------+--------+------------------+--------+----------+----------------------+----------------------+--------------------+
| Trial name             | status   | loc            |   iter |   total time (s) |     ts |   reward |   episode_reward_max |   episode_reward_min |   episode_len_mean |
|------------------------+----------+----------------+--------+------------------+--------+----------+----------------------+----------------------+--------------------|
| PPO_Soccer_226c6_00000 | RUNNING  | 0.0.0.0:796970 |     53 |          1043.66 | 441782 |  1.80558 |                 1.97 |               0.8644 |               97.4 |
+------------------------+----------+----------------+--------+------------------+--------+----------+----------------------+----------------------+--------------------+


Result for PPO_Soccer_226c6_00000:
  agent_timesteps_total: 447093
  custom_metrics: {}
  date: 2026-03-30_18-20-33
  done: false
  episode_len_mean: 111.7
  episode_media: {}
  episode_reward_max: 1.9700000286102295
  episode_reward_mean: 1.7769959962368012
  episode_reward_min: 0.7408000230789185
  episodes_this_iter: 40
  episodes_total: 1680
  experiment_id: a558f9980ab944b592bcf75981dad115
  hostname: atl1-1-01-002-8-0.pace.gatech.edu
  info:
    learner:
      default_policy:
        learner_stats:
          allreduce_latency: 0.0
          cur_kl_coeff: 1.5187500000000003
          cur_lr: 5.000000000000001e-05
          entropy: 2.5415772199630737
          entropy_coeff: 0.0
          kl: 0.015011429786682129
          policy_loss: -0.12323017715520802
          total_loss: 0.09818947246475589
          vf_explained_var: 0.30901530385017395
          vf_loss: 0.1986210374605088
    num_agent_steps_sampled: 447093
    num_steps_sampled: 447093
    num_steps_trained: 447093
  iterations_since_restore: 54
  node_ip: 0.0.0.0
  num_healthy_workers: 14
  off_policy_estimator: {}
  perf:
    cpu_util_percent: 16.064285714285713
    ram_util_percent: 17.292857142857148
  pid: 796970
  policy_reward_max: {}
  policy_reward_mean: {}
  policy_reward_min: {}
  sampler_perf:
    mean_action_processing_ms: 0.09165444873855723
    mean_env_render_ms: 0.0
    mean_env_wait_ms: 16.71805539297321
    mean_inference_ms: 1.4825634335347138
    mean_raw_obs_processing_ms: 0.25709478841268973
  time_since_restore: 1054.0555357933044
  time_this_iter_s: 10.393219232559204
  time_total_s: 1054.0555357933044
  timers:
    learn_throughput: 774.565
    learn_time_ms: 6787.548
    sample_throughput: 1071.098
    sample_time_ms: 4908.42
    update_time_ms: 2.881
  timestamp: 1774909233
  timesteps_since_restore: 0
  timesteps_total: 447093
  training_iteration: 54
  trial_id: 226c6_00000
  
== Status ==
Memory usage on this node: 32.3/187.0 GiB
Using FIFO scheduling algorithm.
Resources requested: 15.0/40 CPUs, 1.0/1 GPUs, 0.0/109.46 GiB heap, 0.0/50.9 GiB objects (0.0/1.0 accelerator_type:V100)
Result logdir: /storage/ice1/4/7/acheng324/soccer-twos-starter/ray_results/PPO_curriculum
Number of trials: 1/1 (1 RUNNING)
+------------------------+----------+----------------+--------+------------------+--------+----------+----------------------+----------------------+--------------------+
| Trial name             | status   | loc            |   iter |   total time (s) |     ts |   reward |   episode_reward_max |   episode_reward_min |   episode_len_mean |
|------------------------+----------+----------------+--------+------------------+--------+----------+----------------------+----------------------+--------------------|
| PPO_Soccer_226c6_00000 | RUNNING  | 0.0.0.0:796970 |     54 |          1054.06 | 447093 |    1.777 |                 1.97 |               0.7408 |              111.7 |
+------------------------+----------+----------------+--------+------------------+--------+----------+----------------------+----------------------+--------------------+


Result for PPO_Soccer_226c6_00000:
  agent_timesteps_total: 452065
  custom_metrics: {}
  date: 2026-03-30_18-20-45
  done: false
  episode_len_mean: 114.77
  episode_media: {}
  episode_reward_max: 1.9711999893188477
  episode_reward_mean: 1.770855996608734
  episode_reward_min: 0.7408000230789185
  episodes_this_iter: 49
  episodes_total: 1729
  experiment_id: a558f9980ab944b592bcf75981dad115
  hostname: atl1-1-01-002-8-0.pace.gatech.edu
  info:
    learner:
      default_policy:
        learner_stats:
          allreduce_latency: 0.0
          cur_kl_coeff: 1.5187499999999996
          cur_lr: 4.999999999999999e-05
          entropy: 2.527948055511866
          entropy_coeff: 0.0
          kl: 0.01424946315968648
          policy_loss: -0.12705985566553396
          total_loss: 0.05225312179670884
          vf_explained_var: 0.3311363756656647
          vf_loss: 0.1576716049741476
    num_agent_steps_sampled: 452065
    num_steps_sampled: 452065
    num_steps_trained: 452065
  iterations_since_restore: 55
  node_ip: 0.0.0.0
  num_healthy_workers: 14
  off_policy_estimator: {}
  perf:
    cpu_util_percent: 13.264705882352944
    ram_util_percent: 17.099999999999998
  pid: 796970
  policy_reward_max: {}
  policy_reward_mean: {}
  policy_reward_min: {}
  sampler_perf:
    mean_action_processing_ms: 0.09169835241970972
    mean_env_render_ms: 0.0
    mean_env_wait_ms: 16.737438539687297
    mean_inference_ms: 1.4817338189700169
    mean_raw_obs_processing_ms: 0.2579247384862777
  time_since_restore: 1065.874329328537
  time_this_iter_s: 11.818793535232544
  time_total_s: 1065.874329328537
  timers:
    learn_throughput: 769.366
    learn_time_ms: 6741.261
    sample_throughput: 1067.923
    sample_time_ms: 4856.626
    update_time_ms: 54.252
  timestamp: 1774909245
  timesteps_since_restore: 0
  timesteps_total: 452065
  training_iteration: 55
  trial_id: 226c6_00000
  
== Status ==
Memory usage on this node: 31.7/187.0 GiB
Using FIFO scheduling algorithm.
Resources requested: 15.0/40 CPUs, 1.0/1 GPUs, 0.0/109.46 GiB heap, 0.0/50.9 GiB objects (0.0/1.0 accelerator_type:V100)
Result logdir: /storage/ice1/4/7/acheng324/soccer-twos-starter/ray_results/PPO_curriculum
Number of trials: 1/1 (1 RUNNING)
+------------------------+----------+----------------+--------+------------------+--------+----------+----------------------+----------------------+--------------------+
| Trial name             | status   | loc            |   iter |   total time (s) |     ts |   reward |   episode_reward_max |   episode_reward_min |   episode_len_mean |
|------------------------+----------+----------------+--------+------------------+--------+----------+----------------------+----------------------+--------------------|
| PPO_Soccer_226c6_00000 | RUNNING  | 0.0.0.0:796970 |     55 |          1065.87 | 452065 |  1.77086 |               1.9712 |               0.7408 |             114.77 |
+------------------------+----------+----------------+--------+------------------+--------+----------+----------------------+----------------------+--------------------+


Result for PPO_Soccer_226c6_00000:
  agent_timesteps_total: 456917
  custom_metrics: {}
  date: 2026-03-30_18-20-57
  done: false
  episode_len_mean: 91.3
  episode_media: {}
  episode_reward_max: 1.9711999893188477
  episode_reward_mean: 1.8178519999980927
  episode_reward_min: 1.3128000497817993
  episodes_this_iter: 59
  episodes_total: 1788
  experiment_id: a558f9980ab944b592bcf75981dad115
  hostname: atl1-1-01-002-8-0.pace.gatech.edu
  info:
    learner:
      default_policy:
        learner_stats:
          allreduce_latency: 0.0
          cur_kl_coeff: 1.5187499999999998
          cur_lr: 4.999999999999999e-05
          entropy: 2.4710310509330347
          entropy_coeff: 0.0
          kl: 0.01415914642673574
          policy_loss: -0.13180342752878604
          total_loss: 0.05148162592300459
          vf_explained_var: 0.3562571108341217
          vf_loss: 0.16178085184410998
    num_agent_steps_sampled: 456917
    num_steps_sampled: 456917
    num_steps_trained: 456917
  iterations_since_restore: 56
  node_ip: 0.0.0.0
  num_healthy_workers: 14
  off_policy_estimator: {}
  perf:
    cpu_util_percent: 15.350000000000001
    ram_util_percent: 16.938888888888886
  pid: 796970
  policy_reward_max: {}
  policy_reward_mean: {}
  policy_reward_min: {}
  sampler_perf:
    mean_action_processing_ms: 0.0915511944739608
    mean_env_render_ms: 0.0
    mean_env_wait_ms: 16.780842968192008
    mean_inference_ms: 1.4811675988005992
    mean_raw_obs_processing_ms: 0.2593230720059027
  time_since_restore: 1077.970460176468
  time_this_iter_s: 12.096130847930908
  time_total_s: 1077.970460176468
  timers:
    learn_throughput: 770.276
    learn_time_ms: 6631.911
    sample_throughput: 1032.586
    sample_time_ms: 4947.192
    update_time_ms: 54.307
  timestamp: 1774909257
  timesteps_since_restore: 0
  timesteps_total: 456917
  training_iteration: 56
  trial_id: 226c6_00000
  
== Status ==
Memory usage on this node: 31.7/187.0 GiB
Using FIFO scheduling algorithm.
Resources requested: 15.0/40 CPUs, 1.0/1 GPUs, 0.0/109.46 GiB heap, 0.0/50.9 GiB objects (0.0/1.0 accelerator_type:V100)
Result logdir: /storage/ice1/4/7/acheng324/soccer-twos-starter/ray_results/PPO_curriculum
Number of trials: 1/1 (1 RUNNING)
+------------------------+----------+----------------+--------+------------------+--------+----------+----------------------+----------------------+--------------------+
| Trial name             | status   | loc            |   iter |   total time (s) |     ts |   reward |   episode_reward_max |   episode_reward_min |   episode_len_mean |
|------------------------+----------+----------------+--------+------------------+--------+----------+----------------------+----------------------+--------------------|
| PPO_Soccer_226c6_00000 | RUNNING  | 0.0.0.0:796970 |     56 |          1077.97 | 456917 |  1.81785 |               1.9712 |               1.3128 |               91.3 |
+------------------------+----------+----------------+--------+------------------+--------+----------+----------------------+----------------------+--------------------+


Result for PPO_Soccer_226c6_00000:
  agent_timesteps_total: 461475
  custom_metrics: {}
  date: 2026-03-30_18-21-06
  done: false
  episode_len_mean: 89.33
  episode_media: {}
  episode_reward_max: 1.9744000434875488
  episode_reward_mean: 1.821752005815506
  episode_reward_min: 1.3128000497817993
  episodes_this_iter: 45
  episodes_total: 1833
  experiment_id: a558f9980ab944b592bcf75981dad115
  hostname: atl1-1-01-002-8-0.pace.gatech.edu
  info:
    learner:
      default_policy:
        learner_stats:
          allreduce_latency: 0.0
          cur_kl_coeff: 1.5187499999999998
          cur_lr: 4.9999999999999996e-05
          entropy: 2.499895539548662
          entropy_coeff: 0.0
          kl: 0.015361990339847075
          policy_loss: -0.13417976991169983
          total_loss: 0.06397555341633658
          vf_explained_var: 0.3814530074596405
          vf_loss: 0.1748242990838157
    num_agent_steps_sampled: 461475
    num_steps_sampled: 461475
    num_steps_trained: 461475
  iterations_since_restore: 57
  node_ip: 0.0.0.0
  num_healthy_workers: 14
  off_policy_estimator: {}
  perf:
    cpu_util_percent: 15.275
    ram_util_percent: 16.975
  pid: 796970
  policy_reward_max: {}
  policy_reward_mean: {}
  policy_reward_min: {}
  sampler_perf:
    mean_action_processing_ms: 0.09119431548862998
    mean_env_render_ms: 0.0
    mean_env_wait_ms: 16.7828433200636
    mean_inference_ms: 1.47533412422175
    mean_raw_obs_processing_ms: 0.2603656581107055
  time_since_restore: 1086.7753524780273
  time_this_iter_s: 8.804892301559448
  time_total_s: 1086.7753524780273
  timers:
    learn_throughput: 769.709
    learn_time_ms: 6550.921
    sample_throughput: 1040.661
    sample_time_ms: 4845.284
    update_time_ms: 54.309
  timestamp: 1774909266
  timesteps_since_restore: 0
  timesteps_total: 461475
  training_iteration: 57
  trial_id: 226c6_00000
  
== Status ==
Memory usage on this node: 31.7/187.0 GiB
Using FIFO scheduling algorithm.
Resources requested: 15.0/40 CPUs, 1.0/1 GPUs, 0.0/109.46 GiB heap, 0.0/50.9 GiB objects (0.0/1.0 accelerator_type:V100)
Result logdir: /storage/ice1/4/7/acheng324/soccer-twos-starter/ray_results/PPO_curriculum
Number of trials: 1/1 (1 RUNNING)
+------------------------+----------+----------------+--------+------------------+--------+----------+----------------------+----------------------+--------------------+
| Trial name             | status   | loc            |   iter |   total time (s) |     ts |   reward |   episode_reward_max |   episode_reward_min |   episode_len_mean |
|------------------------+----------+----------------+--------+------------------+--------+----------+----------------------+----------------------+--------------------|
| PPO_Soccer_226c6_00000 | RUNNING  | 0.0.0.0:796970 |     57 |          1086.78 | 461475 |  1.82175 |               1.9744 |               1.3128 |              89.33 |
+------------------------+----------+----------------+--------+------------------+--------+----------+----------------------+----------------------+--------------------+


Result for PPO_Soccer_226c6_00000:
  agent_timesteps_total: 466461
  custom_metrics: {}
  date: 2026-03-30_18-21-16
  done: false
  episode_len_mean: 92.63
  episode_media: {}
  episode_reward_max: 1.9744000434875488
  episode_reward_mean: 1.8151280033588408
  episode_reward_min: 1.1252000331878662
  episodes_this_iter: 56
  episodes_total: 1889
  experiment_id: a558f9980ab944b592bcf75981dad115
  hostname: atl1-1-01-002-8-0.pace.gatech.edu
  info:
    learner:
      default_policy:
        learner_stats:
          allreduce_latency: 0.0
          cur_kl_coeff: 1.5187499999999996
          cur_lr: 4.999999999999999e-05
          entropy: 2.488217390500582
          entropy_coeff: 0.0
          kl: 0.014854680054271832
          policy_loss: -0.14093915955760541
          total_loss: 0.032380274043251306
          vf_explained_var: 0.4838831126689911
          vf_loss: 0.1507588859934073
    num_agent_steps_sampled: 466461
    num_steps_sampled: 466461
    num_steps_trained: 466461
  iterations_since_restore: 58
  node_ip: 0.0.0.0
  num_healthy_workers: 14
  off_policy_estimator: {}
  perf:
    cpu_util_percent: 17.106666666666666
    ram_util_percent: 16.986666666666665
  pid: 796970
  policy_reward_max: {}
  policy_reward_mean: {}
  policy_reward_min: {}
  sampler_perf:
    mean_action_processing_ms: 0.0916125524390935
    mean_env_render_ms: 0.0
    mean_env_wait_ms: 16.82729802743805
    mean_inference_ms: 1.4777598541736208
    mean_raw_obs_processing_ms: 0.26261962535889066
  time_since_restore: 1096.9938373565674
  time_this_iter_s: 10.218484878540039
  time_total_s: 1096.9938373565674
  timers:
    learn_throughput: 771.381
    learn_time_ms: 6563.553
    sample_throughput: 1036.903
    sample_time_ms: 4882.809
    update_time_ms: 54.304
  timestamp: 1774909276
  timesteps_since_restore: 0
  timesteps_total: 466461
  training_iteration: 58
  trial_id: 226c6_00000
  
== Status ==
Memory usage on this node: 32.0/187.0 GiB
Using FIFO scheduling algorithm.
Resources requested: 15.0/40 CPUs, 1.0/1 GPUs, 0.0/109.46 GiB heap, 0.0/50.9 GiB objects (0.0/1.0 accelerator_type:V100)
Result logdir: /storage/ice1/4/7/acheng324/soccer-twos-starter/ray_results/PPO_curriculum
Number of trials: 1/1 (1 RUNNING)
+------------------------+----------+----------------+--------+------------------+--------+----------+----------------------+----------------------+--------------------+
| Trial name             | status   | loc            |   iter |   total time (s) |     ts |   reward |   episode_reward_max |   episode_reward_min |   episode_len_mean |
|------------------------+----------+----------------+--------+------------------+--------+----------+----------------------+----------------------+--------------------|
| PPO_Soccer_226c6_00000 | RUNNING  | 0.0.0.0:796970 |     58 |          1096.99 | 466461 |  1.81513 |               1.9744 |               1.1252 |              92.63 |
+------------------------+----------+----------------+--------+------------------+--------+----------+----------------------+----------------------+--------------------+


Result for PPO_Soccer_226c6_00000:
  agent_timesteps_total: 471390
  custom_metrics: {}
  date: 2026-03-30_18-21-27
  done: false
  episode_len_mean: 88.36
  episode_media: {}
  episode_reward_max: 1.9739999771118164
  episode_reward_mean: 1.8237079977989197
  episode_reward_min: 1.323199987411499
  episodes_this_iter: 56
  episodes_total: 1945
  experiment_id: a558f9980ab944b592bcf75981dad115
  hostname: atl1-1-01-002-8-0.pace.gatech.edu
  info:
    learner:
      default_policy:
        learner_stats:
          allreduce_latency: 0.0
          cur_kl_coeff: 1.5187499999999996
          cur_lr: 4.999999999999999e-05
          entropy: 2.4905223479637733
          entropy_coeff: 0.0
          kl: 0.014633125506150417
          policy_loss: -0.1377186978665682
          total_loss: 0.024088262174374018
          vf_explained_var: 0.40159285068511963
          vf_loss: 0.1395829031482721
    num_agent_steps_sampled: 471390
    num_steps_sampled: 471390
    num_steps_trained: 471390
  iterations_since_restore: 59
  node_ip: 0.0.0.0
  num_healthy_workers: 14
  off_policy_estimator: {}
  perf:
    cpu_util_percent: 19.4
    ram_util_percent: 17.25
  pid: 796970
  policy_reward_max: {}
  policy_reward_mean: {}
  policy_reward_min: {}
  sampler_perf:
    mean_action_processing_ms: 0.09227087654794346
    mean_env_render_ms: 0.0
    mean_env_wait_ms: 16.937076512560918
    mean_inference_ms: 1.4864544243482158
    mean_raw_obs_processing_ms: 0.2652520975453893
  time_since_restore: 1107.8879609107971
  time_this_iter_s: 10.894123554229736
  time_total_s: 1107.8879609107971
  timers:
    learn_throughput: 772.545
    learn_time_ms: 6537.998
    sample_throughput: 1085.329
    sample_time_ms: 4653.795
    update_time_ms: 54.301
  timestamp: 1774909287
  timesteps_since_restore: 0
  timesteps_total: 471390
  training_iteration: 59
  trial_id: 226c6_00000
  
== Status ==
Memory usage on this node: 32.5/187.0 GiB
Using FIFO scheduling algorithm.
Resources requested: 15.0/40 CPUs, 1.0/1 GPUs, 0.0/109.46 GiB heap, 0.0/50.9 GiB objects (0.0/1.0 accelerator_type:V100)
Result logdir: /storage/ice1/4/7/acheng324/soccer-twos-starter/ray_results/PPO_curriculum
Number of trials: 1/1 (1 RUNNING)
+------------------------+----------+----------------+--------+------------------+--------+----------+----------------------+----------------------+--------------------+
| Trial name             | status   | loc            |   iter |   total time (s) |     ts |   reward |   episode_reward_max |   episode_reward_min |   episode_len_mean |
|------------------------+----------+----------------+--------+------------------+--------+----------+----------------------+----------------------+--------------------|
| PPO_Soccer_226c6_00000 | RUNNING  | 0.0.0.0:796970 |     59 |          1107.89 | 471390 |  1.82371 |                1.974 |               1.3232 |              88.36 |
+------------------------+----------+----------------+--------+------------------+--------+----------+----------------------+----------------------+--------------------+


Result for PPO_Soccer_226c6_00000:
  agent_timesteps_total: 477098
  custom_metrics: {}
  date: 2026-03-30_18-21-38
  done: false
  episode_len_mean: 95.57
  episode_media: {}
  episode_reward_max: 1.9739999771118164
  episode_reward_mean: 1.7759319996833802
  episode_reward_min: -2.0
  episodes_this_iter: 58
  episodes_total: 2003
  experiment_id: a558f9980ab944b592bcf75981dad115
  hostname: atl1-1-01-002-8-0.pace.gatech.edu
  info:
    learner:
      default_policy:
        learner_stats:
          allreduce_latency: 0.0
          cur_kl_coeff: 1.51875
          cur_lr: 5.0000000000000016e-05
          entropy: 2.457931656307644
          entropy_coeff: 0.0
          kl: 0.015262976309491529
          policy_loss: -0.13277610921197466
          total_loss: 0.11249161863492595
          vf_explained_var: 0.49623367190361023
          vf_loss: 0.22208708259794446
    num_agent_steps_sampled: 477098
    num_steps_sampled: 477098
    num_steps_trained: 477098
  iterations_since_restore: 60
  node_ip: 0.0.0.0
  num_healthy_workers: 14
  off_policy_estimator: {}
  perf:
    cpu_util_percent: 19.146666666666665
    ram_util_percent: 17.62666666666667
  pid: 796970
  policy_reward_max: {}
  policy_reward_mean: {}
  policy_reward_min: {}
  sampler_perf:
    mean_action_processing_ms: 0.0924976317164916
    mean_env_render_ms: 0.0
    mean_env_wait_ms: 16.971050722023914
    mean_inference_ms: 1.4894889426291849
    mean_raw_obs_processing_ms: 0.2666456145314062
  time_since_restore: 1118.981938123703
  time_this_iter_s: 11.093977212905884
  time_total_s: 1118.981938123703
  timers:
    learn_throughput: 772.464
    learn_time_ms: 6615.584
    sample_throughput: 1098.703
    sample_time_ms: 4651.211
    update_time_ms: 54.303
  timestamp: 1774909298
  timesteps_since_restore: 0
  timesteps_total: 477098
  training_iteration: 60
  trial_id: 226c6_00000
  
== Status ==
Memory usage on this node: 33.4/187.0 GiB
Using FIFO scheduling algorithm.
Resources requested: 15.0/40 CPUs, 1.0/1 GPUs, 0.0/109.46 GiB heap, 0.0/50.9 GiB objects (0.0/1.0 accelerator_type:V100)
Result logdir: /storage/ice1/4/7/acheng324/soccer-twos-starter/ray_results/PPO_curriculum
Number of trials: 1/1 (1 RUNNING)
+------------------------+----------+----------------+--------+------------------+--------+----------+----------------------+----------------------+--------------------+
| Trial name             | status   | loc            |   iter |   total time (s) |     ts |   reward |   episode_reward_max |   episode_reward_min |   episode_len_mean |
|------------------------+----------+----------------+--------+------------------+--------+----------+----------------------+----------------------+--------------------|
| PPO_Soccer_226c6_00000 | RUNNING  | 0.0.0.0:796970 |     60 |          1118.98 | 477098 |  1.77593 |                1.974 |                   -2 |              95.57 |
+------------------------+----------+----------------+--------+------------------+--------+----------+----------------------+----------------------+--------------------+


Result for PPO_Soccer_226c6_00000:
  agent_timesteps_total: 482009
  custom_metrics: {}
  date: 2026-03-30_18-21-49
  done: false
  episode_len_mean: 95.35
  episode_media: {}
  episode_reward_max: 1.965999960899353
  episode_reward_mean: 1.7764279997348786
  episode_reward_min: -2.0
  episodes_this_iter: 53
  episodes_total: 2056
  experiment_id: a558f9980ab944b592bcf75981dad115
  hostname: atl1-1-01-002-8-0.pace.gatech.edu
  info:
    learner:
      default_policy:
        learner_stats:
          allreduce_latency: 0.0
          cur_kl_coeff: 1.5187499999999996
          cur_lr: 4.999999999999999e-05
          entropy: 2.442067653704912
          entropy_coeff: 0.0
          kl: 0.015215065258626755
          policy_loss: -0.1332199179018155
          total_loss: 0.07185264125179786
          vf_explained_var: 0.38122960925102234
          vf_loss: 0.18196467978832048
    num_agent_steps_sampled: 482009
    num_steps_sampled: 482009
    num_steps_trained: 482009
  iterations_since_restore: 61
  node_ip: 0.0.0.0
  num_healthy_workers: 14
  off_policy_estimator: {}
  perf:
    cpu_util_percent: 19.033333333333328
    ram_util_percent: 18.006666666666664
  pid: 796970
  policy_reward_max: {}
  policy_reward_mean: {}
  policy_reward_min: {}
  sampler_perf:
    mean_action_processing_ms: 0.09247436609622676
    mean_env_render_ms: 0.0
    mean_env_wait_ms: 16.952719937942295
    mean_inference_ms: 1.4874650358984622
    mean_raw_obs_processing_ms: 0.26697343746248536
  time_since_restore: 1129.513032913208
  time_this_iter_s: 10.531094789505005
  time_total_s: 1129.513032913208
  timers:
    learn_throughput: 771.626
    learn_time_ms: 6599.309
    sample_throughput: 1112.154
    sample_time_ms: 4578.684
    update_time_ms: 54.305
  timestamp: 1774909309
  timesteps_since_restore: 0
  timesteps_total: 482009
  training_iteration: 61
  trial_id: 226c6_00000
  
== Status ==
Memory usage on this node: 34.0/187.0 GiB
Using FIFO scheduling algorithm.
Resources requested: 15.0/40 CPUs, 1.0/1 GPUs, 0.0/109.46 GiB heap, 0.0/50.9 GiB objects (0.0/1.0 accelerator_type:V100)
Result logdir: /storage/ice1/4/7/acheng324/soccer-twos-starter/ray_results/PPO_curriculum
Number of trials: 1/1 (1 RUNNING)
+------------------------+----------+----------------+--------+------------------+--------+----------+----------------------+----------------------+--------------------+
| Trial name             | status   | loc            |   iter |   total time (s) |     ts |   reward |   episode_reward_max |   episode_reward_min |   episode_len_mean |
|------------------------+----------+----------------+--------+------------------+--------+----------+----------------------+----------------------+--------------------|
| PPO_Soccer_226c6_00000 | RUNNING  | 0.0.0.0:796970 |     61 |          1129.51 | 482009 |  1.77643 |                1.966 |                   -2 |              95.35 |
+------------------------+----------+----------------+--------+------------------+--------+----------+----------------------+----------------------+--------------------+


Result for PPO_Soccer_226c6_00000:
  agent_timesteps_total: 487286
  custom_metrics: {}
  date: 2026-03-30_18-22-05
  done: false
  episode_len_mean: 95.67
  episode_media: {}
  episode_reward_max: 1.965999960899353
  episode_reward_mean: 1.8090920037031173
  episode_reward_min: 0.3100000023841858
  episodes_this_iter: 56
  episodes_total: 2112
  experiment_id: a558f9980ab944b592bcf75981dad115
  hostname: atl1-1-01-002-8-0.pace.gatech.edu
  info:
    learner:
      default_policy:
        learner_stats:
          allreduce_latency: 0.0
          cur_kl_coeff: 1.5187500000000003
          cur_lr: 5.000000000000001e-05
          entropy: 2.407455643018087
          entropy_coeff: 0.0
          kl: 0.015400331999574388
          policy_loss: -0.13209683975825706
          total_loss: 0.0892684239716757
          vf_explained_var: 0.44504034519195557
          vf_loss: 0.19797601089591071
    num_agent_steps_sampled: 487286
    num_steps_sampled: 487286
    num_steps_trained: 487286
  iterations_since_restore: 62
  node_ip: 0.0.0.0
  num_healthy_workers: 14
  off_policy_estimator: {}
  perf:
    cpu_util_percent: 15.739130434782606
    ram_util_percent: 18.434782608695656
  pid: 796970
  policy_reward_max: {}
  policy_reward_mean: {}
  policy_reward_min: {}
  sampler_perf:
    mean_action_processing_ms: 0.09239757364289079
    mean_env_render_ms: 0.0
    mean_env_wait_ms: 16.95926952607695
    mean_inference_ms: 1.4861907775775058
    mean_raw_obs_processing_ms: 0.26867382978498866
  time_since_restore: 1145.5331935882568
  time_this_iter_s: 16.020160675048828
  time_total_s: 1145.5331935882568
  timers:
    learn_throughput: 770.586
    learn_time_ms: 6603.024
    sample_throughput: 1089.346
    sample_time_ms: 4670.876
    update_time_ms: 54.303
  timestamp: 1774909325
  timesteps_since_restore: 0
  timesteps_total: 487286
  training_iteration: 62
  trial_id: 226c6_00000
  
== Status ==
Memory usage on this node: 34.9/187.0 GiB
Using FIFO scheduling algorithm.
Resources requested: 15.0/40 CPUs, 1.0/1 GPUs, 0.0/109.46 GiB heap, 0.0/50.9 GiB objects (0.0/1.0 accelerator_type:V100)
Result logdir: /storage/ice1/4/7/acheng324/soccer-twos-starter/ray_results/PPO_curriculum
Number of trials: 1/1 (1 RUNNING)
+------------------------+----------+----------------+--------+------------------+--------+----------+----------------------+----------------------+--------------------+
| Trial name             | status   | loc            |   iter |   total time (s) |     ts |   reward |   episode_reward_max |   episode_reward_min |   episode_len_mean |
|------------------------+----------+----------------+--------+------------------+--------+----------+----------------------+----------------------+--------------------|
| PPO_Soccer_226c6_00000 | RUNNING  | 0.0.0.0:796970 |     62 |          1145.53 | 487286 |  1.80909 |                1.966 |                 0.31 |              95.67 |
+------------------------+----------+----------------+--------+------------------+--------+----------+----------------------+----------------------+--------------------+


Result for PPO_Soccer_226c6_00000:
  agent_timesteps_total: 492475
  custom_metrics: {}
  date: 2026-03-30_18-22-15
  done: false
  episode_len_mean: 86.19
  episode_media: {}
  episode_reward_max: 1.9819999933242798
  episode_reward_mean: 1.8280159986019135
  episode_reward_min: 0.3100000023841858
  episodes_this_iter: 65
  episodes_total: 2177
  experiment_id: a558f9980ab944b592bcf75981dad115
  hostname: atl1-1-01-002-8-0.pace.gatech.edu
  info:
    learner:
      default_policy:
        learner_stats:
          allreduce_latency: 0.0
          cur_kl_coeff: 1.5187500000000003
          cur_lr: 5.0e-05
          entropy: 2.385966626609244
          entropy_coeff: 0.0
          kl: 0.01489217642967294
          policy_loss: -0.12982637239847242
          total_loss: 0.07023506586598914
          vf_explained_var: 0.4677613079547882
          vf_loss: 0.17744394373602984
    num_agent_steps_sampled: 492475
    num_steps_sampled: 492475
    num_steps_trained: 492475
  iterations_since_restore: 63
  node_ip: 0.0.0.0
  num_healthy_workers: 14
  off_policy_estimator: {}
  perf:
    cpu_util_percent: 15.846666666666668
    ram_util_percent: 18.699999999999996
  pid: 796970
  policy_reward_max: {}
  policy_reward_mean: {}
  policy_reward_min: {}
  sampler_perf:
    mean_action_processing_ms: 0.09256529268911926
    mean_env_render_ms: 0.0
    mean_env_wait_ms: 17.011785739465942
    mean_inference_ms: 1.4887681224827531
    mean_raw_obs_processing_ms: 0.27228519020455066
  time_since_restore: 1155.9307613372803
  time_this_iter_s: 10.397567749023438
  time_total_s: 1155.9307613372803
  timers:
    learn_throughput: 769.625
    learn_time_ms: 6586.713
    sample_throughput: 1122.244
    sample_time_ms: 4517.112
    update_time_ms: 55.099
  timestamp: 1774909335
  timesteps_since_restore: 0
  timesteps_total: 492475
  training_iteration: 63
  trial_id: 226c6_00000
  
== Status ==
Memory usage on this node: 35.0/187.0 GiB
Using FIFO scheduling algorithm.
Resources requested: 15.0/40 CPUs, 1.0/1 GPUs, 0.0/109.46 GiB heap, 0.0/50.9 GiB objects (0.0/1.0 accelerator_type:V100)
Result logdir: /storage/ice1/4/7/acheng324/soccer-twos-starter/ray_results/PPO_curriculum
Number of trials: 1/1 (1 RUNNING)
+------------------------+----------+----------------+--------+------------------+--------+----------+----------------------+----------------------+--------------------+
| Trial name             | status   | loc            |   iter |   total time (s) |     ts |   reward |   episode_reward_max |   episode_reward_min |   episode_len_mean |
|------------------------+----------+----------------+--------+------------------+--------+----------+----------------------+----------------------+--------------------|
| PPO_Soccer_226c6_00000 | RUNNING  | 0.0.0.0:796970 |     63 |          1155.93 | 492475 |  1.82802 |                1.982 |                 0.31 |              86.19 |
+------------------------+----------+----------------+--------+------------------+--------+----------+----------------------+----------------------+--------------------+


Result for PPO_Soccer_226c6_00000:
  agent_timesteps_total: 497308
  custom_metrics: {}
  date: 2026-03-30_18-22-24
  done: false
  episode_len_mean: 85.32
  episode_media: {}
  episode_reward_max: 1.9708000421524048
  episode_reward_mean: 1.829759999513626
  episode_reward_min: 0.6772000193595886
  episodes_this_iter: 57
  episodes_total: 2234
  experiment_id: a558f9980ab944b592bcf75981dad115
  hostname: atl1-1-01-002-8-0.pace.gatech.edu
  info:
    learner:
      default_policy:
        learner_stats:
          allreduce_latency: 0.0
          cur_kl_coeff: 1.5187499999999998
          cur_lr: 4.999999999999999e-05
          entropy: 2.3956165815654553
          entropy_coeff: 0.0
          kl: 0.016152871012883752
          policy_loss: -0.13804186959015696
          total_loss: 0.05936150382714052
          vf_explained_var: 0.43838825821876526
          vf_loss: 0.17287120419113258
    num_agent_steps_sampled: 497308
    num_steps_sampled: 497308
    num_steps_trained: 497308
  iterations_since_restore: 64
  node_ip: 0.0.0.0
  num_healthy_workers: 14
  off_policy_estimator: {}
  perf:
    cpu_util_percent: 15.223076923076924
    ram_util_percent: 18.699999999999996
  pid: 796970
  policy_reward_max: {}
  policy_reward_mean: {}
  policy_reward_min: {}
  sampler_perf:
    mean_action_processing_ms: 0.09275368760764902
    mean_env_render_ms: 0.0
    mean_env_wait_ms: 17.026474361927395
    mean_inference_ms: 1.49079661844884
    mean_raw_obs_processing_ms: 0.2734408785029537
  time_since_restore: 1164.9594168663025
  time_this_iter_s: 9.028655529022217
  time_total_s: 1164.9594168663025
  timers:
    learn_throughput: 770.31
    learn_time_ms: 6518.803
    sample_throughput: 1128.756
    sample_time_ms: 4448.704
    update_time_ms: 55.091
  timestamp: 1774909344
  timesteps_since_restore: 0
  timesteps_total: 497308
  training_iteration: 64
  trial_id: 226c6_00000
  
== Status ==
Memory usage on this node: 35.0/187.0 GiB
Using FIFO scheduling algorithm.
Resources requested: 15.0/40 CPUs, 1.0/1 GPUs, 0.0/109.46 GiB heap, 0.0/50.9 GiB objects (0.0/1.0 accelerator_type:V100)
Result logdir: /storage/ice1/4/7/acheng324/soccer-twos-starter/ray_results/PPO_curriculum
Number of trials: 1/1 (1 RUNNING)
+------------------------+----------+----------------+--------+------------------+--------+----------+----------------------+----------------------+--------------------+
| Trial name             | status   | loc            |   iter |   total time (s) |     ts |   reward |   episode_reward_max |   episode_reward_min |   episode_len_mean |
|------------------------+----------+----------------+--------+------------------+--------+----------+----------------------+----------------------+--------------------|
| PPO_Soccer_226c6_00000 | RUNNING  | 0.0.0.0:796970 |     64 |          1164.96 | 497308 |  1.82976 |               1.9708 |               0.6772 |              85.32 |
+------------------------+----------+----------------+--------+------------------+--------+----------+----------------------+----------------------+--------------------+


Result for PPO_Soccer_226c6_00000:
  agent_timesteps_total: 501774
  custom_metrics: {}
  date: 2026-03-30_18-22-33
  done: false
  episode_len_mean: 69.32
  episode_media: {}
  episode_reward_max: 1.9708000421524048
  episode_reward_mean: 1.861723998785019
  episode_reward_min: 1.61080002784729
  episodes_this_iter: 69
  episodes_total: 2303
  experiment_id: a558f9980ab944b592bcf75981dad115
  hostname: atl1-1-01-002-8-0.pace.gatech.edu
  info:
    learner:
      default_policy:
        learner_stats:
          allreduce_latency: 0.0
          cur_kl_coeff: 1.51875
          cur_lr: 4.9999999999999996e-05
          entropy: 2.3539981160845076
          entropy_coeff: 0.0
          kl: 0.013979072283421243
          policy_loss: -0.1364030213228294
          total_loss: 0.0035136426932045393
          vf_explained_var: 0.3195667862892151
          vf_loss: 0.11868595012596675
    num_agent_steps_sampled: 501774
    num_steps_sampled: 501774
    num_steps_trained: 501774
  iterations_since_restore: 65
  node_ip: 0.0.0.0
  num_healthy_workers: 14
  off_policy_estimator: {}
  perf:
    cpu_util_percent: 17.59230769230769
    ram_util_percent: 18.699999999999996
  pid: 796970
  policy_reward_max: {}
  policy_reward_mean: {}
  policy_reward_min: {}
  sampler_perf:
    mean_action_processing_ms: 0.09279448112407734
    mean_env_render_ms: 0.0
    mean_env_wait_ms: 17.017992851058043
    mean_inference_ms: 1.4890850887452383
    mean_raw_obs_processing_ms: 0.27459212493026547
  time_since_restore: 1174.3753201961517
  time_this_iter_s: 9.415903329849243
  time_total_s: 1174.3753201961517
  timers:
    learn_throughput: 776.63
    learn_time_ms: 6400.6
    sample_throughput: 1127.536
    sample_time_ms: 4408.64
    update_time_ms: 3.716
  timestamp: 1774909353
  timesteps_since_restore: 0
  timesteps_total: 501774
  training_iteration: 65
  trial_id: 226c6_00000
  
== Status ==
Memory usage on this node: 35.0/187.0 GiB
Using FIFO scheduling algorithm.
Resources requested: 15.0/40 CPUs, 1.0/1 GPUs, 0.0/109.46 GiB heap, 0.0/50.9 GiB objects (0.0/1.0 accelerator_type:V100)
Result logdir: /storage/ice1/4/7/acheng324/soccer-twos-starter/ray_results/PPO_curriculum
Number of trials: 1/1 (1 RUNNING)
+------------------------+----------+----------------+--------+------------------+--------+----------+----------------------+----------------------+--------------------+
| Trial name             | status   | loc            |   iter |   total time (s) |     ts |   reward |   episode_reward_max |   episode_reward_min |   episode_len_mean |
|------------------------+----------+----------------+--------+------------------+--------+----------+----------------------+----------------------+--------------------|
| PPO_Soccer_226c6_00000 | RUNNING  | 0.0.0.0:796970 |     65 |          1174.38 | 501774 |  1.86172 |               1.9708 |               1.6108 |              69.32 |
+------------------------+----------+----------------+--------+------------------+--------+----------+----------------------+----------------------+--------------------+


Result for PPO_Soccer_226c6_00000:
  agent_timesteps_total: 506241
  custom_metrics: {}
  date: 2026-03-30_18-22-42
  done: false
  episode_len_mean: 72.66
  episode_media: {}
  episode_reward_max: 1.965999960899353
  episode_reward_mean: 1.8549799978733064
  episode_reward_min: 1.4603999853134155
  episodes_this_iter: 60
  episodes_total: 2363
  experiment_id: a558f9980ab944b592bcf75981dad115
  hostname: atl1-1-01-002-8-0.pace.gatech.edu
  info:
    learner:
      default_policy:
        learner_stats:
          allreduce_latency: 0.0
          cur_kl_coeff: 1.51875
          cur_lr: 4.9999999999999996e-05
          entropy: 2.334817429951259
          entropy_coeff: 0.0
          kl: 0.0151369858533144
          policy_loss: -0.13433197114084447
          total_loss: 0.060542533387030875
          vf_explained_var: 0.3342984616756439
          vf_loss: 0.1718852094241551
    num_agent_steps_sampled: 506241
    num_steps_sampled: 506241
    num_steps_trained: 506241
  iterations_since_restore: 66
  node_ip: 0.0.0.0
  num_healthy_workers: 14
  off_policy_estimator: {}
  perf:
    cpu_util_percent: 15.592307692307694
    ram_util_percent: 18.699999999999996
  pid: 796970
  policy_reward_max: {}
  policy_reward_mean: {}
  policy_reward_min: {}
  sampler_perf:
    mean_action_processing_ms: 0.09302631899874242
    mean_env_render_ms: 0.0
    mean_env_wait_ms: 17.05785291522538
    mean_inference_ms: 1.4903331691201962
    mean_raw_obs_processing_ms: 0.27659188250402444
  time_since_restore: 1183.3002178668976
  time_this_iter_s: 8.92489767074585
  time_total_s: 1183.3002178668976
  timers:
    learn_throughput: 776.469
    learn_time_ms: 6352.343
    sample_throughput: 1191.365
    sample_time_ms: 4140.123
    update_time_ms: 3.644
  timestamp: 1774909362
  timesteps_since_restore: 0
  timesteps_total: 506241
  training_iteration: 66
  trial_id: 226c6_00000
  
== Status ==
Memory usage on this node: 34.9/187.0 GiB
Using FIFO scheduling algorithm.
Resources requested: 15.0/40 CPUs, 1.0/1 GPUs, 0.0/109.46 GiB heap, 0.0/50.9 GiB objects (0.0/1.0 accelerator_type:V100)
Result logdir: /storage/ice1/4/7/acheng324/soccer-twos-starter/ray_results/PPO_curriculum
Number of trials: 1/1 (1 RUNNING)
+------------------------+----------+----------------+--------+------------------+--------+----------+----------------------+----------------------+--------------------+
| Trial name             | status   | loc            |   iter |   total time (s) |     ts |   reward |   episode_reward_max |   episode_reward_min |   episode_len_mean |
|------------------------+----------+----------------+--------+------------------+--------+----------+----------------------+----------------------+--------------------|
| PPO_Soccer_226c6_00000 | RUNNING  | 0.0.0.0:796970 |     66 |           1183.3 | 506241 |  1.85498 |                1.966 |               1.4604 |              72.66 |
+------------------------+----------+----------------+--------+------------------+--------+----------+----------------------+----------------------+--------------------+


Result for PPO_Soccer_226c6_00000:
  agent_timesteps_total: 510795
  custom_metrics: {}
  date: 2026-03-30_18-22-52
  done: false
  episode_len_mean: 70.1
  episode_media: {}
  episode_reward_max: 1.968000054359436
  episode_reward_mean: 1.860175998210907
  episode_reward_min: 1.4731999635696411
  episodes_this_iter: 70
  episodes_total: 2433
  experiment_id: a558f9980ab944b592bcf75981dad115
  hostname: atl1-1-01-002-8-0.pace.gatech.edu
  info:
    learner:
      default_policy:
        learner_stats:
          allreduce_latency: 0.0
          cur_kl_coeff: 1.5187499999999998
          cur_lr: 4.9999999999999996e-05
          entropy: 2.3368592725859747
          entropy_coeff: 0.0
          kl: 0.013390430197533634
          policy_loss: -0.13366457913070917
          total_loss: -0.0028888053881625333
          vf_explained_var: 0.339145690202713
          vf_loss: 0.11043906170460913
    num_agent_steps_sampled: 510795
    num_steps_sampled: 510795
    num_steps_trained: 510795
  iterations_since_restore: 67
  node_ip: 0.0.0.0
  num_healthy_workers: 14
  off_policy_estimator: {}
  perf:
    cpu_util_percent: 16.499999999999996
    ram_util_percent: 18.699999999999996
  pid: 796970
  policy_reward_max: {}
  policy_reward_mean: {}
  policy_reward_min: {}
  sampler_perf:
    mean_action_processing_ms: 0.09298735977181648
    mean_env_render_ms: 0.0
    mean_env_wait_ms: 17.05672918035754
    mean_inference_ms: 1.4907432311153515
    mean_raw_obs_processing_ms: 0.2775852988991141
  time_since_restore: 1192.7075760364532
  time_this_iter_s: 9.407358169555664
  time_total_s: 1192.7075760364532
  timers:
    learn_throughput: 776.474
    learn_time_ms: 6351.79
    sample_throughput: 1173.981
    sample_time_ms: 4201.09
    update_time_ms: 3.645
  timestamp: 1774909372
  timesteps_since_restore: 0
  timesteps_total: 510795
  training_iteration: 67
  trial_id: 226c6_00000
  
== Status ==
Memory usage on this node: 35.1/187.0 GiB
Using FIFO scheduling algorithm.
Resources requested: 15.0/40 CPUs, 1.0/1 GPUs, 0.0/109.46 GiB heap, 0.0/50.9 GiB objects (0.0/1.0 accelerator_type:V100)
Result logdir: /storage/ice1/4/7/acheng324/soccer-twos-starter/ray_results/PPO_curriculum
Number of trials: 1/1 (1 RUNNING)
+------------------------+----------+----------------+--------+------------------+--------+----------+----------------------+----------------------+--------------------+
| Trial name             | status   | loc            |   iter |   total time (s) |     ts |   reward |   episode_reward_max |   episode_reward_min |   episode_len_mean |
|------------------------+----------+----------------+--------+------------------+--------+----------+----------------------+----------------------+--------------------|
| PPO_Soccer_226c6_00000 | RUNNING  | 0.0.0.0:796970 |     67 |          1192.71 | 510795 |  1.86018 |                1.968 |               1.4732 |               70.1 |
+------------------------+----------+----------------+--------+------------------+--------+----------+----------------------+----------------------+--------------------+


Result for PPO_Soccer_226c6_00000:
  agent_timesteps_total: 515526
  custom_metrics: {}
  date: 2026-03-30_18-23-01
  done: false
  episode_len_mean: 70.95
  episode_media: {}
  episode_reward_max: 1.9703999757766724
  episode_reward_mean: 1.8584920012950896
  episode_reward_min: 1.4967999458312988
  episodes_this_iter: 68
  episodes_total: 2501
  experiment_id: a558f9980ab944b592bcf75981dad115
  hostname: atl1-1-01-002-8-0.pace.gatech.edu
  info:
    learner:
      default_policy:
        learner_stats:
          allreduce_latency: 0.0
          cur_kl_coeff: 1.5187499999999998
          cur_lr: 4.999999999999999e-05
          entropy: 2.328600419534219
          entropy_coeff: 0.0
          kl: 0.013582829637704668
          policy_loss: -0.13658456343251305
          total_loss: 0.030984277887320198
          vf_explained_var: 0.34702712297439575
          vf_loss: 0.14693992222483093
    num_agent_steps_sampled: 515526
    num_steps_sampled: 515526
    num_steps_trained: 515526
  iterations_since_restore: 68
  node_ip: 0.0.0.0
  num_healthy_workers: 14
  off_policy_estimator: {}
  perf:
    cpu_util_percent: 19.069230769230767
    ram_util_percent: 18.7923076923077
  pid: 796970
  policy_reward_max: {}
  policy_reward_mean: {}
  policy_reward_min: {}
  sampler_perf:
    mean_action_processing_ms: 0.0928997087243069
    mean_env_render_ms: 0.0
    mean_env_wait_ms: 17.07028138214352
    mean_inference_ms: 1.4913194074873524
    mean_raw_obs_processing_ms: 0.2795620856090412
  time_since_restore: 1202.1475875377655
  time_this_iter_s: 9.440011501312256
  time_total_s: 1202.1475875377655
  timers:
    learn_throughput: 775.561
    learn_time_ms: 6326.386
    sample_throughput: 1182.686
    sample_time_ms: 4148.607
    update_time_ms: 3.647
  timestamp: 1774909381
  timesteps_since_restore: 0
  timesteps_total: 515526
  training_iteration: 68
  trial_id: 226c6_00000
  
== Status ==
Memory usage on this node: 35.3/187.0 GiB
Using FIFO scheduling algorithm.
Resources requested: 15.0/40 CPUs, 1.0/1 GPUs, 0.0/109.46 GiB heap, 0.0/50.9 GiB objects (0.0/1.0 accelerator_type:V100)
Result logdir: /storage/ice1/4/7/acheng324/soccer-twos-starter/ray_results/PPO_curriculum
Number of trials: 1/1 (1 RUNNING)
+------------------------+----------+----------------+--------+------------------+--------+----------+----------------------+----------------------+--------------------+
| Trial name             | status   | loc            |   iter |   total time (s) |     ts |   reward |   episode_reward_max |   episode_reward_min |   episode_len_mean |
|------------------------+----------+----------------+--------+------------------+--------+----------+----------------------+----------------------+--------------------|
| PPO_Soccer_226c6_00000 | RUNNING  | 0.0.0.0:796970 |     68 |          1202.15 | 515526 |  1.85849 |               1.9704 |               1.4968 |              70.95 |
+------------------------+----------+----------------+--------+------------------+--------+----------+----------------------+----------------------+--------------------+


Result for PPO_Soccer_226c6_00000:
  agent_timesteps_total: 520289
  custom_metrics: {}
  date: 2026-03-30_18-23-11
  done: false
  episode_len_mean: 71.15
  episode_media: {}
  episode_reward_max: 1.9651999473571777
  episode_reward_mean: 1.8187919986248016
  episode_reward_min: -2.0
  episodes_this_iter: 67
  episodes_total: 2568
  experiment_id: a558f9980ab944b592bcf75981dad115
  hostname: atl1-1-01-002-8-0.pace.gatech.edu
  info:
    learner:
      default_policy:
        learner_stats:
          allreduce_latency: 0.0
          cur_kl_coeff: 1.5187499999999998
          cur_lr: 4.999999999999999e-05
          entropy: 2.3130222935425606
          entropy_coeff: 0.0
          kl: 0.013252128160705692
          policy_loss: -0.124672768539504
          total_loss: 0.07302393470155566
          vf_explained_var: 0.3543194830417633
          vf_loss: 0.1775700293089214
    num_agent_steps_sampled: 520289
    num_steps_sampled: 520289
    num_steps_trained: 520289
  iterations_since_restore: 69
  node_ip: 0.0.0.0
  num_healthy_workers: 14
  off_policy_estimator: {}
  perf:
    cpu_util_percent: 16.58
    ram_util_percent: 18.860000000000003
  pid: 796970
  policy_reward_max: {}
  policy_reward_mean: {}
  policy_reward_min: {}
  sampler_perf:
    mean_action_processing_ms: 0.09300675098421682
    mean_env_render_ms: 0.0
    mean_env_wait_ms: 17.097376532837053
    mean_inference_ms: 1.4926594127802146
    mean_raw_obs_processing_ms: 0.2822493847121838
  time_since_restore: 1212.2933781147003
  time_this_iter_s: 10.145790576934814
  time_total_s: 1212.2933781147003
  timers:
    learn_throughput: 774.695
    learn_time_ms: 6312.031
    sample_throughput: 1196.065
    sample_time_ms: 4088.324
    update_time_ms: 3.64
  timestamp: 1774909391
  timesteps_since_restore: 0
  timesteps_total: 520289
  training_iteration: 69
  trial_id: 226c6_00000
  
== Status ==
Memory usage on this node: 35.3/187.0 GiB
Using FIFO scheduling algorithm.
Resources requested: 15.0/40 CPUs, 1.0/1 GPUs, 0.0/109.46 GiB heap, 0.0/50.9 GiB objects (0.0/1.0 accelerator_type:V100)
Result logdir: /storage/ice1/4/7/acheng324/soccer-twos-starter/ray_results/PPO_curriculum
Number of trials: 1/1 (1 RUNNING)
+------------------------+----------+----------------+--------+------------------+--------+----------+----------------------+----------------------+--------------------+
| Trial name             | status   | loc            |   iter |   total time (s) |     ts |   reward |   episode_reward_max |   episode_reward_min |   episode_len_mean |
|------------------------+----------+----------------+--------+------------------+--------+----------+----------------------+----------------------+--------------------|
| PPO_Soccer_226c6_00000 | RUNNING  | 0.0.0.0:796970 |     69 |          1212.29 | 520289 |  1.81879 |               1.9652 |                   -2 |              71.15 |
+------------------------+----------+----------------+--------+------------------+--------+----------+----------------------+----------------------+--------------------+


Result for PPO_Soccer_226c6_00000:
  agent_timesteps_total: 524857
  custom_metrics: {}
  date: 2026-03-30_18-23-21
  done: false
  episode_len_mean: 68.58
  episode_media: {}
  episode_reward_max: 1.9767999649047852
  episode_reward_mean: 1.8631999969482422
  episode_reward_min: 1.3315999507904053
  episodes_this_iter: 70
  episodes_total: 2638
  experiment_id: a558f9980ab944b592bcf75981dad115
  hostname: atl1-1-01-002-8-0.pace.gatech.edu
  info:
    learner:
      default_policy:
        learner_stats:
          allreduce_latency: 0.0
          cur_kl_coeff: 1.5187499999999998
          cur_lr: 4.9999999999999996e-05
          entropy: 2.2669167121251426
          entropy_coeff: 0.0
          kl: 0.013891497963211603
          policy_loss: -0.13659396291606957
          total_loss: 0.012469731504097581
          vf_explained_var: 0.39425790309906006
          vf_loss: 0.1279659861077865
    num_agent_steps_sampled: 524857
    num_steps_sampled: 524857
    num_steps_trained: 524857
  iterations_since_restore: 70
  node_ip: 0.0.0.0
  num_healthy_workers: 14
  off_policy_estimator: {}
  perf:
    cpu_util_percent: 16.669230769230772
    ram_util_percent: 18.900000000000002
  pid: 796970
  policy_reward_max: {}
  policy_reward_mean: {}
  policy_reward_min: {}
  sampler_perf:
    mean_action_processing_ms: 0.09301567072159883
    mean_env_render_ms: 0.0
    mean_env_wait_ms: 17.119161824196198
    mean_inference_ms: 1.4938562645082165
    mean_raw_obs_processing_ms: 0.2841881330149693
  time_since_restore: 1221.5207262039185
  time_this_iter_s: 9.22734808921814
  time_total_s: 1221.5207262039185
  timers:
    learn_throughput: 774.496
    learn_time_ms: 6166.463
    sample_throughput: 1180.01
    sample_time_ms: 4047.339
    update_time_ms: 3.64
  timestamp: 1774909401
  timesteps_since_restore: 0
  timesteps_total: 524857
  training_iteration: 70
  trial_id: 226c6_00000
  
== Status ==
Memory usage on this node: 35.3/187.0 GiB
Using FIFO scheduling algorithm.
Resources requested: 15.0/40 CPUs, 1.0/1 GPUs, 0.0/109.46 GiB heap, 0.0/50.9 GiB objects (0.0/1.0 accelerator_type:V100)
Result logdir: /storage/ice1/4/7/acheng324/soccer-twos-starter/ray_results/PPO_curriculum
Number of trials: 1/1 (1 RUNNING)
+------------------------+----------+----------------+--------+------------------+--------+----------+----------------------+----------------------+--------------------+
| Trial name             | status   | loc            |   iter |   total time (s) |     ts |   reward |   episode_reward_max |   episode_reward_min |   episode_len_mean |
|------------------------+----------+----------------+--------+------------------+--------+----------+----------------------+----------------------+--------------------|
| PPO_Soccer_226c6_00000 | RUNNING  | 0.0.0.0:796970 |     70 |          1221.52 | 524857 |   1.8632 |               1.9768 |               1.3316 |              68.58 |
+------------------------+----------+----------------+--------+------------------+--------+----------+----------------------+----------------------+--------------------+


Result for PPO_Soccer_226c6_00000:
  agent_timesteps_total: 529423
  custom_metrics: {}
  date: 2026-03-30_18-23-31
  done: false
  episode_len_mean: 66.77
  episode_media: {}
  episode_reward_max: 1.9767999649047852
  episode_reward_mean: 1.8294119954109191
  episode_reward_min: -2.0
  episodes_this_iter: 69
  episodes_total: 2707
  experiment_id: a558f9980ab944b592bcf75981dad115
  hostname: atl1-1-01-002-8-0.pace.gatech.edu
  info:
    learner:
      default_policy:
        learner_stats:
          allreduce_latency: 0.0
          cur_kl_coeff: 1.5187499999999998
          cur_lr: 4.9999999999999996e-05
          entropy: 2.2967584133148193
          entropy_coeff: 0.0
          kl: 0.013412965202911032
          policy_loss: -0.12448840707333551
          total_loss: 0.06899880095281535
          vf_explained_var: 0.4924778938293457
          vf_loss: 0.1731162696248955
    num_agent_steps_sampled: 529423
    num_steps_sampled: 529423
    num_steps_trained: 529423
  iterations_since_restore: 71
  node_ip: 0.0.0.0
  num_healthy_workers: 14
  off_policy_estimator: {}
  perf:
    cpu_util_percent: 17.13571428571429
    ram_util_percent: 18.900000000000002
  pid: 796970
  policy_reward_max: {}
  policy_reward_mean: {}
  policy_reward_min: {}
  sampler_perf:
    mean_action_processing_ms: 0.09286941416449508
    mean_env_render_ms: 0.0
    mean_env_wait_ms: 17.135543446329777
    mean_inference_ms: 1.4944162288324248
    mean_raw_obs_processing_ms: 0.2847470169782694
  time_since_restore: 1231.3445410728455
  time_this_iter_s: 9.823814868927002
  time_total_s: 1231.3445410728455
  timers:
    learn_throughput: 775.285
    learn_time_ms: 6115.686
    sample_throughput: 1177.132
    sample_time_ms: 4027.925
    update_time_ms: 3.635
  timestamp: 1774909411
  timesteps_since_restore: 0
  timesteps_total: 529423
  training_iteration: 71
  trial_id: 226c6_00000
  
== Status ==
Memory usage on this node: 35.4/187.0 GiB
Using FIFO scheduling algorithm.
Resources requested: 15.0/40 CPUs, 1.0/1 GPUs, 0.0/109.46 GiB heap, 0.0/50.9 GiB objects (0.0/1.0 accelerator_type:V100)
Result logdir: /storage/ice1/4/7/acheng324/soccer-twos-starter/ray_results/PPO_curriculum
Number of trials: 1/1 (1 RUNNING)
+------------------------+----------+----------------+--------+------------------+--------+----------+----------------------+----------------------+--------------------+
| Trial name             | status   | loc            |   iter |   total time (s) |     ts |   reward |   episode_reward_max |   episode_reward_min |   episode_len_mean |
|------------------------+----------+----------------+--------+------------------+--------+----------+----------------------+----------------------+--------------------|
| PPO_Soccer_226c6_00000 | RUNNING  | 0.0.0.0:796970 |     71 |          1231.34 | 529423 |  1.82941 |               1.9768 |                   -2 |              66.77 |
+------------------------+----------+----------------+--------+------------------+--------+----------+----------------------+----------------------+--------------------+


Result for PPO_Soccer_226c6_00000:
  agent_timesteps_total: 535296
  custom_metrics: {}
  date: 2026-03-30_18-23-53
  done: false
  episode_len_mean: 80.89
  episode_media: {}
  episode_reward_max: 1.9651999473571777
  episode_reward_mean: 1.8386999994516373
  episode_reward_min: 0.0
  episodes_this_iter: 67
  episodes_total: 2774
  experiment_id: a558f9980ab944b592bcf75981dad115
  hostname: atl1-1-01-002-8-0.pace.gatech.edu
  info:
    learner:
      default_policy:
        learner_stats:
          allreduce_latency: 0.0
          cur_kl_coeff: 1.51875
          cur_lr: 5.0000000000000016e-05
          entropy: 2.2938751293265303
          entropy_coeff: 0.0
          kl: 0.015722289418234774
          policy_loss: -0.13132473745423814
          total_loss: 0.08751306780006575
          vf_explained_var: 0.5268309712409973
          vf_loss: 0.19495957863071692
    num_agent_steps_sampled: 535296
    num_steps_sampled: 535296
    num_steps_trained: 535296
  iterations_since_restore: 72
  node_ip: 0.0.0.0
  num_healthy_workers: 14
  off_policy_estimator: {}
  perf:
    cpu_util_percent: 12.990322580645163
    ram_util_percent: 19.20645161290323
  pid: 796970
  policy_reward_max: {}
  policy_reward_mean: {}
  policy_reward_min: {}
  sampler_perf:
    mean_action_processing_ms: 0.09292298253016008
    mean_env_render_ms: 0.0
    mean_env_wait_ms: 17.141537622396115
    mean_inference_ms: 1.494100450787021
    mean_raw_obs_processing_ms: 0.28591561968860235
  time_since_restore: 1253.315559387207
  time_this_iter_s: 21.971018314361572
  time_total_s: 1253.315559387207
  timers:
    learn_throughput: 777.124
    learn_time_ms: 6177.909
    sample_throughput: 1052.637
    sample_time_ms: 4560.928
    update_time_ms: 3.649
  timestamp: 1774909433
  timesteps_since_restore: 0
  timesteps_total: 535296
  training_iteration: 72
  trial_id: 226c6_00000
  
== Status ==
Memory usage on this node: 36.9/187.0 GiB
Using FIFO scheduling algorithm.
Resources requested: 15.0/40 CPUs, 1.0/1 GPUs, 0.0/109.46 GiB heap, 0.0/50.9 GiB objects (0.0/1.0 accelerator_type:V100)
Result logdir: /storage/ice1/4/7/acheng324/soccer-twos-starter/ray_results/PPO_curriculum
Number of trials: 1/1 (1 RUNNING)
+------------------------+----------+----------------+--------+------------------+--------+----------+----------------------+----------------------+--------------------+
| Trial name             | status   | loc            |   iter |   total time (s) |     ts |   reward |   episode_reward_max |   episode_reward_min |   episode_len_mean |
|------------------------+----------+----------------+--------+------------------+--------+----------+----------------------+----------------------+--------------------|
| PPO_Soccer_226c6_00000 | RUNNING  | 0.0.0.0:796970 |     72 |          1253.32 | 535296 |   1.8387 |               1.9652 |                    0 |              80.89 |
+------------------------+----------+----------------+--------+------------------+--------+----------+----------------------+----------------------+--------------------+


Result for PPO_Soccer_226c6_00000:
  agent_timesteps_total: 540505
  custom_metrics: {}
  date: 2026-03-30_18-24-03
  done: false
  episode_len_mean: 72.99
  episode_media: {}
  episode_reward_max: 1.972000002861023
  episode_reward_mean: 1.85439599737525
  episode_reward_min: 0.23360000550746918
  episodes_this_iter: 68
  episodes_total: 2842
  experiment_id: a558f9980ab944b592bcf75981dad115
  hostname: atl1-1-01-002-8-0.pace.gatech.edu
  info:
    learner:
      default_policy:
        learner_stats:
          allreduce_latency: 0.0
          cur_kl_coeff: 1.5187500000000003
          cur_lr: 5.0e-05
          entropy: 2.2937541066146476
          entropy_coeff: 0.0
          kl: 0.015645750980006486
          policy_loss: -0.13281095273247578
          total_loss: 0.06898669641828392
          vf_explained_var: 0.5094507336616516
          vf_loss: 0.17803566848359456
    num_agent_steps_sampled: 540505
    num_steps_sampled: 540505
    num_steps_trained: 540505
  iterations_since_restore: 73
  node_ip: 0.0.0.0
  num_healthy_workers: 14
  off_policy_estimator: {}
  perf:
    cpu_util_percent: 15.593333333333334
    ram_util_percent: 19.220000000000002
  pid: 796970
  policy_reward_max: {}
  policy_reward_mean: {}
  policy_reward_min: {}
  sampler_perf:
    mean_action_processing_ms: 0.09317685347189794
    mean_env_render_ms: 0.0
    mean_env_wait_ms: 17.175316677562016
    mean_inference_ms: 1.495901450024884
    mean_raw_obs_processing_ms: 0.287629276965357
  time_since_restore: 1263.4619317054749
  time_this_iter_s: 10.146372318267822
  time_total_s: 1263.4619317054749
  timers:
    learn_throughput: 780.162
    learn_time_ms: 6156.415
    sample_throughput: 1053.761
    sample_time_ms: 4557.959
    update_time_ms: 2.847
  timestamp: 1774909443
  timesteps_since_restore: 0
  timesteps_total: 540505
  training_iteration: 73
  trial_id: 226c6_00000
  
== Status ==
Memory usage on this node: 35.5/187.0 GiB
Using FIFO scheduling algorithm.
Resources requested: 15.0/40 CPUs, 1.0/1 GPUs, 0.0/109.46 GiB heap, 0.0/50.9 GiB objects (0.0/1.0 accelerator_type:V100)
Result logdir: /storage/ice1/4/7/acheng324/soccer-twos-starter/ray_results/PPO_curriculum
Number of trials: 1/1 (1 RUNNING)
+------------------------+----------+----------------+--------+------------------+--------+----------+----------------------+----------------------+--------------------+
| Trial name             | status   | loc            |   iter |   total time (s) |     ts |   reward |   episode_reward_max |   episode_reward_min |   episode_len_mean |
|------------------------+----------+----------------+--------+------------------+--------+----------+----------------------+----------------------+--------------------|
| PPO_Soccer_226c6_00000 | RUNNING  | 0.0.0.0:796970 |     73 |          1263.46 | 540505 |   1.8544 |                1.972 |               0.2336 |              72.99 |
+------------------------+----------+----------------+--------+------------------+--------+----------+----------------------+----------------------+--------------------+


Result for PPO_Soccer_226c6_00000:
  agent_timesteps_total: 545690
  custom_metrics: {}
  date: 2026-03-30_18-24-13
  done: false
  episode_len_mean: 73.5
  episode_media: {}
  episode_reward_max: 1.9931999444961548
  episode_reward_mean: 1.8534120044857263
  episode_reward_min: 0.09640000015497208
  episodes_this_iter: 68
  episodes_total: 2910
  experiment_id: a558f9980ab944b592bcf75981dad115
  hostname: atl1-1-01-002-8-0.pace.gatech.edu
  info:
    learner:
      default_policy:
        learner_stats:
          allreduce_latency: 0.0
          cur_kl_coeff: 1.5187500000000003
          cur_lr: 5.0e-05
          entropy: 2.2614366950058358
          entropy_coeff: 0.0
          kl: 0.01671133790074325
          policy_loss: -0.12977240043805865
          total_loss: 0.0693343130917084
          vf_explained_var: 0.5419182181358337
          vf_loss: 0.1737263740562811
    num_agent_steps_sampled: 545690
    num_steps_sampled: 545690
    num_steps_trained: 545690
  iterations_since_restore: 74
  node_ip: 0.0.0.0
  num_healthy_workers: 14
  off_policy_estimator: {}
  perf:
    cpu_util_percent: 16.185714285714283
    ram_util_percent: 19.0
  pid: 796970
  policy_reward_max: {}
  policy_reward_mean: {}
  policy_reward_min: {}
  sampler_perf:
    mean_action_processing_ms: 0.09325589546759015
    mean_env_render_ms: 0.0
    mean_env_wait_ms: 17.182144869953728
    mean_inference_ms: 1.4968051640179902
    mean_raw_obs_processing_ms: 0.28850785058248685
  time_since_restore: 1273.597216129303
  time_this_iter_s: 10.135284423828125
  time_total_s: 1273.597216129303
  timers:
    learn_throughput: 779.867
    learn_time_ms: 6203.88
    sample_throughput: 1046.968
    sample_time_ms: 4621.154
    update_time_ms: 2.853
  timestamp: 1774909453
  timesteps_since_restore: 0
  timesteps_total: 545690
  training_iteration: 74
  trial_id: 226c6_00000
  
== Status ==
Memory usage on this node: 35.4/187.0 GiB
Using FIFO scheduling algorithm.
Resources requested: 15.0/40 CPUs, 1.0/1 GPUs, 0.0/109.46 GiB heap, 0.0/50.9 GiB objects (0.0/1.0 accelerator_type:V100)
Result logdir: /storage/ice1/4/7/acheng324/soccer-twos-starter/ray_results/PPO_curriculum
Number of trials: 1/1 (1 RUNNING)
+------------------------+----------+----------------+--------+------------------+--------+----------+----------------------+----------------------+--------------------+
| Trial name             | status   | loc            |   iter |   total time (s) |     ts |   reward |   episode_reward_max |   episode_reward_min |   episode_len_mean |
|------------------------+----------+----------------+--------+------------------+--------+----------+----------------------+----------------------+--------------------|
| PPO_Soccer_226c6_00000 | RUNNING  | 0.0.0.0:796970 |     74 |           1273.6 | 545690 |  1.85341 |               1.9932 |               0.0964 |               73.5 |
+------------------------+----------+----------------+--------+------------------+--------+----------+----------------------+----------------------+--------------------+


Result for PPO_Soccer_226c6_00000:
  agent_timesteps_total: 550366
  custom_metrics: {}
  date: 2026-03-30_18-24-22
  done: false
  episode_len_mean: 69.41
  episode_media: {}
  episode_reward_max: 1.9767999649047852
  episode_reward_mean: 1.8616800010204315
  episode_reward_min: 1.531999945640564
  episodes_this_iter: 66
  episodes_total: 2976
  experiment_id: a558f9980ab944b592bcf75981dad115
  hostname: atl1-1-01-002-8-0.pace.gatech.edu
  info:
    learner:
      default_policy:
        learner_stats:
          allreduce_latency: 0.0
          cur_kl_coeff: 1.5187499999999998
          cur_lr: 4.999999999999999e-05
          entropy: 2.2478309966422416
          entropy_coeff: 0.0
          kl: 0.014469056868472614
          policy_loss: -0.13494976852844293
          total_loss: 0.031240470933954458
          vf_explained_var: 0.30417266488075256
          vf_loss: 0.14421536129068685
    num_agent_steps_sampled: 550366
    num_steps_sampled: 550366
    num_steps_trained: 550366
  iterations_since_restore: 75
  node_ip: 0.0.0.0
  num_healthy_workers: 14
  off_policy_estimator: {}
  perf:
    cpu_util_percent: 16.023076923076925
    ram_util_percent: 18.93846153846154
  pid: 796970
  policy_reward_max: {}
  policy_reward_mean: {}
  policy_reward_min: {}
  sampler_perf:
    mean_action_processing_ms: 0.09331416377532839
    mean_env_render_ms: 0.0
    mean_env_wait_ms: 17.193796099629154
    mean_inference_ms: 1.497598396904079
    mean_raw_obs_processing_ms: 0.2890765098496218
  time_since_restore: 1282.8993954658508
  time_this_iter_s: 9.302179336547852
  time_total_s: 1282.8993954658508
  timers:
    learn_throughput: 779.108
    learn_time_ms: 6236.877
    sample_throughput: 1061.754
    sample_time_ms: 4576.579
    update_time_ms: 2.854
  timestamp: 1774909462
  timesteps_since_restore: 0
  timesteps_total: 550366
  training_iteration: 75
  trial_id: 226c6_00000
  
== Status ==
Memory usage on this node: 35.5/187.0 GiB
Using FIFO scheduling algorithm.
Resources requested: 15.0/40 CPUs, 1.0/1 GPUs, 0.0/109.46 GiB heap, 0.0/50.9 GiB objects (0.0/1.0 accelerator_type:V100)
Result logdir: /storage/ice1/4/7/acheng324/soccer-twos-starter/ray_results/PPO_curriculum
Number of trials: 1/1 (1 RUNNING)
+------------------------+----------+----------------+--------+------------------+--------+----------+----------------------+----------------------+--------------------+
| Trial name             | status   | loc            |   iter |   total time (s) |     ts |   reward |   episode_reward_max |   episode_reward_min |   episode_len_mean |
|------------------------+----------+----------------+--------+------------------+--------+----------+----------------------+----------------------+--------------------|
| PPO_Soccer_226c6_00000 | RUNNING  | 0.0.0.0:796970 |     75 |           1282.9 | 550366 |  1.86168 |               1.9768 |                1.532 |              69.41 |
+------------------------+----------+----------------+--------+------------------+--------+----------+----------------------+----------------------+--------------------+


Result for PPO_Soccer_226c6_00000:
  agent_timesteps_total: 555274
  custom_metrics: {}
  date: 2026-03-30_18-24-33
  done: false
  episode_len_mean: 69.0
  episode_media: {}
  episode_reward_max: 1.9767999649047852
  episode_reward_mean: 1.862480001449585
  episode_reward_min: 1.329200029373169
  episodes_this_iter: 69
  episodes_total: 3045
  experiment_id: a558f9980ab944b592bcf75981dad115
  hostname: atl1-1-01-002-8-0.pace.gatech.edu
  info:
    learner:
      default_policy:
        learner_stats:
          allreduce_latency: 0.0
          cur_kl_coeff: 1.5187499999999996
          cur_lr: 4.999999999999999e-05
          entropy: 2.219453750512539
          entropy_coeff: 0.0
          kl: 0.014981938597674552
          policy_loss: -0.13657109076396012
          total_loss: 0.03492037143606024
          vf_explained_var: 0.34186047315597534
          vf_loss: 0.14873764358269861
    num_agent_steps_sampled: 555274
    num_steps_sampled: 555274
    num_steps_trained: 555274
  iterations_since_restore: 76
  node_ip: 0.0.0.0
  num_healthy_workers: 14
  off_policy_estimator: {}
  perf:
    cpu_util_percent: 16.693333333333335
    ram_util_percent: 18.959999999999997
  pid: 796970
  policy_reward_max: {}
  policy_reward_mean: {}
  policy_reward_min: {}
  sampler_perf:
    mean_action_processing_ms: 0.09345120856369533
    mean_env_render_ms: 0.0
    mean_env_wait_ms: 17.2232949702991
    mean_inference_ms: 1.4995324679465012
    mean_raw_obs_processing_ms: 0.29135910257312425
  time_since_restore: 1293.5485579967499
  time_this_iter_s: 10.649162530899048
  time_total_s: 1293.5485579967499
  timers:
    learn_throughput: 778.172
    learn_time_ms: 6301.052
    sample_throughput: 1046.655
    sample_time_ms: 4684.733
    update_time_ms: 2.855
  timestamp: 1774909473
  timesteps_since_restore: 0
  timesteps_total: 555274
  training_iteration: 76
  trial_id: 226c6_00000
  
== Status ==
Memory usage on this node: 35.4/187.0 GiB
Using FIFO scheduling algorithm.
Resources requested: 15.0/40 CPUs, 1.0/1 GPUs, 0.0/109.46 GiB heap, 0.0/50.9 GiB objects (0.0/1.0 accelerator_type:V100)
Result logdir: /storage/ice1/4/7/acheng324/soccer-twos-starter/ray_results/PPO_curriculum
Number of trials: 1/1 (1 RUNNING)
+------------------------+----------+----------------+--------+------------------+--------+----------+----------------------+----------------------+--------------------+
| Trial name             | status   | loc            |   iter |   total time (s) |     ts |   reward |   episode_reward_max |   episode_reward_min |   episode_len_mean |
|------------------------+----------+----------------+--------+------------------+--------+----------+----------------------+----------------------+--------------------|
| PPO_Soccer_226c6_00000 | RUNNING  | 0.0.0.0:796970 |     76 |          1293.55 | 555274 |  1.86248 |               1.9768 |               1.3292 |                 69 |
+------------------------+----------+----------------+--------+------------------+--------+----------+----------------------+----------------------+--------------------+


Result for PPO_Soccer_226c6_00000:
  agent_timesteps_total: 560222
  custom_metrics: {}
  date: 2026-03-30_18-24-42
  done: false
  episode_len_mean: 77.99
  episode_media: {}
  episode_reward_max: 1.9692000150680542
  episode_reward_mean: 1.8444680023193358
  episode_reward_min: 1.329200029373169
  episodes_this_iter: 67
  episodes_total: 3112
  experiment_id: a558f9980ab944b592bcf75981dad115
  hostname: atl1-1-01-002-8-0.pace.gatech.edu
  info:
    learner:
      default_policy:
        learner_stats:
          allreduce_latency: 0.0
          cur_kl_coeff: 1.5187499999999996
          cur_lr: 4.999999999999999e-05
          entropy: 2.214874145312187
          entropy_coeff: 0.0
          kl: 0.015318090239396462
          policy_loss: -0.13801597820547146
          total_loss: 0.042529565640366994
          vf_explained_var: 0.35324645042419434
          vf_loss: 0.15728119684335512
    num_agent_steps_sampled: 560222
    num_steps_sampled: 560222
    num_steps_trained: 560222
  iterations_since_restore: 77
  node_ip: 0.0.0.0
  num_healthy_workers: 14
  off_policy_estimator: {}
  perf:
    cpu_util_percent: 14.12142857142857
    ram_util_percent: 18.978571428571428
  pid: 796970
  policy_reward_max: {}
  policy_reward_mean: {}
  policy_reward_min: {}
  sampler_perf:
    mean_action_processing_ms: 0.09408146127259005
    mean_env_render_ms: 0.0
    mean_env_wait_ms: 17.285783234345782
    mean_inference_ms: 1.5062078353006396
    mean_raw_obs_processing_ms: 0.2940064360322467
  time_since_restore: 1302.9833536148071
  time_this_iter_s: 9.434795618057251
  time_total_s: 1302.9833536148071
  timers:
    learn_throughput: 778.524
    learn_time_ms: 6348.811
    sample_throughput: 1065.359
    sample_time_ms: 4639.467
    update_time_ms: 2.852
  timestamp: 1774909482
  timesteps_since_restore: 0
  timesteps_total: 560222
  training_iteration: 77
  trial_id: 226c6_00000
  
== Status ==
Memory usage on this node: 35.5/187.0 GiB
Using FIFO scheduling algorithm.
Resources requested: 15.0/40 CPUs, 1.0/1 GPUs, 0.0/109.46 GiB heap, 0.0/50.9 GiB objects (0.0/1.0 accelerator_type:V100)
Result logdir: /storage/ice1/4/7/acheng324/soccer-twos-starter/ray_results/PPO_curriculum
Number of trials: 1/1 (1 RUNNING)
+------------------------+----------+----------------+--------+------------------+--------+----------+----------------------+----------------------+--------------------+
| Trial name             | status   | loc            |   iter |   total time (s) |     ts |   reward |   episode_reward_max |   episode_reward_min |   episode_len_mean |
|------------------------+----------+----------------+--------+------------------+--------+----------+----------------------+----------------------+--------------------|
| PPO_Soccer_226c6_00000 | RUNNING  | 0.0.0.0:796970 |     77 |          1302.98 | 560222 |  1.84447 |               1.9692 |               1.3292 |              77.99 |
+------------------------+----------+----------------+--------+------------------+--------+----------+----------------------+----------------------+--------------------+


Result for PPO_Soccer_226c6_00000:
  agent_timesteps_total: 565144
  custom_metrics: {}
  date: 2026-03-30_18-24-56
  done: false
  episode_len_mean: 64.96
  episode_media: {}
  episode_reward_max: 1.969599962234497
  episode_reward_mean: 1.8704879999160766
  episode_reward_min: 1.4708000421524048
  episodes_this_iter: 78
  episodes_total: 3190
  experiment_id: a558f9980ab944b592bcf75981dad115
  hostname: atl1-1-01-002-8-0.pace.gatech.edu
  info:
    learner:
      default_policy:
        learner_stats:
          allreduce_latency: 0.0
          cur_kl_coeff: 1.5187499999999996
          cur_lr: 4.999999999999999e-05
          entropy: 2.198764226375482
          entropy_coeff: 0.0
          kl: 0.013478310038455022
          policy_loss: -0.13541361338530594
          total_loss: 0.015256616883935073
          vf_explained_var: 0.3356359899044037
          vf_loss: 0.13020004733250692
    num_agent_steps_sampled: 565144
    num_steps_sampled: 565144
    num_steps_trained: 565144
  iterations_since_restore: 78
  node_ip: 0.0.0.0
  num_healthy_workers: 14
  off_policy_estimator: {}
  perf:
    cpu_util_percent: 14.285000000000002
    ram_util_percent: 18.225
  pid: 796970
  policy_reward_max: {}
  policy_reward_mean: {}
  policy_reward_min: {}
  sampler_perf:
    mean_action_processing_ms: 0.0937969263688343
    mean_env_render_ms: 0.0
    mean_env_wait_ms: 17.24326217806395
    mean_inference_ms: 1.5002334903234205
    mean_raw_obs_processing_ms: 0.2933635868945908
  time_since_restore: 1316.7361159324646
  time_this_iter_s: 13.75276231765747
  time_total_s: 1316.7361159324646
  timers:
    learn_throughput: 743.972
    learn_time_ms: 6669.338
    sample_throughput: 1044.593
    sample_time_ms: 4749.984
    update_time_ms: 2.851
  timestamp: 1774909496
  timesteps_since_restore: 0
  timesteps_total: 565144
  training_iteration: 78
  trial_id: 226c6_00000
  
== Status ==
Memory usage on this node: 30.5/187.0 GiB
Using FIFO scheduling algorithm.
Resources requested: 15.0/40 CPUs, 1.0/1 GPUs, 0.0/109.46 GiB heap, 0.0/50.9 GiB objects (0.0/1.0 accelerator_type:V100)
Result logdir: /storage/ice1/4/7/acheng324/soccer-twos-starter/ray_results/PPO_curriculum
Number of trials: 1/1 (1 RUNNING)
+------------------------+----------+----------------+--------+------------------+--------+----------+----------------------+----------------------+--------------------+
| Trial name             | status   | loc            |   iter |   total time (s) |     ts |   reward |   episode_reward_max |   episode_reward_min |   episode_len_mean |
|------------------------+----------+----------------+--------+------------------+--------+----------+----------------------+----------------------+--------------------|
| PPO_Soccer_226c6_00000 | RUNNING  | 0.0.0.0:796970 |     78 |          1316.74 | 565144 |  1.87049 |               1.9696 |               1.4708 |              64.96 |
+------------------------+----------+----------------+--------+------------------+--------+----------+----------------------+----------------------+--------------------+


Result for PPO_Soccer_226c6_00000:
  agent_timesteps_total: 570261
  custom_metrics: {}
  date: 2026-03-30_18-25-06
  done: false
  episode_len_mean: 71.64
  episode_media: {}
  episode_reward_max: 1.9687999486923218
  episode_reward_mean: 1.8570999956130982
  episode_reward_min: 1.4163999557495117
  episodes_this_iter: 69
  episodes_total: 3259
  experiment_id: a558f9980ab944b592bcf75981dad115
  hostname: atl1-1-01-002-8-0.pace.gatech.edu
  info:
    learner:
      default_policy:
        learner_stats:
          allreduce_latency: 0.0
          cur_kl_coeff: 1.5187500000000003
          cur_lr: 5.0e-05
          entropy: 2.1755041003227236
          entropy_coeff: 0.0
          kl: 0.014564445964060724
          policy_loss: -0.13606528914533556
          total_loss: 0.0520879362244159
          vf_explained_var: 0.3346310555934906
          vf_loss: 0.16603347584605216
    num_agent_steps_sampled: 570261
    num_steps_sampled: 570261
    num_steps_trained: 570261
  iterations_since_restore: 79
  node_ip: 0.0.0.0
  num_healthy_workers: 14
  off_policy_estimator: {}
  perf:
    cpu_util_percent: 16.37857142857143
    ram_util_percent: 16.300000000000004
  pid: 796970
  policy_reward_max: {}
  policy_reward_mean: {}
  policy_reward_min: {}
  sampler_perf:
    mean_action_processing_ms: 0.09347530473385703
    mean_env_render_ms: 0.0
    mean_env_wait_ms: 17.231867219322435
    mean_inference_ms: 1.4975523721928437
    mean_raw_obs_processing_ms: 0.29404313124846765
  time_since_restore: 1327.0642566680908
  time_this_iter_s: 10.32814073562622
  time_total_s: 1327.0642566680908
  timers:
    learn_throughput: 746.083
    learn_time_ms: 6697.914
    sample_throughput: 1054.369
    sample_time_ms: 4739.516
    update_time_ms: 2.851
  timestamp: 1774909506
  timesteps_since_restore: 0
  timesteps_total: 570261
  training_iteration: 79
  trial_id: 226c6_00000
  
== Status ==
Memory usage on this node: 30.5/187.0 GiB
Using FIFO scheduling algorithm.
Resources requested: 15.0/40 CPUs, 1.0/1 GPUs, 0.0/109.46 GiB heap, 0.0/50.9 GiB objects (0.0/1.0 accelerator_type:V100)
Result logdir: /storage/ice1/4/7/acheng324/soccer-twos-starter/ray_results/PPO_curriculum
Number of trials: 1/1 (1 RUNNING)
+------------------------+----------+----------------+--------+------------------+--------+----------+----------------------+----------------------+--------------------+
| Trial name             | status   | loc            |   iter |   total time (s) |     ts |   reward |   episode_reward_max |   episode_reward_min |   episode_len_mean |
|------------------------+----------+----------------+--------+------------------+--------+----------+----------------------+----------------------+--------------------|
| PPO_Soccer_226c6_00000 | RUNNING  | 0.0.0.0:796970 |     79 |          1327.06 | 570261 |   1.8571 |               1.9688 |               1.4164 |              71.64 |
+------------------------+----------+----------------+--------+------------------+--------+----------+----------------------+----------------------+--------------------+


Result for PPO_Soccer_226c6_00000:
  agent_timesteps_total: 575256
  custom_metrics: {}
  date: 2026-03-30_18-25-17
  done: false
  episode_len_mean: 65.66
  episode_media: {}
  episode_reward_max: 1.9764000177383423
  episode_reward_mean: 1.869072003364563
  episode_reward_min: 1.511199951171875
  episodes_this_iter: 78
  episodes_total: 3337
  experiment_id: a558f9980ab944b592bcf75981dad115
  hostname: atl1-1-01-002-8-0.pace.gatech.edu
  info:
    learner:
      default_policy:
        learner_stats:
          allreduce_latency: 0.0
          cur_kl_coeff: 1.5187500000000003
          cur_lr: 5.0e-05
          entropy: 2.175310355424881
          entropy_coeff: 0.0
          kl: 0.015854738047346474
          policy_loss: -0.15154389115050435
          total_loss: 0.03513140804134309
          vf_explained_var: 0.36814525723457336
          vf_loss: 0.1625959137454629
    num_agent_steps_sampled: 575256
    num_steps_sampled: 575256
    num_steps_trained: 575256
  iterations_since_restore: 80
  node_ip: 0.0.0.0
  num_healthy_workers: 14
  off_policy_estimator: {}
  perf:
    cpu_util_percent: 15.633333333333331
    ram_util_percent: 16.300000000000004
  pid: 796970
  policy_reward_max: {}
  policy_reward_mean: {}
  policy_reward_min: {}
  sampler_perf:
    mean_action_processing_ms: 0.09406242466328947
    mean_env_render_ms: 0.0
    mean_env_wait_ms: 17.30826096378752
    mean_inference_ms: 1.5039179330363721
    mean_raw_obs_processing_ms: 0.2963964867062135
  time_since_restore: 1337.3541917800903
  time_this_iter_s: 10.289935111999512
  time_total_s: 1337.3541917800903
  timers:
    learn_throughput: 744.706
    learn_time_ms: 6767.641
    sample_throughput: 1055.322
    sample_time_ms: 4775.7
    update_time_ms: 2.852
  timestamp: 1774909517
  timesteps_since_restore: 0
  timesteps_total: 575256
  training_iteration: 80
  trial_id: 226c6_00000
  
== Status ==
Memory usage on this node: 30.5/187.0 GiB
Using FIFO scheduling algorithm.
Resources requested: 15.0/40 CPUs, 1.0/1 GPUs, 0.0/109.46 GiB heap, 0.0/50.9 GiB objects (0.0/1.0 accelerator_type:V100)
Result logdir: /storage/ice1/4/7/acheng324/soccer-twos-starter/ray_results/PPO_curriculum
Number of trials: 1/1 (1 RUNNING)
+------------------------+----------+----------------+--------+------------------+--------+----------+----------------------+----------------------+--------------------+
| Trial name             | status   | loc            |   iter |   total time (s) |     ts |   reward |   episode_reward_max |   episode_reward_min |   episode_len_mean |
|------------------------+----------+----------------+--------+------------------+--------+----------+----------------------+----------------------+--------------------|
| PPO_Soccer_226c6_00000 | RUNNING  | 0.0.0.0:796970 |     80 |          1337.35 | 575256 |  1.86907 |               1.9764 |               1.5112 |              65.66 |
+------------------------+----------+----------------+--------+------------------+--------+----------+----------------------+----------------------+--------------------+


Result for PPO_Soccer_226c6_00000:
  agent_timesteps_total: 579806
  custom_metrics: {}
  date: 2026-03-30_18-25-26
  done: false
  episode_len_mean: 64.06
  episode_media: {}
  episode_reward_max: 1.9752000570297241
  episode_reward_mean: 1.8723119986057282
  episode_reward_min: 1.454800009727478
  episodes_this_iter: 70
  episodes_total: 3407
  experiment_id: a558f9980ab944b592bcf75981dad115
  hostname: atl1-1-01-002-8-0.pace.gatech.edu
  info:
    learner:
      default_policy:
        learner_stats:
          allreduce_latency: 0.0
          cur_kl_coeff: 1.5187499999999998
          cur_lr: 4.9999999999999996e-05
          entropy: 2.1458119551340737
          entropy_coeff: 0.0
          kl: 0.014117627508110471
          policy_loss: -0.13060735880086818
          total_loss: 0.029098909969131153
          vf_explained_var: 0.29511603713035583
          vf_loss: 0.13826512338386643
    num_agent_steps_sampled: 579806
    num_steps_sampled: 579806
    num_steps_trained: 579806
  iterations_since_restore: 81
  node_ip: 0.0.0.0
  num_healthy_workers: 14
  off_policy_estimator: {}
  perf:
    cpu_util_percent: 15.984615384615388
    ram_util_percent: 16.300000000000004
  pid: 796970
  policy_reward_max: {}
  policy_reward_mean: {}
  policy_reward_min: {}
  sampler_perf:
    mean_action_processing_ms: 0.09378191572499504
    mean_env_render_ms: 0.0
    mean_env_wait_ms: 17.278722684087114
    mean_inference_ms: 1.501020970312129
    mean_raw_obs_processing_ms: 0.29767302486695224
  time_since_restore: 1346.614800453186
  time_this_iter_s: 9.260608673095703
  time_total_s: 1346.614800453186
  timers:
    learn_throughput: 744.354
    learn_time_ms: 6768.692
    sample_throughput: 1067.858
    sample_time_ms: 4718.136
    update_time_ms: 2.85
  timestamp: 1774909526
  timesteps_since_restore: 0
  timesteps_total: 579806
  training_iteration: 81
  trial_id: 226c6_00000
  
== Status ==
Memory usage on this node: 30.3/187.0 GiB
Using FIFO scheduling algorithm.
Resources requested: 15.0/40 CPUs, 1.0/1 GPUs, 0.0/109.46 GiB heap, 0.0/50.9 GiB objects (0.0/1.0 accelerator_type:V100)
Result logdir: /storage/ice1/4/7/acheng324/soccer-twos-starter/ray_results/PPO_curriculum
Number of trials: 1/1 (1 RUNNING)
+------------------------+----------+----------------+--------+------------------+--------+----------+----------------------+----------------------+--------------------+
| Trial name             | status   | loc            |   iter |   total time (s) |     ts |   reward |   episode_reward_max |   episode_reward_min |   episode_len_mean |
|------------------------+----------+----------------+--------+------------------+--------+----------+----------------------+----------------------+--------------------|
| PPO_Soccer_226c6_00000 | RUNNING  | 0.0.0.0:796970 |     81 |          1346.61 | 579806 |  1.87231 |               1.9752 |               1.4548 |              64.06 |
+------------------------+----------+----------------+--------+------------------+--------+----------+----------------------+----------------------+--------------------+


Result for PPO_Soccer_226c6_00000:
  agent_timesteps_total: 584112
  custom_metrics: {}
  date: 2026-03-30_18-25-35
  done: false
  episode_len_mean: 60.59
  episode_media: {}
  episode_reward_max: 1.9703999757766724
  episode_reward_mean: 1.8791639971733094
  episode_reward_min: 1.454800009727478
  episodes_this_iter: 76
  episodes_total: 3483
  experiment_id: a558f9980ab944b592bcf75981dad115
  hostname: atl1-1-01-002-8-0.pace.gatech.edu
  info:
    learner:
      default_policy:
        learner_stats:
          allreduce_latency: 0.0
          cur_kl_coeff: 1.51875
          cur_lr: 4.9999999999999996e-05
          entropy: 2.1435065620085774
          entropy_coeff: 0.0
          kl: 0.014396538492292166
          policy_loss: -0.13203138321199837
          total_loss: 0.02427878693732269
          vf_explained_var: 0.2958144545555115
          vf_loss: 0.1344454279717277
    num_agent_steps_sampled: 584112
    num_steps_sampled: 584112
    num_steps_trained: 584112
  iterations_since_restore: 82
  node_ip: 0.0.0.0
  num_healthy_workers: 14
  off_policy_estimator: {}
  perf:
    cpu_util_percent: 17.508333333333333
    ram_util_percent: 16.233333333333338
  pid: 796970
  policy_reward_max: {}
  policy_reward_mean: {}
  policy_reward_min: {}
  sampler_perf:
    mean_action_processing_ms: 0.09400762167978742
    mean_env_render_ms: 0.0
    mean_env_wait_ms: 17.29574969387543
    mean_inference_ms: 1.5025434010137866
    mean_raw_obs_processing_ms: 0.29972410922331605
  time_since_restore: 1355.1093146800995
  time_this_iter_s: 8.494514226913452
  time_total_s: 1355.1093146800995
  timers:
    learn_throughput: 742.842
    learn_time_ms: 6571.518
    sample_throughput: 1368.259
    sample_time_ms: 3567.746
    update_time_ms: 2.834
  timestamp: 1774909535
  timesteps_since_restore: 0
  timesteps_total: 584112
  training_iteration: 82
  trial_id: 226c6_00000
  
== Status ==
Memory usage on this node: 30.4/187.0 GiB
Using FIFO scheduling algorithm.
Resources requested: 15.0/40 CPUs, 1.0/1 GPUs, 0.0/109.46 GiB heap, 0.0/50.9 GiB objects (0.0/1.0 accelerator_type:V100)
Result logdir: /storage/ice1/4/7/acheng324/soccer-twos-starter/ray_results/PPO_curriculum
Number of trials: 1/1 (1 RUNNING)
+------------------------+----------+----------------+--------+------------------+--------+----------+----------------------+----------------------+--------------------+
| Trial name             | status   | loc            |   iter |   total time (s) |     ts |   reward |   episode_reward_max |   episode_reward_min |   episode_len_mean |
|------------------------+----------+----------------+--------+------------------+--------+----------+----------------------+----------------------+--------------------|
| PPO_Soccer_226c6_00000 | RUNNING  | 0.0.0.0:796970 |     82 |          1355.11 | 584112 |  1.87916 |               1.9704 |               1.4548 |              60.59 |
+------------------------+----------+----------------+--------+------------------+--------+----------+----------------------+----------------------+--------------------+


Result for PPO_Soccer_226c6_00000:
  agent_timesteps_total: 588684
  custom_metrics: {}
  date: 2026-03-30_18-25-44
  done: false
  episode_len_mean: 57.98
  episode_media: {}
  episode_reward_max: 1.9708000421524048
  episode_reward_mean: 1.8844040036201477
  episode_reward_min: 1.509600043296814
  episodes_this_iter: 78
  episodes_total: 3561
  experiment_id: a558f9980ab944b592bcf75981dad115
  hostname: atl1-1-01-002-8-0.pace.gatech.edu
  info:
    learner:
      default_policy:
        learner_stats:
          allreduce_latency: 0.0
          cur_kl_coeff: 1.5187499999999998
          cur_lr: 4.9999999999999996e-05
          entropy: 2.1454216970337763
          entropy_coeff: 0.0
          kl: 0.013775456696748734
          policy_loss: -0.13709594630118874
          total_loss: 0.011201928680141767
          vf_explained_var: 0.35399121046066284
          vf_loss: 0.12737640138301584
    num_agent_steps_sampled: 588684
    num_steps_sampled: 588684
    num_steps_trained: 588684
  iterations_since_restore: 83
  node_ip: 0.0.0.0
  num_healthy_workers: 14
  off_policy_estimator: {}
  perf:
    cpu_util_percent: 18.214285714285715
    ram_util_percent: 16.507142857142853
  pid: 796970
  policy_reward_max: {}
  policy_reward_mean: {}
  policy_reward_min: {}
  sampler_perf:
    mean_action_processing_ms: 0.09438020244180806
    mean_env_render_ms: 0.0
    mean_env_wait_ms: 17.344733966110578
    mean_inference_ms: 1.5074386598332032
    mean_raw_obs_processing_ms: 0.30134560786305775
  time_since_restore: 1364.9014384746552
  time_this_iter_s: 9.792123794555664
  time_total_s: 1364.9014384746552
  timers:
    learn_throughput: 742.265
    learn_time_ms: 6490.805
    sample_throughput: 1333.123
    sample_time_ms: 3613.994
    update_time_ms: 2.831
  timestamp: 1774909544
  timesteps_since_restore: 0
  timesteps_total: 588684
  training_iteration: 83
  trial_id: 226c6_00000
  
== Status ==
Memory usage on this node: 31.2/187.0 GiB
Using FIFO scheduling algorithm.
Resources requested: 15.0/40 CPUs, 1.0/1 GPUs, 0.0/109.46 GiB heap, 0.0/50.9 GiB objects (0.0/1.0 accelerator_type:V100)
Result logdir: /storage/ice1/4/7/acheng324/soccer-twos-starter/ray_results/PPO_curriculum
Number of trials: 1/1 (1 RUNNING)
+------------------------+----------+----------------+--------+------------------+--------+----------+----------------------+----------------------+--------------------+
| Trial name             | status   | loc            |   iter |   total time (s) |     ts |   reward |   episode_reward_max |   episode_reward_min |   episode_len_mean |
|------------------------+----------+----------------+--------+------------------+--------+----------+----------------------+----------------------+--------------------|
| PPO_Soccer_226c6_00000 | RUNNING  | 0.0.0.0:796970 |     83 |           1364.9 | 588684 |   1.8844 |               1.9708 |               1.5096 |              57.98 |
+------------------------+----------+----------------+--------+------------------+--------+----------+----------------------+----------------------+--------------------+


Result for PPO_Soccer_226c6_00000:
  agent_timesteps_total: 593359
  custom_metrics: {}
  date: 2026-03-30_18-25-54
  done: false
  episode_len_mean: 61.49
  episode_media: {}
  episode_reward_max: 1.975600004196167
  episode_reward_mean: 1.87743599653244
  episode_reward_min: 1.4764000177383423
  episodes_this_iter: 75
  episodes_total: 3636
  experiment_id: a558f9980ab944b592bcf75981dad115
  hostname: atl1-1-01-002-8-0.pace.gatech.edu
  info:
    learner:
      default_policy:
        learner_stats:
          allreduce_latency: 0.0
          cur_kl_coeff: 1.5187499999999998
          cur_lr: 4.999999999999999e-05
          entropy: 2.136681611473496
          entropy_coeff: 0.0
          kl: 0.01458876209987982
          policy_loss: -0.13762472081627394
          total_loss: 0.015909683299125045
          vf_explained_var: 0.3946349024772644
          vf_loss: 0.13137772115501198
    num_agent_steps_sampled: 593359
    num_steps_sampled: 593359
    num_steps_trained: 593359
  iterations_since_restore: 84
  node_ip: 0.0.0.0
  num_healthy_workers: 14
  off_policy_estimator: {}
  perf:
    cpu_util_percent: 17.95714285714286
    ram_util_percent: 16.699999999999996
  pid: 796970
  policy_reward_max: {}
  policy_reward_mean: {}
  policy_reward_min: {}
  sampler_perf:
    mean_action_processing_ms: 0.09394946366978435
    mean_env_render_ms: 0.0
    mean_env_wait_ms: 17.315458070145205
    mean_inference_ms: 1.502113443780601
    mean_raw_obs_processing_ms: 0.30148671959992784
  time_since_restore: 1374.141261100769
  time_this_iter_s: 9.239822626113892
  time_total_s: 1374.141261100769
  timers:
    learn_throughput: 741.97
    learn_time_ms: 6424.655
    sample_throughput: 1327.456
    sample_time_ms: 3591.004
    update_time_ms: 2.824
  timestamp: 1774909554
  timesteps_since_restore: 0
  timesteps_total: 593359
  training_iteration: 84
  trial_id: 226c6_00000
  
== Status ==
Memory usage on this node: 31.2/187.0 GiB
Using FIFO scheduling algorithm.
Resources requested: 15.0/40 CPUs, 1.0/1 GPUs, 0.0/109.46 GiB heap, 0.0/50.9 GiB objects (0.0/1.0 accelerator_type:V100)
Result logdir: /storage/ice1/4/7/acheng324/soccer-twos-starter/ray_results/PPO_curriculum
Number of trials: 1/1 (1 RUNNING)
+------------------------+----------+----------------+--------+------------------+--------+----------+----------------------+----------------------+--------------------+
| Trial name             | status   | loc            |   iter |   total time (s) |     ts |   reward |   episode_reward_max |   episode_reward_min |   episode_len_mean |
|------------------------+----------+----------------+--------+------------------+--------+----------+----------------------+----------------------+--------------------|
| PPO_Soccer_226c6_00000 | RUNNING  | 0.0.0.0:796970 |     84 |          1374.14 | 593359 |  1.87744 |               1.9756 |               1.4764 |              61.49 |
+------------------------+----------+----------------+--------+------------------+--------+----------+----------------------+----------------------+--------------------+


Result for PPO_Soccer_226c6_00000:
  agent_timesteps_total: 597908
  custom_metrics: {}
  date: 2026-03-30_18-26-03
  done: false
  episode_len_mean: 59.53
  episode_media: {}
  episode_reward_max: 1.969599962234497
  episode_reward_mean: 1.8814280021190644
  episode_reward_min: 1.4456000328063965
  episodes_this_iter: 79
  episodes_total: 3715
  experiment_id: a558f9980ab944b592bcf75981dad115
  hostname: atl1-1-01-002-8-0.pace.gatech.edu
  info:
    learner:
      default_policy:
        learner_stats:
          allreduce_latency: 0.0
          cur_kl_coeff: 1.5187499999999998
          cur_lr: 4.9999999999999996e-05
          entropy: 2.132241321934594
          entropy_coeff: 0.0
          kl: 0.014262179688860973
          policy_loss: -0.13368691504001617
          total_loss: 0.012641768087632954
          vf_explained_var: 0.3673214912414551
          vf_loss: 0.12466799488498105
    num_agent_steps_sampled: 597908
    num_steps_sampled: 597908
    num_steps_trained: 597908
  iterations_since_restore: 85
  node_ip: 0.0.0.0
  num_healthy_workers: 14
  off_policy_estimator: {}
  perf:
    cpu_util_percent: 18.825
    ram_util_percent: 16.699999999999996
  pid: 796970
  policy_reward_max: {}
  policy_reward_mean: {}
  policy_reward_min: {}
  sampler_perf:
    mean_action_processing_ms: 0.09455413004751229
    mean_env_render_ms: 0.0
    mean_env_wait_ms: 17.382412829848473
    mean_inference_ms: 1.5099609825617228
    mean_raw_obs_processing_ms: 0.3049561786947742
  time_since_restore: 1383.0468382835388
  time_this_iter_s: 8.905577182769775
  time_total_s: 1383.0468382835388
  timers:
    learn_throughput: 742.056
    learn_time_ms: 6406.794
    sample_throughput: 1331.884
    sample_time_ms: 3569.53
    update_time_ms: 2.831
  timestamp: 1774909563
  timesteps_since_restore: 0
  timesteps_total: 597908
  training_iteration: 85
  trial_id: 226c6_00000
  
== Status ==
Memory usage on this node: 31.3/187.0 GiB
Using FIFO scheduling algorithm.
Resources requested: 15.0/40 CPUs, 1.0/1 GPUs, 0.0/109.46 GiB heap, 0.0/50.9 GiB objects (0.0/1.0 accelerator_type:V100)
Result logdir: /storage/ice1/4/7/acheng324/soccer-twos-starter/ray_results/PPO_curriculum
Number of trials: 1/1 (1 RUNNING)
+------------------------+----------+----------------+--------+------------------+--------+----------+----------------------+----------------------+--------------------+
| Trial name             | status   | loc            |   iter |   total time (s) |     ts |   reward |   episode_reward_max |   episode_reward_min |   episode_len_mean |
|------------------------+----------+----------------+--------+------------------+--------+----------+----------------------+----------------------+--------------------|
| PPO_Soccer_226c6_00000 | RUNNING  | 0.0.0.0:796970 |     85 |          1383.05 | 597908 |  1.88143 |               1.9696 |               1.4456 |              59.53 |
+------------------------+----------+----------------+--------+------------------+--------+----------+----------------------+----------------------+--------------------+


Result for PPO_Soccer_226c6_00000:
  agent_timesteps_total: 602436
  custom_metrics: {}
  date: 2026-03-30_18-26-12
  done: false
  episode_len_mean: 55.28
  episode_media: {}
  episode_reward_max: 1.9656000137329102
  episode_reward_mean: 1.889827995300293
  episode_reward_min: 1.5764000415802002
  episodes_this_iter: 84
  episodes_total: 3799
  experiment_id: a558f9980ab944b592bcf75981dad115
  hostname: atl1-1-01-002-8-0.pace.gatech.edu
  info:
    learner:
      default_policy:
        learner_stats:
          allreduce_latency: 0.0
          cur_kl_coeff: 1.5187499999999998
          cur_lr: 4.9999999999999996e-05
          entropy: 2.119265761640337
          entropy_coeff: 0.0
          kl: 0.01403359535874592
          policy_loss: -0.14741207136669093
          total_loss: -0.014523927588015795
          vf_explained_var: 0.3481901288032532
          vf_loss: 0.11157462125023206
    num_agent_steps_sampled: 602436
    num_steps_sampled: 602436
    num_steps_trained: 602436
  iterations_since_restore: 86
  node_ip: 0.0.0.0
  num_healthy_workers: 14
  off_policy_estimator: {}
  perf:
    cpu_util_percent: 18.62142857142857
    ram_util_percent: 16.72857142857143
  pid: 796970
  policy_reward_max: {}
  policy_reward_mean: {}
  policy_reward_min: {}
  sampler_perf:
    mean_action_processing_ms: 0.09448096788026593
    mean_env_render_ms: 0.0
    mean_env_wait_ms: 17.363535676783115
    mean_inference_ms: 1.5076946892735774
    mean_raw_obs_processing_ms: 0.30472651522241984
  time_since_restore: 1392.4989573955536
  time_this_iter_s: 9.45211911201477
  time_total_s: 1392.4989573955536
  timers:
    learn_throughput: 742.375
    learn_time_ms: 6352.852
    sample_throughput: 1345.982
    sample_time_ms: 3503.909
    update_time_ms: 2.825
  timestamp: 1774909572
  timesteps_since_restore: 0
  timesteps_total: 602436
  training_iteration: 86
  trial_id: 226c6_00000
  
== Status ==
Memory usage on this node: 31.3/187.0 GiB
Using FIFO scheduling algorithm.
Resources requested: 15.0/40 CPUs, 1.0/1 GPUs, 0.0/109.46 GiB heap, 0.0/50.9 GiB objects (0.0/1.0 accelerator_type:V100)
Result logdir: /storage/ice1/4/7/acheng324/soccer-twos-starter/ray_results/PPO_curriculum
Number of trials: 1/1 (1 RUNNING)
+------------------------+----------+----------------+--------+------------------+--------+----------+----------------------+----------------------+--------------------+
| Trial name             | status   | loc            |   iter |   total time (s) |     ts |   reward |   episode_reward_max |   episode_reward_min |   episode_len_mean |
|------------------------+----------+----------------+--------+------------------+--------+----------+----------------------+----------------------+--------------------|
| PPO_Soccer_226c6_00000 | RUNNING  | 0.0.0.0:796970 |     86 |           1392.5 | 602436 |  1.88983 |               1.9656 |               1.5764 |              55.28 |
+------------------------+----------+----------------+--------+------------------+--------+----------+----------------------+----------------------+--------------------+


Result for PPO_Soccer_226c6_00000:
  agent_timesteps_total: 607219
  custom_metrics: {}
  date: 2026-03-30_18-26-21
  done: false
  episode_len_mean: 62.18
  episode_media: {}
  episode_reward_max: 1.9808000326156616
  episode_reward_mean: 1.8760519957542419
  episode_reward_min: 1.5812000036239624
  episodes_this_iter: 77
  episodes_total: 3876
  experiment_id: a558f9980ab944b592bcf75981dad115
  hostname: atl1-1-01-002-8-0.pace.gatech.edu
  info:
    learner:
      default_policy:
        learner_stats:
          allreduce_latency: 0.0
          cur_kl_coeff: 1.5187499999999998
          cur_lr: 4.999999999999999e-05
          entropy: 2.083390900963231
          entropy_coeff: 0.0
          kl: 0.014837981397776227
          policy_loss: -0.14318674954732782
          total_loss: 0.024744718531636817
          vf_explained_var: 0.3284067213535309
          vf_loss: 0.14539628534724838
    num_agent_steps_sampled: 607219
    num_steps_sampled: 607219
    num_steps_trained: 607219
  iterations_since_restore: 87
  node_ip: 0.0.0.0
  num_healthy_workers: 14
  off_policy_estimator: {}
  perf:
    cpu_util_percent: 18.86923076923077
    ram_util_percent: 16.699999999999996
  pid: 796970
  policy_reward_max: {}
  policy_reward_mean: {}
  policy_reward_min: {}
  sampler_perf:
    mean_action_processing_ms: 0.09463353867061695
    mean_env_render_ms: 0.0
    mean_env_wait_ms: 17.38708532650334
    mean_inference_ms: 1.5091889267035956
    mean_raw_obs_processing_ms: 0.3074762356812397
  time_since_restore: 1401.8363194465637
  time_this_iter_s: 9.337362051010132
  time_total_s: 1401.8363194465637
  timers:
    learn_throughput: 742.012
    learn_time_ms: 6333.721
    sample_throughput: 1337.599
    sample_time_ms: 3513.534
    update_time_ms: 2.823
  timestamp: 1774909581
  timesteps_since_restore: 0
  timesteps_total: 607219
  training_iteration: 87
  trial_id: 226c6_00000
  
== Status ==
Memory usage on this node: 31.2/187.0 GiB
Using FIFO scheduling algorithm.
Resources requested: 15.0/40 CPUs, 1.0/1 GPUs, 0.0/109.46 GiB heap, 0.0/50.9 GiB objects (0.0/1.0 accelerator_type:V100)
Result logdir: /storage/ice1/4/7/acheng324/soccer-twos-starter/ray_results/PPO_curriculum
Number of trials: 1/1 (1 RUNNING)
+------------------------+----------+----------------+--------+------------------+--------+----------+----------------------+----------------------+--------------------+
| Trial name             | status   | loc            |   iter |   total time (s) |     ts |   reward |   episode_reward_max |   episode_reward_min |   episode_len_mean |
|------------------------+----------+----------------+--------+------------------+--------+----------+----------------------+----------------------+--------------------|
| PPO_Soccer_226c6_00000 | RUNNING  | 0.0.0.0:796970 |     87 |          1401.84 | 607219 |  1.87605 |               1.9808 |               1.5812 |              62.18 |
+------------------------+----------+----------------+--------+------------------+--------+----------+----------------------+----------------------+--------------------+


Result for PPO_Soccer_226c6_00000:
  agent_timesteps_total: 611738
  custom_metrics: {}
  date: 2026-03-30_18-26-31
  done: false
  episode_len_mean: 60.15
  episode_media: {}
  episode_reward_max: 1.9703999757766724
  episode_reward_mean: 1.8801559972763062
  episode_reward_min: 1.6396000385284424
  episodes_this_iter: 78
  episodes_total: 3954
  experiment_id: a558f9980ab944b592bcf75981dad115
  hostname: atl1-1-01-002-8-0.pace.gatech.edu
  info:
    learner:
      default_policy:
        learner_stats:
          allreduce_latency: 0.0
          cur_kl_coeff: 1.5187499999999998
          cur_lr: 4.9999999999999996e-05
          entropy: 2.065340383185281
          entropy_coeff: 0.0
          kl: 0.014321767078298662
          policy_loss: -0.1492734633696576
          total_loss: -0.023100133364399273
          vf_explained_var: 0.3002646863460541
          vf_loss: 0.10442214748925632
    num_agent_steps_sampled: 611738
    num_steps_sampled: 611738
    num_steps_trained: 611738
  iterations_since_restore: 88
  node_ip: 0.0.0.0
  num_healthy_workers: 14
  off_policy_estimator: {}
  perf:
    cpu_util_percent: 18.99285714285714
    ram_util_percent: 16.699999999999996
  pid: 796970
  policy_reward_max: {}
  policy_reward_mean: {}
  policy_reward_min: {}
  sampler_perf:
    mean_action_processing_ms: 0.0949710885972927
    mean_env_render_ms: 0.0
    mean_env_wait_ms: 17.449234687917485
    mean_inference_ms: 1.5149727173106344
    mean_raw_obs_processing_ms: 0.3104242184372563
  time_since_restore: 1411.2242889404297
  time_this_iter_s: 9.387969493865967
  time_total_s: 1411.2242889404297
  timers:
    learn_throughput: 777.866
    learn_time_ms: 5989.978
    sample_throughput: 1362.041
    sample_time_ms: 3420.895
    update_time_ms: 2.819
  timestamp: 1774909591
  timesteps_since_restore: 0
  timesteps_total: 611738
  training_iteration: 88
  trial_id: 226c6_00000
  
== Status ==
Memory usage on this node: 31.2/187.0 GiB
Using FIFO scheduling algorithm.
Resources requested: 15.0/40 CPUs, 1.0/1 GPUs, 0.0/109.46 GiB heap, 0.0/50.9 GiB objects (0.0/1.0 accelerator_type:V100)
Result logdir: /storage/ice1/4/7/acheng324/soccer-twos-starter/ray_results/PPO_curriculum
Number of trials: 1/1 (1 RUNNING)
+------------------------+----------+----------------+--------+------------------+--------+----------+----------------------+----------------------+--------------------+
| Trial name             | status   | loc            |   iter |   total time (s) |     ts |   reward |   episode_reward_max |   episode_reward_min |   episode_len_mean |
|------------------------+----------+----------------+--------+------------------+--------+----------+----------------------+----------------------+--------------------|
| PPO_Soccer_226c6_00000 | RUNNING  | 0.0.0.0:796970 |     88 |          1411.22 | 611738 |  1.88016 |               1.9704 |               1.6396 |              60.15 |
+------------------------+----------+----------------+--------+------------------+--------+----------+----------------------+----------------------+--------------------+


Result for PPO_Soccer_226c6_00000:
  agent_timesteps_total: 616228
  custom_metrics: {}
  date: 2026-03-30_18-26-40
  done: false
  episode_len_mean: 57.37
  episode_media: {}
  episode_reward_max: 1.9728000164031982
  episode_reward_mean: 1.8856879961490631
  episode_reward_min: 1.457200050354004
  episodes_this_iter: 79
  episodes_total: 4033
  experiment_id: a558f9980ab944b592bcf75981dad115
  hostname: atl1-1-01-002-8-0.pace.gatech.edu
  info:
    learner:
      default_policy:
        learner_stats:
          allreduce_latency: 0.0
          cur_kl_coeff: 1.5187499999999998
          cur_lr: 4.9999999999999996e-05
          entropy: 2.0494536492559643
          entropy_coeff: 0.0
          kl: 0.01456268036013676
          policy_loss: -0.13675391653345692
          total_loss: 0.02168183191679418
          vf_explained_var: 0.31748417019844055
          vf_loss: 0.13631867782937157
    num_agent_steps_sampled: 616228
    num_steps_sampled: 616228
    num_steps_trained: 616228
  iterations_since_restore: 89
  node_ip: 0.0.0.0
  num_healthy_workers: 14
  off_policy_estimator: {}
  perf:
    cpu_util_percent: 18.599999999999998
    ram_util_percent: 16.699999999999996
  pid: 796970
  policy_reward_max: {}
  policy_reward_mean: {}
  policy_reward_min: {}
  sampler_perf:
    mean_action_processing_ms: 0.09491356660486346
    mean_env_render_ms: 0.0
    mean_env_wait_ms: 17.452757921105277
    mean_inference_ms: 1.5153039691096724
    mean_raw_obs_processing_ms: 0.31203503742125777
  time_since_restore: 1420.0787987709045
  time_this_iter_s: 8.854509830474854
  time_total_s: 1420.0787987709045
  timers:
    learn_throughput: 775.646
    learn_time_ms: 5926.285
    sample_throughput: 1377.303
    sample_time_ms: 3337.464
    update_time_ms: 2.818
  timestamp: 1774909600
  timesteps_since_restore: 0
  timesteps_total: 616228
  training_iteration: 89
  trial_id: 226c6_00000
  
== Status ==
Memory usage on this node: 31.2/187.0 GiB
Using FIFO scheduling algorithm.
Resources requested: 15.0/40 CPUs, 1.0/1 GPUs, 0.0/109.46 GiB heap, 0.0/50.9 GiB objects (0.0/1.0 accelerator_type:V100)
Result logdir: /storage/ice1/4/7/acheng324/soccer-twos-starter/ray_results/PPO_curriculum
Number of trials: 1/1 (1 RUNNING)
+------------------------+----------+----------------+--------+------------------+--------+----------+----------------------+----------------------+--------------------+
| Trial name             | status   | loc            |   iter |   total time (s) |     ts |   reward |   episode_reward_max |   episode_reward_min |   episode_len_mean |
|------------------------+----------+----------------+--------+------------------+--------+----------+----------------------+----------------------+--------------------|
| PPO_Soccer_226c6_00000 | RUNNING  | 0.0.0.0:796970 |     89 |          1420.08 | 616228 |  1.88569 |               1.9728 |               1.4572 |              57.37 |
+------------------------+----------+----------------+--------+------------------+--------+----------+----------------------+----------------------+--------------------+


Result for PPO_Soccer_226c6_00000:
  agent_timesteps_total: 620708
  custom_metrics: {}
  date: 2026-03-30_18-26-48
  done: false
  episode_len_mean: 59.96
  episode_media: {}
  episode_reward_max: 1.9736000299453735
  episode_reward_mean: 1.8805799996852874
  episode_reward_min: 1.457200050354004
  episodes_this_iter: 79
  episodes_total: 4112
  experiment_id: a558f9980ab944b592bcf75981dad115
  hostname: atl1-1-01-002-8-0.pace.gatech.edu
  info:
    learner:
      default_policy:
        learner_stats:
          allreduce_latency: 0.0
          cur_kl_coeff: 1.51875
          cur_lr: 4.9999999999999996e-05
          entropy: 2.0782420158386232
          entropy_coeff: 0.0
          kl: 0.013684277715427535
          policy_loss: -0.1388366623116391
          total_loss: -0.02289359588176012
          vf_explained_var: 0.33332541584968567
          vf_loss: 0.09516007282904217
    num_agent_steps_sampled: 620708
    num_steps_sampled: 620708
    num_steps_trained: 620708
  iterations_since_restore: 90
  node_ip: 0.0.0.0
  num_healthy_workers: 14
  off_policy_estimator: {}
  perf:
    cpu_util_percent: 18.946153846153845
    ram_util_percent: 16.699999999999996
  pid: 796970
  policy_reward_max: {}
  policy_reward_mean: {}
  policy_reward_min: {}
  sampler_perf:
    mean_action_processing_ms: 0.09497684426979731
    mean_env_render_ms: 0.0
    mean_env_wait_ms: 17.448916945688055
    mean_inference_ms: 1.5140380907027657
    mean_raw_obs_processing_ms: 0.31281581400558944
  time_since_restore: 1428.8240654468536
  time_this_iter_s: 8.745266675949097
  time_total_s: 1428.8240654468536
  timers:
    learn_throughput: 777.981
    learn_time_ms: 5842.304
    sample_throughput: 1391.028
    sample_time_ms: 3267.512
    update_time_ms: 2.808
  timestamp: 1774909608
  timesteps_since_restore: 0
  timesteps_total: 620708
  training_iteration: 90
  trial_id: 226c6_00000
  
== Status ==
Memory usage on this node: 31.2/187.0 GiB
Using FIFO scheduling algorithm.
Resources requested: 15.0/40 CPUs, 1.0/1 GPUs, 0.0/109.46 GiB heap, 0.0/50.9 GiB objects (0.0/1.0 accelerator_type:V100)
Result logdir: /storage/ice1/4/7/acheng324/soccer-twos-starter/ray_results/PPO_curriculum
Number of trials: 1/1 (1 RUNNING)
+------------------------+----------+----------------+--------+------------------+--------+----------+----------------------+----------------------+--------------------+
| Trial name             | status   | loc            |   iter |   total time (s) |     ts |   reward |   episode_reward_max |   episode_reward_min |   episode_len_mean |
|------------------------+----------+----------------+--------+------------------+--------+----------+----------------------+----------------------+--------------------|
| PPO_Soccer_226c6_00000 | RUNNING  | 0.0.0.0:796970 |     90 |          1428.82 | 620708 |  1.88058 |               1.9736 |               1.4572 |              59.96 |
+------------------------+----------+----------------+--------+------------------+--------+----------+----------------------+----------------------+--------------------+


Result for PPO_Soccer_226c6_00000:
  agent_timesteps_total: 625246
  custom_metrics: {}
  date: 2026-03-30_18-26-58
  done: false
  episode_len_mean: 52.68
  episode_media: {}
  episode_reward_max: 1.9687999486923218
  episode_reward_mean: 1.8950239944458007
  episode_reward_min: 1.6632000207901
  episodes_this_iter: 85
  episodes_total: 4197
  experiment_id: a558f9980ab944b592bcf75981dad115
  hostname: atl1-1-01-002-8-0.pace.gatech.edu
  info:
    learner:
      default_policy:
        learner_stats:
          allreduce_latency: 0.0
          cur_kl_coeff: 1.5187499999999998
          cur_lr: 4.9999999999999996e-05
          entropy: 2.035294877158271
          entropy_coeff: 0.0
          kl: 0.014182661996326514
          policy_loss: -0.14483492474796045
          total_loss: -0.023382279323413968
          vf_explained_var: 0.36921995878219604
          vf_loss: 0.09991272828645176
    num_agent_steps_sampled: 625246
    num_steps_sampled: 625246
    num_steps_trained: 625246
  iterations_since_restore: 91
  node_ip: 0.0.0.0
  num_healthy_workers: 14
  off_policy_estimator: {}
  perf:
    cpu_util_percent: 20.315384615384616
    ram_util_percent: 16.73846153846154
  pid: 796970
  policy_reward_max: {}
  policy_reward_mean: {}
  policy_reward_min: {}
  sampler_perf:
    mean_action_processing_ms: 0.09504711531610793
    mean_env_render_ms: 0.0
    mean_env_wait_ms: 17.463925205147284
    mean_inference_ms: 1.5149105320932683
    mean_raw_obs_processing_ms: 0.31348494608622934
  time_since_restore: 1438.267212152481
  time_this_iter_s: 9.443146705627441
  time_total_s: 1438.267212152481
  timers:
    learn_throughput: 777.806
    learn_time_ms: 5842.074
    sample_throughput: 1382.711
    sample_time_ms: 3286.298
    update_time_ms: 2.816
  timestamp: 1774909618
  timesteps_since_restore: 0
  timesteps_total: 625246
  training_iteration: 91
  trial_id: 226c6_00000
  
== Status ==
Memory usage on this node: 31.4/187.0 GiB
Using FIFO scheduling algorithm.
Resources requested: 15.0/40 CPUs, 1.0/1 GPUs, 0.0/109.46 GiB heap, 0.0/50.9 GiB objects (0.0/1.0 accelerator_type:V100)
Result logdir: /storage/ice1/4/7/acheng324/soccer-twos-starter/ray_results/PPO_curriculum
Number of trials: 1/1 (1 RUNNING)
+------------------------+----------+----------------+--------+------------------+--------+----------+----------------------+----------------------+--------------------+
| Trial name             | status   | loc            |   iter |   total time (s) |     ts |   reward |   episode_reward_max |   episode_reward_min |   episode_len_mean |
|------------------------+----------+----------------+--------+------------------+--------+----------+----------------------+----------------------+--------------------|
| PPO_Soccer_226c6_00000 | RUNNING  | 0.0.0.0:796970 |     91 |          1438.27 | 625246 |  1.89502 |               1.9688 |               1.6632 |              52.68 |
+------------------------+----------+----------------+--------+------------------+--------+----------+----------------------+----------------------+--------------------+


Result for PPO_Soccer_226c6_00000:
  agent_timesteps_total: 629767
  custom_metrics: {}
  date: 2026-03-30_18-27-07
  done: false
  episode_len_mean: 59.61
  episode_media: {}
  episode_reward_max: 1.979200005531311
  episode_reward_mean: 1.881191999912262
  episode_reward_min: 1.6535999774932861
  episodes_this_iter: 78
  episodes_total: 4275
  experiment_id: a558f9980ab944b592bcf75981dad115
  hostname: atl1-1-01-002-8-0.pace.gatech.edu
  info:
    learner:
      default_policy:
        learner_stats:
          allreduce_latency: 0.0
          cur_kl_coeff: 1.5187499999999998
          cur_lr: 4.9999999999999996e-05
          entropy: 2.005001667473051
          entropy_coeff: 0.0
          kl: 0.014883826900687482
          policy_loss: -0.148840031793548
          total_loss: -0.027067757573806576
          vf_explained_var: 0.3443101644515991
          vf_loss: 0.09916746264530553
    num_agent_steps_sampled: 629767
    num_steps_sampled: 629767
    num_steps_trained: 629767
  iterations_since_restore: 92
  node_ip: 0.0.0.0
  num_healthy_workers: 14
  off_policy_estimator: {}
  perf:
    cpu_util_percent: 21.26153846153846
    ram_util_percent: 16.86923076923077
  pid: 796970
  policy_reward_max: {}
  policy_reward_mean: {}
  policy_reward_min: {}
  sampler_perf:
    mean_action_processing_ms: 0.09550870651332391
    mean_env_render_ms: 0.0
    mean_env_wait_ms: 17.49755644173163
    mean_inference_ms: 1.5177857797880256
    mean_raw_obs_processing_ms: 0.3166640083465691
  time_since_restore: 1447.1762020587921
  time_this_iter_s: 8.908989906311035
  time_total_s: 1447.1762020587921
  timers:
    learn_throughput: 776.689
    learn_time_ms: 5878.156
    sample_throughput: 1386.976
    sample_time_ms: 3291.694
    update_time_ms: 2.822
  timestamp: 1774909627
  timesteps_since_restore: 0
  timesteps_total: 629767
  training_iteration: 92
  trial_id: 226c6_00000
  
== Status ==
Memory usage on this node: 31.6/187.0 GiB
Using FIFO scheduling algorithm.
Resources requested: 15.0/40 CPUs, 1.0/1 GPUs, 0.0/109.46 GiB heap, 0.0/50.9 GiB objects (0.0/1.0 accelerator_type:V100)
Result logdir: /storage/ice1/4/7/acheng324/soccer-twos-starter/ray_results/PPO_curriculum
Number of trials: 1/1 (1 RUNNING)
+------------------------+----------+----------------+--------+------------------+--------+----------+----------------------+----------------------+--------------------+
| Trial name             | status   | loc            |   iter |   total time (s) |     ts |   reward |   episode_reward_max |   episode_reward_min |   episode_len_mean |
|------------------------+----------+----------------+--------+------------------+--------+----------+----------------------+----------------------+--------------------|
| PPO_Soccer_226c6_00000 | RUNNING  | 0.0.0.0:796970 |     92 |          1447.18 | 629767 |  1.88119 |               1.9792 |               1.6536 |              59.61 |
+------------------------+----------+----------------+--------+------------------+--------+----------+----------------------+----------------------+--------------------+


Result for PPO_Soccer_226c6_00000:
  agent_timesteps_total: 634293
  custom_metrics: {}
  date: 2026-03-30_18-27-16
  done: false
  episode_len_mean: 63.31
  episode_media: {}
  episode_reward_max: 1.979599952697754
  episode_reward_mean: 1.8737880051136018
  episode_reward_min: 1.601199984550476
  episodes_this_iter: 72
  episodes_total: 4347
  experiment_id: a558f9980ab944b592bcf75981dad115
  hostname: atl1-1-01-002-8-0.pace.gatech.edu
  info:
    learner:
      default_policy:
        learner_stats:
          allreduce_latency: 0.0
          cur_kl_coeff: 1.5187499999999998
          cur_lr: 4.9999999999999996e-05
          entropy: 1.9933309157689412
          entropy_coeff: 0.0
          kl: 0.0144366221761124
          policy_loss: -0.1391636386203269
          total_loss: 0.019595046010282304
          vf_explained_var: 0.2639879882335663
          vf_loss: 0.1368330665346649
    num_agent_steps_sampled: 634293
    num_steps_sampled: 634293
    num_steps_trained: 634293
  iterations_since_restore: 93
  node_ip: 0.0.0.0
  num_healthy_workers: 14
  off_policy_estimator: {}
  perf:
    cpu_util_percent: 20.299999999999994
    ram_util_percent: 17.185714285714287
  pid: 796970
  policy_reward_max: {}
  policy_reward_mean: {}
  policy_reward_min: {}
  sampler_perf:
    mean_action_processing_ms: 0.09551017731918478
    mean_env_render_ms: 0.0
    mean_env_wait_ms: 17.507851667455363
    mean_inference_ms: 1.5175322519783572
    mean_raw_obs_processing_ms: 0.3176968338137787
  time_since_restore: 1456.7833642959595
  time_this_iter_s: 9.607162237167358
  time_total_s: 1456.7833642959595
  timers:
    learn_throughput: 774.847
    learn_time_ms: 5886.192
    sample_throughput: 1396.956
    sample_time_ms: 3264.885
    update_time_ms: 2.833
  timestamp: 1774909636
  timesteps_since_restore: 0
  timesteps_total: 634293
  training_iteration: 93
  trial_id: 226c6_00000
  
== Status ==
Memory usage on this node: 32.6/187.0 GiB
Using FIFO scheduling algorithm.
Resources requested: 15.0/40 CPUs, 1.0/1 GPUs, 0.0/109.46 GiB heap, 0.0/50.9 GiB objects (0.0/1.0 accelerator_type:V100)
Result logdir: /storage/ice1/4/7/acheng324/soccer-twos-starter/ray_results/PPO_curriculum
Number of trials: 1/1 (1 RUNNING)
+------------------------+----------+----------------+--------+------------------+--------+----------+----------------------+----------------------+--------------------+
| Trial name             | status   | loc            |   iter |   total time (s) |     ts |   reward |   episode_reward_max |   episode_reward_min |   episode_len_mean |
|------------------------+----------+----------------+--------+------------------+--------+----------+----------------------+----------------------+--------------------|
| PPO_Soccer_226c6_00000 | RUNNING  | 0.0.0.0:796970 |     93 |          1456.78 | 634293 |  1.87379 |               1.9796 |               1.6012 |              63.31 |
+------------------------+----------+----------------+--------+------------------+--------+----------+----------------------+----------------------+--------------------+


Result for PPO_Soccer_226c6_00000:
  agent_timesteps_total: 638842
  custom_metrics: {}
  date: 2026-03-30_18-27-26
  done: false
  episode_len_mean: 59.07
  episode_media: {}
  episode_reward_max: 1.9739999771118164
  episode_reward_mean: 1.8822799944877624
  episode_reward_min: 1.6023999452590942
  episodes_this_iter: 76
  episodes_total: 4423
  experiment_id: a558f9980ab944b592bcf75981dad115
  hostname: atl1-1-01-002-8-0.pace.gatech.edu
  info:
    learner:
      default_policy:
        learner_stats:
          allreduce_latency: 0.0
          cur_kl_coeff: 1.5187499999999998
          cur_lr: 4.9999999999999996e-05
          entropy: 1.9706949955887265
          entropy_coeff: 0.0
          kl: 0.013983087458958229
          policy_loss: -0.13681804023993513
          total_loss: 0.015190433969514238
          vf_explained_var: 0.2862403392791748
          vf_loss: 0.13077165703806612
    num_agent_steps_sampled: 638842
    num_steps_sampled: 638842
    num_steps_trained: 638842
  iterations_since_restore: 94
  node_ip: 0.0.0.0
  num_healthy_workers: 14
  off_policy_estimator: {}
  perf:
    cpu_util_percent: 21.084615384615386
    ram_util_percent: 17.269230769230774
  pid: 796970
  policy_reward_max: {}
  policy_reward_mean: {}
  policy_reward_min: {}
  sampler_perf:
    mean_action_processing_ms: 0.09564482044338352
    mean_env_render_ms: 0.0
    mean_env_wait_ms: 17.514917343253533
    mean_inference_ms: 1.5175086825185446
    mean_raw_obs_processing_ms: 0.317637835544929
  time_since_restore: 1466.2570123672485
  time_this_iter_s: 9.473648071289062
  time_total_s: 1466.2570123672485
  timers:
    learn_throughput: 773.898
    learn_time_ms: 5877.131
    sample_throughput: 1379.381
    sample_time_ms: 3297.349
    update_time_ms: 2.829
  timestamp: 1774909646
  timesteps_since_restore: 0
  timesteps_total: 638842
  training_iteration: 94
  trial_id: 226c6_00000
  
== Status ==
Memory usage on this node: 31.4/187.0 GiB
Using FIFO scheduling algorithm.
Resources requested: 15.0/40 CPUs, 1.0/1 GPUs, 0.0/109.46 GiB heap, 0.0/50.9 GiB objects (0.0/1.0 accelerator_type:V100)
Result logdir: /storage/ice1/4/7/acheng324/soccer-twos-starter/ray_results/PPO_curriculum
Number of trials: 1/1 (1 RUNNING)
+------------------------+----------+----------------+--------+------------------+--------+----------+----------------------+----------------------+--------------------+
| Trial name             | status   | loc            |   iter |   total time (s) |     ts |   reward |   episode_reward_max |   episode_reward_min |   episode_len_mean |
|------------------------+----------+----------------+--------+------------------+--------+----------+----------------------+----------------------+--------------------|
| PPO_Soccer_226c6_00000 | RUNNING  | 0.0.0.0:796970 |     94 |          1466.26 | 638842 |  1.88228 |                1.974 |               1.6024 |              59.07 |
+------------------------+----------+----------------+--------+------------------+--------+----------+----------------------+----------------------+--------------------+


Result for PPO_Soccer_226c6_00000:
  agent_timesteps_total: 643488
  custom_metrics: {}
  date: 2026-03-30_18-27-35
  done: false
  episode_len_mean: 56.64
  episode_media: {}
  episode_reward_max: 1.996000051498413
  episode_reward_mean: 1.8871599972248077
  episode_reward_min: 1.4348000288009644
  episodes_this_iter: 83
  episodes_total: 4506
  experiment_id: a558f9980ab944b592bcf75981dad115
  hostname: atl1-1-01-002-8-0.pace.gatech.edu
  info:
    learner:
      default_policy:
        learner_stats:
          allreduce_latency: 0.0
          cur_kl_coeff: 1.5187499999999998
          cur_lr: 4.999999999999999e-05
          entropy: 1.9636111774960079
          entropy_coeff: 0.0
          kl: 0.013711782877106924
          policy_loss: -0.1352922529284213
          total_loss: 0.03302814544656792
          vf_explained_var: 0.34003573656082153
          vf_loss: 0.1474956265977911
    num_agent_steps_sampled: 643488
    num_steps_sampled: 643488
    num_steps_trained: 643488
  iterations_since_restore: 95
  node_ip: 0.0.0.0
  num_healthy_workers: 14
  off_policy_estimator: {}
  perf:
    cpu_util_percent: 18.66923076923077
    ram_util_percent: 16.78461538461539
  pid: 796970
  policy_reward_max: {}
  policy_reward_mean: {}
  policy_reward_min: {}
  sampler_perf:
    mean_action_processing_ms: 0.09531154227959072
    mean_env_render_ms: 0.0
    mean_env_wait_ms: 17.509040365263353
    mean_inference_ms: 1.5150014553824747
    mean_raw_obs_processing_ms: 0.31937959589046405
  time_since_restore: 1475.4514801502228
  time_this_iter_s: 9.194467782974243
  time_total_s: 1475.4514801502228
  timers:
    learn_throughput: 772.948
    learn_time_ms: 5896.907
    sample_throughput: 1378.486
    sample_time_ms: 3306.527
    update_time_ms: 2.823
  timestamp: 1774909655
  timesteps_since_restore: 0
  timesteps_total: 643488
  training_iteration: 95
  trial_id: 226c6_00000
  
== Status ==
Memory usage on this node: 31.3/187.0 GiB
Using FIFO scheduling algorithm.
Resources requested: 15.0/40 CPUs, 1.0/1 GPUs, 0.0/109.46 GiB heap, 0.0/50.9 GiB objects (0.0/1.0 accelerator_type:V100)
Result logdir: /storage/ice1/4/7/acheng324/soccer-twos-starter/ray_results/PPO_curriculum
Number of trials: 1/1 (1 RUNNING)
+------------------------+----------+----------------+--------+------------------+--------+----------+----------------------+----------------------+--------------------+
| Trial name             | status   | loc            |   iter |   total time (s) |     ts |   reward |   episode_reward_max |   episode_reward_min |   episode_len_mean |
|------------------------+----------+----------------+--------+------------------+--------+----------+----------------------+----------------------+--------------------|
| PPO_Soccer_226c6_00000 | RUNNING  | 0.0.0.0:796970 |     95 |          1475.45 | 643488 |  1.88716 |                1.996 |               1.4348 |              56.64 |
+------------------------+----------+----------------+--------+------------------+--------+----------+----------------------+----------------------+--------------------+


Result for PPO_Soccer_226c6_00000:
  agent_timesteps_total: 648245
  custom_metrics: {}
  date: 2026-03-30_18-27-45
  done: false
  episode_len_mean: 55.41
  episode_media: {}
  episode_reward_max: 1.97160005569458
  episode_reward_mean: 1.8896799969673157
  episode_reward_min: 1.539199948310852
  episodes_this_iter: 86
  episodes_total: 4592
  experiment_id: a558f9980ab944b592bcf75981dad115
  hostname: atl1-1-01-002-8-0.pace.gatech.edu
  info:
    learner:
      default_policy:
        learner_stats:
          allreduce_latency: 0.0
          cur_kl_coeff: 1.5187499999999998
          cur_lr: 4.999999999999999e-05
          entropy: 1.9592883022207963
          entropy_coeff: 0.0
          kl: 0.01406764663069656
          policy_loss: -0.15071406529137962
          total_loss: 0.0004814044131260169
          vf_explained_var: 0.3302300274372101
          vf_loss: 0.1298302321841842
    num_agent_steps_sampled: 648245
    num_steps_sampled: 648245
    num_steps_trained: 648245
  iterations_since_restore: 96
  node_ip: 0.0.0.0
  num_healthy_workers: 14
  off_policy_estimator: {}
  perf:
    cpu_util_percent: 17.892857142857146
    ram_util_percent: 16.721428571428568
  pid: 796970
  policy_reward_max: {}
  policy_reward_mean: {}
  policy_reward_min: {}
  sampler_perf:
    mean_action_processing_ms: 0.09584858646421637
    mean_env_render_ms: 0.0
    mean_env_wait_ms: 17.550878329848924
    mean_inference_ms: 1.5207686071185345
    mean_raw_obs_processing_ms: 0.320959076171989
  time_since_restore: 1485.0214867591858
  time_this_iter_s: 9.570006608963013
  time_total_s: 1485.0214867591858
  timers:
    learn_throughput: 771.623
    learn_time_ms: 5936.707
    sample_throughput: 1397.281
    sample_time_ms: 3278.438
    update_time_ms: 2.831
  timestamp: 1774909665
  timesteps_since_restore: 0
  timesteps_total: 648245
  training_iteration: 96
  trial_id: 226c6_00000
  
== Status ==
Memory usage on this node: 31.3/187.0 GiB
Using FIFO scheduling algorithm.
Resources requested: 15.0/40 CPUs, 1.0/1 GPUs, 0.0/109.46 GiB heap, 0.0/50.9 GiB objects (0.0/1.0 accelerator_type:V100)
Result logdir: /storage/ice1/4/7/acheng324/soccer-twos-starter/ray_results/PPO_curriculum
Number of trials: 1/1 (1 RUNNING)
+------------------------+----------+----------------+--------+------------------+--------+----------+----------------------+----------------------+--------------------+
| Trial name             | status   | loc            |   iter |   total time (s) |     ts |   reward |   episode_reward_max |   episode_reward_min |   episode_len_mean |
|------------------------+----------+----------------+--------+------------------+--------+----------+----------------------+----------------------+--------------------|
| PPO_Soccer_226c6_00000 | RUNNING  | 0.0.0.0:796970 |     96 |          1485.02 | 648245 |  1.88968 |               1.9716 |               1.5392 |              55.41 |
+------------------------+----------+----------------+--------+------------------+--------+----------+----------------------+----------------------+--------------------+


Result for PPO_Soccer_226c6_00000:
  agent_timesteps_total: 652850
  custom_metrics: {}
  date: 2026-03-30_18-27-55
  done: false
  episode_len_mean: 51.57
  episode_media: {}
  episode_reward_max: 1.9744000434875488
  episode_reward_mean: 1.8971840035915375
  episode_reward_min: 1.618399977684021
  episodes_this_iter: 88
  episodes_total: 4680
  experiment_id: a558f9980ab944b592bcf75981dad115
  hostname: atl1-1-01-002-8-0.pace.gatech.edu
  info:
    learner:
      default_policy:
        learner_stats:
          allreduce_latency: 0.0
          cur_kl_coeff: 1.5187499999999998
          cur_lr: 4.9999999999999996e-05
          entropy: 1.9182766642835405
          entropy_coeff: 0.0
          kl: 0.013949190602741308
          policy_loss: -0.13904351316806343
          total_loss: -0.002597769722342491
          vf_explained_var: 0.3114539384841919
          vf_loss: 0.11526040877732965
    num_agent_steps_sampled: 652850
    num_steps_sampled: 652850
    num_steps_trained: 652850
  iterations_since_restore: 97
  node_ip: 0.0.0.0
  num_healthy_workers: 14
  off_policy_estimator: {}
  perf:
    cpu_util_percent: 18.87857142857143
    ram_util_percent: 16.735714285714288
  pid: 796970
  policy_reward_max: {}
  policy_reward_mean: {}
  policy_reward_min: {}
  sampler_perf:
    mean_action_processing_ms: 0.09578854630016156
    mean_env_render_ms: 0.0
    mean_env_wait_ms: 17.554731512677453
    mean_inference_ms: 1.5214226194193756
    mean_raw_obs_processing_ms: 0.32228596547619
  time_since_restore: 1494.7488896846771
  time_this_iter_s: 9.727402925491333
  time_total_s: 1494.7488896846771
  timers:
    learn_throughput: 772.325
    learn_time_ms: 5908.264
    sample_throughput: 1363.833
    sample_time_ms: 3345.791
    update_time_ms: 2.827
  timestamp: 1774909675
  timesteps_since_restore: 0
  timesteps_total: 652850
  training_iteration: 97
  trial_id: 226c6_00000
  
== Status ==
Memory usage on this node: 31.3/187.0 GiB
Using FIFO scheduling algorithm.
Resources requested: 15.0/40 CPUs, 1.0/1 GPUs, 0.0/109.46 GiB heap, 0.0/50.9 GiB objects (0.0/1.0 accelerator_type:V100)
Result logdir: /storage/ice1/4/7/acheng324/soccer-twos-starter/ray_results/PPO_curriculum
Number of trials: 1/1 (1 RUNNING)
+------------------------+----------+----------------+--------+------------------+--------+----------+----------------------+----------------------+--------------------+
| Trial name             | status   | loc            |   iter |   total time (s) |     ts |   reward |   episode_reward_max |   episode_reward_min |   episode_len_mean |
|------------------------+----------+----------------+--------+------------------+--------+----------+----------------------+----------------------+--------------------|
| PPO_Soccer_226c6_00000 | RUNNING  | 0.0.0.0:796970 |     97 |          1494.75 | 652850 |  1.89718 |               1.9744 |               1.6184 |              51.57 |
+------------------------+----------+----------------+--------+------------------+--------+----------+----------------------+----------------------+--------------------+


Result for PPO_Soccer_226c6_00000:
  agent_timesteps_total: 657232
  custom_metrics: {}
  date: 2026-03-30_18-28-04
  done: true
  episode_len_mean: 46.97
  episode_media: {}
  episode_reward_max: 1.9708000421524048
  episode_reward_mean: 1.906387996673584
  episode_reward_min: 1.479200005531311
  episodes_this_iter: 91
  episodes_total: 4771
  experiment_id: a558f9980ab944b592bcf75981dad115
  hostname: atl1-1-01-002-8-0.pace.gatech.edu
  info:
    learner:
      default_policy:
        learner_stats:
          allreduce_latency: 0.0
          cur_kl_coeff: 1.51875
          cur_lr: 4.9999999999999996e-05
          entropy: 1.928229788371495
          entropy_coeff: 0.0
          kl: 0.014044429122337273
          policy_loss: -0.12890328434961182
          total_loss: 0.019568565115332604
          vf_explained_var: 0.3482895493507385
          vf_loss: 0.12714187204837799
    num_agent_steps_sampled: 657232
    num_steps_sampled: 657232
    num_steps_trained: 657232
  iterations_since_restore: 98
  node_ip: 0.0.0.0
  num_healthy_workers: 14
  off_policy_estimator: {}
  perf:
    cpu_util_percent: 17.769230769230766
    ram_util_percent: 16.800000000000004
  pid: 796970
  policy_reward_max: {}
  policy_reward_mean: {}
  policy_reward_min: {}
  sampler_perf:
    mean_action_processing_ms: 0.0963241154330456
    mean_env_render_ms: 0.0
    mean_env_wait_ms: 17.631153275250924
    mean_inference_ms: 1.5288928421404149
    mean_raw_obs_processing_ms: 0.32659830344718643
  time_since_restore: 1503.9333868026733
  time_this_iter_s: 9.184497117996216
  time_total_s: 1503.9333868026733
  timers:
    learn_throughput: 771.524
    learn_time_ms: 5896.638
    sample_throughput: 1363.253
    sample_time_ms: 3337.164
    update_time_ms: 2.822
  timestamp: 1774909684
  timesteps_since_restore: 0
  timesteps_total: 657232
  training_iteration: 98
  trial_id: 226c6_00000
  
== Status ==
Memory usage on this node: 31.4/187.0 GiB
Using FIFO scheduling algorithm.
Resources requested: 15.0/40 CPUs, 1.0/1 GPUs, 0.0/109.46 GiB heap, 0.0/50.9 GiB objects (0.0/1.0 accelerator_type:V100)
Result logdir: /storage/ice1/4/7/acheng324/soccer-twos-starter/ray_results/PPO_curriculum
Number of trials: 1/1 (1 RUNNING)
+------------------------+----------+----------------+--------+------------------+--------+----------+----------------------+----------------------+--------------------+
| Trial name             | status   | loc            |   iter |   total time (s) |     ts |   reward |   episode_reward_max |   episode_reward_min |   episode_len_mean |
|------------------------+----------+----------------+--------+------------------+--------+----------+----------------------+----------------------+--------------------|
| PPO_Soccer_226c6_00000 | RUNNING  | 0.0.0.0:796970 |     98 |          1503.93 | 657232 |  1.90639 |               1.9708 |               1.4792 |              46.97 |
+------------------------+----------+----------------+--------+------------------+--------+----------+----------------------+----------------------+--------------------+


== Status ==
Memory usage on this node: 31.4/187.0 GiB
Using FIFO scheduling algorithm.
Resources requested: 0/40 CPUs, 0/1 GPUs, 0.0/109.46 GiB heap, 0.0/50.9 GiB objects (0.0/1.0 accelerator_type:V100)
Result logdir: /storage/ice1/4/7/acheng324/soccer-twos-starter/ray_results/PPO_curriculum
Number of trials: 1/1 (1 TERMINATED)
+------------------------+------------+-------+--------+------------------+--------+----------+----------------------+----------------------+--------------------+
| Trial name             | status     | loc   |   iter |   total time (s) |     ts |   reward |   episode_reward_max |   episode_reward_min |   episode_len_mean |
|------------------------+------------+-------+--------+------------------+--------+----------+----------------------+----------------------+--------------------|
| PPO_Soccer_226c6_00000 | TERMINATED |       |     98 |          1503.93 | 657232 |  1.90639 |               1.9708 |               1.4792 |              46.97 |
+------------------------+------------+-------+--------+------------------+--------+----------+----------------------+----------------------+--------------------+


PPO_Soccer_226c6_00000
/storage/ice1/4/7/acheng324/soccer-twos-starter/ray_results/PPO_curriculum/PPO_Soccer_226c6_00000_0_2026-03-30_18-02-25/checkpoint_000098/checkpoint-98
Done training
=== Job finished at Mon Mar 30 18:28:21 EDT 2026 ===
---------------------------------------
Begin Slurm Epilog: Mar-30-2026 18:28:22
Job ID:        4557845
User ID:       acheng324
Account:       coc
Job name:      soccertwos
Resources:     cpu=16,gres/gpu:v100=1,mem=48G,node=1
Rsrc Used:     cput=07:19:28,vmem=0,walltime=00:27:28,mem=12295400K,energy_used=0
Partition:     ice-gpu
QOS:           coc-ice
Nodes:         atl1-1-01-002-8-0
---------------------------------------
